configuration,run,population_size,generations,mutation_probability,mutation_scale,elitism,selection_percent,seed,random_seed,fitness_budget,ga_best_y,ga_x1,ga_x2,ga_x3,ga_x4,ga_x5,ga_x6,ga_x7,random_best_y,random_x1,random_x2,random_x3,random_x4,random_x5,random_x6,random_x7,ga_history
generations_100,1,100,100,5,0.5,10,70,101,10101,10100,-274.14649128782617,-2.9078800538560343,-2.9220507034328898,-2.915887979568479,-2.9143714603815214,-2.912102832862758,-2.9083850113907515,-2.888272543913017,-216.12592342796088,-2.8769604392847024,-3.392135212132464,2.330789651385982,2.165207078556824,-2.6798055586443636,-2.579362592926814,-1.6778717475955043,-151.7622002145425|-151.7622002145425|-163.87706535829096|-168.36572421784405|-182.2886327670268|-185.64527767848966|-195.76054561478475|-200.6876585550072|-208.85997111287728|-220.76922071563862|-224.05637114581438|-225.14208473202495|-228.75798991955742|-232.2431245118577|-232.2431245118577|-234.6869345281945|-235.2984894325399|-235.59381211775212|-249.2828655237869|-249.2828655237869|-252.15648042897146|-252.15648042897146|-255.2672497235131|-257.35893898884603|-257.35893898884603|-264.91383903854756|-264.91383903854756|-264.92897525119605|-267.10253358340424|-267.10253358340424|-269.68468704885413|-269.68468704885413|-269.68468704885413|-269.68468704885413|-271.94188612447914|-271.94188612447914|-273.0534399488456|-273.0534399488456|-273.359011564959|-273.359011564959|-273.3880544705804|-273.3880544705804|-273.5467847003974|-273.5467847003974|-273.5467847003974|-273.5467847003974|-273.7210993074789|-273.7210993074789|-273.7210993074789|-273.7210993074789|-273.7210993074789|-273.7210993074789|-273.7210993074789|-273.7210993074789|-273.7271041298035|-273.73835214440703|-273.76120068247576|-273.76120068247576|-273.76120068247576|-273.9140959172059|-273.99028227059193|-273.99028227059193|-274.0131308086606|-274.0131308086606|-274.0131308086606|-274.04450605323825|-274.04450605323825|-274.04450605323825|-274.08460742823513|-274.08460742823513|-274.0941352218663|-274.0941352218663|-274.0941352218663|-274.0941352218663|-274.0941352218663|-274.0941352218663|-274.0941352218663|-274.0941352218663|-274.0941352218663|-274.0941352218663|-274.0941352218663|-274.0941352218663|-274.0941352218663|-274.09462377759985|-274.09462377759985|-274.09462377759985|-274.09462377759985|-274.1004263137741|-274.12304154680385|-274.12304154680385|-274.12304154680385|-274.12304154680385|-274.12304154680385|-274.12304154680385|-274.12353010253736|-274.14020019591834|-274.14020019591834|-274.14020019591834|-274.1421214311622|-274.14649128782617|-274.14649128782617
generations_100,2,100,100,5,0.5,10,70,102,10102,10100,-274.15414324205733,-2.8890608137139746,-2.8973254197713483,-2.8968369506951728,-2.901761298662244,-2.895494412588157,-2.9156008197437195,-2.907528539931565,-242.48928865247274,-3.3988275045404883,-2.872576170835326,-2.0339069079036562,-2.999106127945522,-2.9059399054307744,-1.6722642989710979,-2.737734226852313,-183.26682859162497|-183.26682859162497|-237.37347117109258|-237.37347117109258|-239.714140549906|-239.714140549906|-258.9936853005952|-262.0907979096855|-262.0907979096855|-264.2416058251503|-264.2416058251503|-266.7716174981058|-266.79707983673785|-267.704911933234|-268.2576327223422|-271.00233686354125|-271.00233686354125|-271.506292512227|-272.0904254768383|-272.0904254768383|-272.0904254768383|-272.5552264311922|-272.5552264311922|-273.16154213549055|-273.6292200525581|-273.6292200525581|-273.68014469209726|-273.7210354580452|-273.785496137137|-273.785496137137|-273.785496137137|-273.785496137137|-273.785496137137|-273.785496137137|-273.785496137137|-273.785496137137|-273.93126490437254|-273.93126490437254|-273.93126490437254|-273.93126490437254|-273.93126490437254|-273.93126490437254|-273.93126490437254|-273.93126490437254|-273.95642862791425|-273.95642862791425|-273.95642862791425|-273.95642862791425|-273.95642862791425|-273.95642862791425|-274.1010736745035|-274.1010736745035|-274.1010736745035|-274.1010736745035|-274.10734709713046|-274.10734709713046|-274.10734709713046|-274.10734709713046|-274.10734709713046|-274.10734709713046|-274.10734709713046|-274.10734709713046|-274.10734709713046|-274.10734709713046|-274.10734709713046|-274.10734709713046|-274.10734709713046|-274.1242357578047|-274.1242357578047|-274.1242357578047|-274.1242357578047|-274.1242357578047|-274.1242357578047|-274.1242357578047|-274.12508805225565|-274.12873920960203|-274.12873920960203|-274.15067295316504|-274.15067295316504|-274.15067295316504|-274.15067295316504|-274.15067295316504|-274.15067295316504|-274.1510544789067|-274.1510544789067|-274.1510544789067|-274.1510544789067|-274.15135462645605|-274.15135462645605|-274.15135462645605|-274.15135462645605|-274.15327359027714|-274.15327359027714|-274.15327359027714|-274.15327359027714|-274.15327359027714|-274.15327359027714|-274.1535737378265|-274.1535737378265|-274.1535737378265|-274.15414324205733
generations_100,3,100,100,5,0.5,10,70,103,10103,10100,-274.1405658207682,-2.932656004788408,-2.9107616555085225,-2.91524103145863,-2.9086673940567733,-2.9020153285868573,-2.901466718768674,-2.9185732125866255,-221.91525287518544,-2.323394376520506,-3.307433043011818,-2.56296748486002,-2.5873266173836686,-3.788942947001855,2.0757491312958134,-3.3452560559270905,-177.2510376971332|-188.085941218873|-196.75114683937718|-201.42394878488992|-201.42394878488992|-201.71406658154106|-216.44845437814095|-217.82119018165352|-223.30001684026038|-237.92283959381285|-241.68981557920566|-241.68981557920566|-241.68981557920566|-249.15403546026403|-250.6157149770943|-251.0603034094094|-251.0603034094094|-252.48246757447066|-252.48246757447066|-257.0522089975121|-257.0522089975121|-257.0522089975121|-257.0522089975121|-257.0522089975121|-257.0522089975121|-261.97991577876945|-261.97991577876945|-261.97991577876945|-261.97991577876945|-261.97991577876945|-263.4431683915006|-264.45751287253563|-264.5393922352945|-268.76368526818214|-268.76368526818214|-268.76368526818214|-268.76368526818214|-271.784846192871|-272.79166262125085|-272.79166262125085|-273.1082913216249|-273.1082913216249|-273.1082913216249|-273.15691933104586|-273.27518193536906|-273.29698869421213|-273.32676838340444|-273.40156991060275|-273.52331996012003|-273.62929039420425|-273.62929039420425|-273.62929039420425|-273.62929039420425|-273.62929039420425|-273.6590142490842|-273.66292963203176|-273.8694775021157|-273.8694775021157|-273.8694775021157|-273.8694775021157|-273.9114823250551|-273.98286196652106|-273.98286196652106|-273.98286196652106|-273.98286196652106|-274.01665676503126|-274.0209839900968|-274.0209839900968|-274.0209839900968|-274.0209839900968|-274.0209839900968|-274.0209839900968|-274.03634938387387|-274.0508680651287|-274.05538785221637|-274.05538785221637|-274.10811064527707|-274.10811064527707|-274.12116069556595|-274.12116069556595|-274.12116069556595|-274.12116069556595|-274.12116069556595|-274.12116069556595|-274.12116069556595|-274.1276872515393|-274.1276872515393|-274.1276872515393|-274.1276872515393|-274.1276872515393|-274.13163953051105|-274.13163953051105|-274.1405658207682|-274.1405658207682|-274.1405658207682|-274.1405658207682|-274.1405658207682|-274.1405658207682|-274.1405658207682|-274.1405658207682|-274.1405658207682
generations_100,4,100,100,5,0.5,10,70,104,10104,10100,-274.13274980485585,-2.896273152472216,-2.9072248921638675,-2.877935358626954,-2.8903461547099853,-2.9089379102435906,-2.919679312990333,-2.8793887180502145,-230.42038841297955,-2.80281575786017,-3.073094238638289,-3.505981965756363,-2.069723989099165,-2.427046852999334,3.219832022648445,-2.292720812210003,-194.50791746980252|-194.50791746980252|-194.50791746980252|-198.0106920493085|-224.40334737541104|-224.40334737541104|-240.65166072434837|-243.66682214728712|-248.52638832985778|-248.52638832985778|-256.62059789663533|-259.77578453249436|-259.77578453249436|-259.9246078729026|-264.4003723375227|-266.91826993173083|-266.91826993173083|-266.91826993173083|-267.9246493303099|-270.9548777393409|-270.9548777393409|-271.03367175196263|-271.03367175196263|-271.9612571379199|-271.9612571379199|-271.9612571379199|-272.08308353661226|-272.08308353661226|-272.38486123039195|-272.4159501354259|-272.4159501354259|-272.53125973138964|-273.2706985685642|-273.2706985685642|-273.2706985685642|-273.2706985685642|-273.2706985685642|-273.2706985685642|-273.2706985685642|-273.4642614178137|-273.4642614178137|-273.4642614178137|-273.7054650539203|-273.7054650539203|-273.71154839518897|-273.76312983972537|-273.76312983972537|-273.76312983972537|-273.76312983972537|-273.76312983972537|-273.88456344114803|-273.88456344114803|-273.88456344114803|-273.88456344114803|-273.88456344114803|-273.93597265688425|-273.93597265688425|-273.93597265688425|-273.93597265688425|-273.9880425034127|-273.9880425034127|-273.9880425034127|-273.9880425034127|-273.9880425034127|-273.9880425034127|-274.0288716494921|-274.0534808166027|-274.0534808166027|-274.0534808166027|-274.0534808166027|-274.0796106486259|-274.0796106486259|-274.0796106486259|-274.0796106486259|-274.0796106486259|-274.0796106486259|-274.0796106486259|-274.0922064360686|-274.09425668035806|-274.09425668035806|-274.09425668035806|-274.09425668035806|-274.09425668035806|-274.09425668035806|-274.09425668035806|-274.09425668035806|-274.1073208805643|-274.1233266322402|-274.1233266322402|-274.1233266322402|-274.1233266322402|-274.1233266322402|-274.1233266322402|-274.1275185188573|-274.1275185188573|-274.12855791823876|-274.12855791823876|-274.12855791823876|-274.12855791823876|-274.12855791823876|-274.13274980485585
generations_100,5,100,100,5,0.5,10,70,105,10105,10100,-274.1449813264344,-2.9046294010514364,-2.9071674662031795,-2.8994835225065243,-2.899475438014764,-2.9031038394583435,-2.9216678757853827,-2.9293646402001987,-222.60351587544682,-3.2049770153732404,-2.195131917942761,-2.272072367974637,1.9857749322470823,-2.868200903425392,3.0017581105784785,-3.2270980921311487,-174.25324162852579|-180.39883479876354|-186.0318989785561|-205.45413605253412|-208.89810952689322|-215.17826028713802|-219.7724372675817|-226.57970490387606|-229.69942788322402|-229.69942788322402|-236.5491198684093|-240.8216976665955|-240.8216976665955|-241.99391228932328|-248.18103818642544|-248.18103818642544|-248.93841943057308|-251.76634450342465|-251.76634450342465|-254.07533011973683|-266.2256151040369|-266.2256151040369|-266.2256151040369|-266.2256151040369|-270.44528588676684|-270.44528588676684|-271.03567294217913|-271.03567294217913|-271.03567294217913|-271.8362572182211|-273.2201089013781|-273.2201089013781|-273.2201089013781|-273.2201089013781|-273.2201089013781|-273.2201089013781|-273.78984441096424|-273.78984441096424|-273.78984441096424|-273.78984441096424|-273.78984441096424|-273.78984441096424|-273.7957564577691|-273.7957564577691|-273.7957564577691|-273.7957564577691|-273.7957564577691|-273.90349955843647|-273.90349955843647|-273.90349955843647|-273.90349955843647|-273.90349955843647|-273.9468680174876|-273.9468680174876|-273.9468680174876|-273.9468680174876|-273.95254501406356|-273.95254501406356|-273.95254501406356|-273.95470946216693|-273.9549445123958|-273.9549445123958|-273.98907008466335|-273.98907008466335|-274.02978019203823|-274.02978019203823|-274.0381155402905|-274.0381155402905|-274.0381155402905|-274.03835059051937|-274.03835059051937|-274.03835059051937|-274.03835059051937|-274.03835059051937|-274.0609809154064|-274.0609809154064|-274.0609809154064|-274.0609809154064|-274.06879760143363|-274.06879760143363|-274.06879760143363|-274.07127603232766|-274.07127603232766|-274.07805687008147|-274.1087389312246|-274.1087389312246|-274.1087389312246|-274.1282841213838|-274.1282841213838|-274.1282841213838|-274.14411451894256|-274.14411451894256|-274.14411451894256|-274.14411451894256|-274.14411451894256|-274.14411451894256|-274.1449813264344|-274.1449813264344|-274.1449813264344|-274.1449813264344|-274.1449813264344
generations_100,6,100,100,5,0.5,10,70,106,10106,10100,-274.14868569672893,-2.9017870010982576,-2.9227011258609696,-2.9000573607622067,-2.9035035789048615,-2.905058123249731,-2.8842403820464075,-2.9124670767644005,-224.68821475973266,-3.9330136410632943,-2.822297862550389,2.2417840454997817,-2.7486175848179215,-2.6666921802550805,-2.2864210730689027,-2.7544707714991845,-189.5949283796713|-189.5949283796713|-207.9561974655552|-219.80582841248636|-219.80582841248636|-219.80582841248636|-232.04761430416693|-254.49388562357896|-254.49388562357896|-254.49388562357896|-262.25071303069524|-262.25071303069524|-262.25071303069524|-265.3860820272121|-265.3860820272121|-265.3860820272121|-268.94011255487453|-268.97636307479934|-268.97636307479934|-268.97636307479934|-268.97636307479934|-269.7002637729697|-269.84513184540833|-271.14363935371466|-271.2366948648249|-271.2366948648249|-271.2366948648249|-271.36226994733937|-272.35995453666953|-272.35995453666953|-272.35995453666953|-272.35995453666953|-273.06665300710466|-273.3139845704634|-273.3139845704634|-273.3139845704634|-273.5337552724415|-273.5337552724415|-273.5337552724415|-273.5337552724415|-273.5337552724415|-273.5337552724415|-273.77650104364744|-273.77650104364744|-273.77650104364744|-273.77650104364744|-273.77650104364744|-273.77650104364744|-273.77650104364744|-273.77650104364744|-273.7948715393704|-273.7948715393704|-273.7948715393704|-273.7948715393704|-273.97806358161375|-273.97806358161375|-273.97806358161375|-273.97806358161375|-274.0335731134778|-274.0335731134778|-274.0335731134778|-274.0335731134778|-274.03521546849703|-274.0422338195737|-274.0672409119927|-274.0672409119927|-274.0672409119927|-274.0672409119927|-274.0740681342458|-274.0740681342458|-274.0740825397596|-274.08788307719215|-274.08788307719215|-274.08788307719215|-274.08788307719215|-274.08788307719215|-274.09446654431997|-274.09446654431997|-274.09446654431997|-274.09446654431997|-274.09710279909575|-274.09710279909575|-274.09710279909575|-274.1275268686949|-274.1275268686949|-274.1275268686949|-274.1275268686949|-274.1275268686949|-274.14025415190457|-274.14025415190457|-274.14025415190457|-274.14025415190457|-274.14271146910414|-274.14271146910414|-274.14271146910414|-274.14271146910414|-274.14868569672893|-274.14868569672893|-274.14868569672893|-274.14868569672893|-274.14868569672893
generations_100,7,100,100,5,0.5,10,70,107,10107,10100,-274.15291973754984,-2.902298374750202,-2.9174347462485613,-2.909957708413098,-2.9075135987400547,-2.889551104560117,-2.8917596652491793,-2.9061107241320476,-225.85998393095923,-2.5225134157205797,3.230250178001562,-2.7821298321630206,-3.2038978687223874,-2.8658138864166407,-1.5545903051058652,-2.1768615844518746,-173.04263249712506|-177.3648122283526|-183.59359801068172|-203.83485762231447|-203.83485762231447|-218.16235942559138|-218.16235942559138|-218.16235942559138|-224.26141882421172|-225.796921758756|-225.796921758756|-233.05294418644075|-253.91088928874495|-253.91088928874495|-257.60314665269135|-260.09125970955984|-260.09125970955984|-260.09125970955984|-260.48148613647083|-260.7254950222765|-262.12914422204136|-265.8502425971574|-266.56661027911855|-267.13497892219885|-267.13497892219885|-269.79886314285017|-270.2214228066555|-271.1043999741746|-271.48537202777885|-271.48537202777885|-271.5262469324204|-271.92722272842263|-272.7148896715879|-272.7148896715879|-272.7148896715879|-272.7148896715879|-273.08131219700215|-273.08131219700215|-273.32352004447057|-273.32352004447057|-273.32352004447057|-273.5446568237408|-273.5446568237408|-273.5446568237408|-273.61677818446515|-273.61677818446515|-273.61677818446515|-273.7138697820614|-273.7138697820614|-273.78599114278575|-273.78599114278575|-273.9057470252398|-273.9057470252398|-273.9057470252398|-273.9057470252398|-273.9057470252398|-273.9057470252398|-273.9057470252398|-273.9057470252398|-273.9057470252398|-273.9465467138671|-273.9465467138671|-273.9465795720072|-273.9465795720072|-274.0187009327315|-274.0187009327315|-274.0187009327315|-274.0187009327315|-274.0257791827587|-274.05950062135884|-274.05950062135884|-274.13665595896515|-274.13665595896515|-274.13665595896515|-274.13665595896515|-274.13665595896515|-274.13665595896515|-274.13665595896515|-274.13665595896515|-274.13665595896515|-274.13665595896515|-274.13665595896515|-274.13665595896515|-274.13680914382996|-274.13680914382996|-274.13680914382996|-274.13680914382996|-274.13680914382996|-274.13680914382996|-274.13680914382996|-274.1419214011506|-274.1419214011506|-274.1419214011506|-274.14207458601544|-274.14207458601544|-274.14207458601544|-274.14207458601544|-274.14207458601544|-274.15291973754984|-274.15291973754984|-274.15291973754984
generations_100,8,100,100,5,0.5,10,70,108,10108,10100,-274.14086539988955,-2.897206086507636,-2.8959392015397207,-2.9199390166612003,-2.925841006450411,-2.9061229943343485,-2.920315510011681,-2.9149131306643863,-237.05795912385298,-2.3648736367909406,-2.866448267139993,-2.637834348207706,-3.2914374863464593,-2.3681264305653182,-1.2515258885422051,-2.8664339276511805,-191.8969775632986|-191.8969775632986|-191.8969775632986|-191.8969775632986|-206.3438824740736|-206.3438824740736|-216.99585761157152|-216.99585761157152|-221.1949154296321|-225.42499436548445|-250.0783818651051|-250.0783818651051|-256.459051538258|-256.459051538258|-256.46818344006255|-257.01047075892575|-259.22939808821985|-261.2330422210785|-262.0168702794353|-262.0168702794353|-262.49565784684444|-263.913192183118|-264.0351915741742|-265.4555430167175|-265.4555430167175|-266.9473077655805|-268.29881899990403|-268.29881899990403|-268.8659820932489|-268.8659820932489|-272.285205928963|-272.285205928963|-272.285205928963|-272.285205928963|-272.2919391132209|-272.43253541842694|-273.585903940098|-273.585903940098|-273.585903940098|-273.585903940098|-273.7567965759123|-273.7567965759123|-273.7567965759123|-273.7567965759123|-273.7567965759123|-273.7567965759123|-273.7567965759123|-273.7698941732716|-273.7698941732716|-273.9077604518576|-273.9077604518576|-273.9077604518576|-273.9077604518576|-273.9077604518576|-273.9600761843167|-273.9668093685746|-273.973173781676|-273.973173781676|-273.973173781676|-273.973173781676|-273.973173781676|-273.973173781676|-273.973173781676|-273.973173781676|-273.9914431588994|-273.9914431588994|-274.05349210869394|-274.05349210869394|-274.05349210869394|-274.05349210869394|-274.05349210869394|-274.05349210869394|-274.09629101067725|-274.09629101067725|-274.09629101067725|-274.09629101067725|-274.09629101067725|-274.09629101067725|-274.09629101067725|-274.09629101067725|-274.09629101067725|-274.09629101067725|-274.097674019311|-274.097674019311|-274.097674019311|-274.097674019311|-274.097674019311|-274.097674019311|-274.097674019311|-274.097674019311|-274.097674019311|-274.097674019311|-274.09787363804236|-274.0980616852927|-274.0980616852927|-274.0996443126578|-274.0996443126578|-274.14086539988955|-274.14086539988955|-274.14086539988955|-274.14086539988955
generations_100,9,100,100,5,0.5,10,70,109,10109,10100,-260.0102247497184,-2.9141528864612036,-2.914182946413637,-2.9263058080120117,-2.907980691570679,2.7358206022301017,-2.8957340302308587,-2.9060174002329733,-235.21108986335776,-3.1005417856267927,-2.7977661893879633,2.711099154640463,-3.126552383425948,-2.8146035644666267,3.246181337687254,-3.3679344456561013,-175.2647530963705|-175.2647530963705|-193.80045334902888|-193.80045334902888|-193.80045334902888|-212.8512440418933|-213.23514622033161|-221.60238472814652|-221.89023344739076|-225.26828621423903|-234.44794585996672|-234.44794585996672|-234.44794585996672|-236.43436497935875|-246.3030634284365|-246.42109024012402|-246.42109024012402|-249.78318439579365|-249.78318439579365|-250.124437673853|-250.84109392261811|-253.02827724466707|-254.628009233213|-254.66736692294927|-256.07426498483824|-256.77283198358055|-256.79092123360334|-256.79092123360334|-257.5864976729325|-257.5864976729325|-258.44940436623557|-258.44940436623557|-258.44940436623557|-259.40822160303264|-259.40822160303264|-259.40822160303264|-259.40822160303264|-259.40822160303264|-259.40822160303264|-259.40822160303264|-259.40822160303264|-259.75229068930366|-259.75229068930366|-259.75229068930366|-259.75229068930366|-259.75229068930366|-259.75229068930366|-259.75229068930366|-259.75229068930366|-259.75229068930366|-259.8650795196353|-259.8650795196353|-259.8806092873525|-259.8806092873525|-259.8806092873525|-259.8806092873525|-259.9009403214019|-259.90654544486375|-259.90654544486375|-259.90654544486375|-259.922075212581|-259.922075212581|-259.922075212581|-259.922075212581|-259.922075212581|-259.922075212581|-259.9303451996292|-259.9303451996292|-259.9303451996292|-259.9303451996292|-259.9415111862827|-259.94993742301364|-259.94993742301364|-259.94993742301364|-259.94993742301364|-259.94993742301364|-259.9564637813398|-259.9564637813398|-259.9728180387954|-259.97397918052735|-259.97397918052735|-259.97397918052735|-259.99527215466134|-259.99527215466134|-260.0102247497184|-260.0102247497184|-260.0102247497184|-260.0102247497184|-260.0102247497184|-260.0102247497184|-260.0102247497184|-260.0102247497184|-260.0102247497184|-260.0102247497184|-260.0102247497184|-260.0102247497184|-260.0102247497184|-260.0102247497184|-260.0102247497184|-260.0102247497184|-260.0102247497184
generations_100,10,100,100,5,0.5,10,70,110,10110,10100,-274.1353914907735,-2.8891908215920887,-2.889445793432915,-2.902098896538825,-2.9073607078704624,-2.8712636485647116,-2.9067912757303116,-2.8914199325541596,-233.9936285248939,-3.209337182546043,-2.5726101261282786,3.6812393860474586,-2.3793057001268214,-2.8700598836809075,-2.8477265904824653,-3.1222169025735713,-194.41130411522406|-201.55801025020259|-215.53433168808732|-222.64663227845978|-251.32177555030646|-251.32177555030646|-251.32177555030646|-254.13955339950226|-254.13955339950226|-254.13955339950226|-255.65032881755528|-263.7387291066036|-263.7387291066036|-267.24023701894424|-267.24023701894424|-267.9162913625254|-267.9162913625254|-267.9162913625254|-269.9461755636333|-269.9461755636333|-269.9461755636333|-270.3051211185948|-270.3051211185948|-270.3051211185948|-270.54089985444796|-271.1252200238125|-271.4870477773653|-271.76573485888764|-271.7944166307099|-271.9210433271577|-272.1124188720784|-272.43569697817674|-272.43569697817674|-272.7213428367935|-273.46784636798463|-273.46784636798463|-273.46784636798463|-273.54601651174|-273.900793543062|-273.900793543062|-273.90116785659086|-273.90116785659086|-273.90140868006927|-273.90140868006927|-273.9045699006522|-273.95315186823046|-273.95315186823046|-274.02235579039234|-274.02235579039234|-274.02235579039234|-274.02235579039234|-274.02235579039234|-274.03868116862384|-274.03868116862384|-274.03868116862384|-274.03868116862384|-274.03868116862384|-274.03868116862384|-274.03868116862384|-274.03868116862384|-274.0704711030093|-274.0851379067777|-274.0851379067777|-274.0851379067777|-274.0882727154513|-274.0882727154513|-274.0882727154513|-274.0882727154513|-274.0882727154513|-274.0882727154513|-274.0882727154513|-274.0882727154513|-274.0882727154513|-274.0882727154513|-274.0882727154513|-274.0882727154513|-274.0882727154513|-274.1060747231225|-274.1060747231225|-274.1103403463543|-274.1103403463543|-274.1103403463543|-274.1267678032196|-274.1267678032196|-274.1310334264514|-274.1310334264514|-274.1310334264514|-274.1310334264514|-274.13395756390827|-274.13395756390827|-274.13395756390827|-274.1343164504813|-274.1343164504813|-274.1343164504813|-274.1353914907735|-274.1353914907735|-274.1353914907735|-274.1353914907735|-274.1353914907735|-274.1353914907735|-274.1353914907735
generations_100,11,100,100,5,0.5,10,70,111,10111,10100,-274.13727852925314,-2.924341719891224,-2.9263715273301982,-2.914062601223397,-2.908798830850373,-2.89850174172206,-2.909953526009882,-2.8853227142536646,-235.23206154139748,-2.9622270128641324,-3.1622693132907798,-3.014530221177573,-3.0620272729467715,-2.6573524104841315,-1.9064853801715866,1.7291006656851025,-178.65060161169092|-182.13634206291636|-199.7745619506179|-211.09899949391186|-215.80558241346978|-215.80558241346978|-215.80558241346978|-223.98514910623047|-228.74966910838893|-240.85134381948134|-241.94941991682984|-243.0471673544366|-249.0042703072109|-249.0042703072109|-263.117354318625|-263.117354318625|-263.117354318625|-263.117354318625|-264.29095786466655|-268.4241832314184|-268.4241832314184|-268.6652095697084|-268.6652095697084|-268.6652095697084|-270.5376892945295|-270.5376892945295|-271.04859315510964|-271.04859315510964|-271.04859315510964|-271.1337112995821|-271.85746477341326|-271.85746477341326|-272.0351295474872|-272.0351295474872|-272.09524178546604|-272.136235424841|-272.136235424841|-272.661339537116|-272.892797473176|-272.892797473176|-272.892797473176|-272.892797473176|-272.892797473176|-272.8958800618396|-272.9322729657402|-273.2560469958071|-273.2560469958071|-273.2560469958071|-273.33126225824947|-273.5716612617964|-273.5716612617964|-273.5716612617964|-273.5716612617964|-273.5716612617964|-273.5716612617964|-273.65344855776704|-273.65344855776704|-273.9503737629135|-273.9503737629135|-273.9503737629135|-273.9503737629135|-273.9503737629135|-273.95784985293665|-273.95784985293665|-273.95784985293665|-273.95784985293665|-273.95784985293665|-273.95784985293665|-274.00311492261795|-274.00311492261795|-274.00311492261795|-274.00311492261795|-274.00311492261795|-274.00596859453367|-274.01709150210786|-274.01908913887195|-274.01908913887195|-274.0799643470032|-274.0799643470032|-274.0799643470032|-274.0799643470032|-274.0799643470032|-274.0799643470032|-274.10056098136465|-274.10056098136465|-274.10056098136465|-274.10056098136465|-274.10341465328037|-274.10341465328037|-274.1057778130882|-274.1057778130882|-274.1057778130882|-274.1057778130882|-274.1057778130882|-274.1057778130882|-274.1057778130882|-274.1057778130882|-274.1057778130882|-274.1057778130882|-274.1057778130882|-274.13727852925314
generations_100,12,100,100,5,0.5,10,70,112,10112,10100,-274.06621170383255,-2.8381799070734024,-2.9199053666731567,-2.8970707459564524,-2.8814678466958035,-2.887716583678851,-2.9004837734258686,-2.884077416069141,-232.8112728777293,-2.592277067002521,-3.4452844920223455,-2.06740692561997,2.712138378132858,-3.251727679459455,-3.2028812847160926,-2.2002441756225255,-185.50899122256632|-185.50899122256632|-185.50899122256632|-185.50899122256632|-209.48143193176065|-209.48143193176065|-209.48143193176065|-220.5511200410227|-222.3490712373752|-222.3490712373752|-222.3490712373752|-228.92706109288437|-238.40387032749192|-245.76471040112784|-245.76471040112784|-256.92104455704504|-256.92104455704504|-256.92104455704504|-267.0959097760662|-267.0959097760662|-267.0959097760662|-270.52093319504854|-270.8141258708071|-270.8141258708071|-270.8141258708071|-270.966724917019|-271.1233263559727|-271.1233263559727|-271.1233263559727|-271.1233263559727|-271.5691180779432|-271.5691180779432|-272.28904147853996|-272.83345214087814|-272.83345214087814|-272.83345214087814|-272.83345214087814|-273.306130321666|-273.306130321666|-273.306130321666|-273.306130321666|-273.4255413685293|-273.4255413685293|-273.4255413685293|-273.4255413685293|-273.4255413685293|-273.4255413685293|-273.5436576248362|-273.5436576248362|-273.5436576248362|-273.5941864397477|-273.5941864397477|-273.5941864397477|-273.7379836590088|-273.7379836590088|-273.7379836590088|-273.8520362878768|-273.8520362878768|-273.8520362878768|-273.8520362878768|-273.8520362878768|-273.8520362878768|-273.8520362878768|-273.8520362878768|-273.8520362878768|-273.8520362878768|-273.89205716449914|-273.89205716449914|-273.89205716449914|-273.95041696457025|-273.95041696457025|-273.95041696457025|-273.95041696457025|-273.95041696457025|-273.95041696457025|-273.95041696457025|-273.99555169241086|-273.99555169241086|-273.99555169241086|-273.99555169241086|-273.99555169241086|-273.99555169241086|-273.99936929750953|-273.99936929750953|-273.99936929750953|-273.99936929750953|-273.99936929750953|-274.02213475490464|-274.02213475490464|-274.02213475490464|-274.02213475490464|-274.02213475490464|-274.02213475490464|-274.02213475490464|-274.06206342819405|-274.06206342819405|-274.06206342819405|-274.06206342819405|-274.06621170383255|-274.06621170383255|-274.06621170383255
generations_100,13,100,100,5,0.5,10,70,113,10113,10100,-274.1354224214719,-2.897088320060816,-2.8775624020330377,-2.8882293482141965,-2.921692024761432,-2.9209668760360574,-2.908348942851714,-2.902957395522356,-215.30595729839038,-3.1913300106830214,-3.5653592347982546,-2.43644237351757,-2.4939885973443374,-2.3911826198626054,2.9945378467249606,1.7794070319155555,-184.8545865077731|-184.8545865077731|-188.05407326840202|-216.73101928866024|-216.73101928866024|-216.73101928866024|-216.73101928866024|-230.58623843071922|-230.58623843071922|-245.95400631913603|-246.03918784231908|-246.03918784231908|-247.7877031020115|-252.37699751389056|-257.8587818631806|-258.8092109805529|-266.8368996873101|-266.8368996873101|-267.19800879843444|-270.40492337256313|-272.54585698637027|-272.54585698637027|-272.54585698637027|-272.6274503680333|-272.6274503680333|-272.65031269111245|-272.69224977073213|-272.69224977073213|-272.69224977073213|-272.79545594048477|-272.79545594048477|-273.64020717418464|-273.64020717418464|-273.7239058846355|-273.8463733326688|-273.8463733326688|-273.8463733326688|-273.861474309578|-273.9328035245102|-273.9328035245102|-273.9328035245102|-273.9328035245102|-273.9328035245102|-274.0543089651869|-274.0543089651869|-274.0543089651869|-274.0543089651869|-274.0543089651869|-274.0543089651869|-274.0695733631973|-274.0695733631973|-274.0695733631973|-274.0695733631973|-274.0695733631973|-274.071133276993|-274.071133276993|-274.071133276993|-274.071133276993|-274.071133276993|-274.071133276993|-274.1188448699182|-274.1188448699182|-274.1188448699182|-274.1188448699182|-274.1188448699182|-274.1212964905781|-274.1212964905781|-274.1212964905781|-274.1212964905781|-274.1212964905781|-274.1212964905781|-274.1212964905781|-274.1212964905781|-274.1212964905781|-274.1212964905781|-274.1212964905781|-274.1212964905781|-274.12242640482395|-274.1260869488335|-274.1260869488335|-274.1260869488335|-274.1260869488335|-274.1260869488335|-274.1260869488335|-274.12721686307935|-274.1332154872583|-274.1332154872583|-274.1332154872583|-274.1332154872583|-274.1332154872583|-274.1334891475857|-274.1334891475857|-274.1334891475857|-274.1334891475857|-274.13434540150416|-274.13434540150416|-274.1354224214719|-274.1354224214719|-274.1354224214719|-274.1354224214719|-274.1354224214719
generations_100,14,100,100,5,0.5,10,70,114,10114,10100,-260.0047360430617,-2.911956630630315,-2.882620640694493,2.748110211854358,-2.906501123089516,-2.911264661919298,-2.9044371613635596,-2.929474646523715,-233.82782319439568,-3.2756025827643054,-2.487253907918351,-2.230746103973228,-3.2531195370948884,-3.25387625662634,1.7230025490418512,-2.909518656880862,-179.5285921604804|-179.5285921604804|-179.5285921604804|-182.66193419754694|-209.7900497393441|-209.7900497393441|-209.7900497393441|-210.1327216758603|-216.44149269253296|-220.58799058257364|-231.65195045825612|-231.65195045825612|-245.5511086002022|-247.8392537591996|-247.8392537591996|-249.31240413810318|-249.31240413810318|-251.33769982503844|-255.24291264144526|-255.24291264144526|-255.24291264144526|-255.24291264144526|-256.38436904340864|-257.73861150226406|-257.73861150226406|-257.73861150226406|-257.73861150226406|-257.73861150226406|-257.799985341864|-258.1729944569143|-258.1729944569143|-258.1729944569143|-258.7126258956705|-258.87675325738763|-258.87675325738763|-258.87675325738763|-258.87675325738763|-259.46233335198997|-259.46233335198997|-259.46233335198997|-259.46233335198997|-259.46233335198997|-259.46233335198997|-259.7259846721106|-259.7259846721106|-259.7259846721106|-259.73743384866134|-259.73743384866134|-259.73743384866134|-259.73743384866134|-259.79863117259987|-259.83708147291367|-259.83708147291367|-259.88874117800043|-259.88874117800043|-259.9284691813434|-259.9284691813434|-259.9318014079373|-259.93875684410773|-259.93875684410773|-259.93875684410773|-259.93875684410773|-259.94208907070157|-259.94208907070157|-259.94208907070157|-259.94208907070157|-259.94208907070157|-259.94208907070157|-259.98181707404456|-259.98181707404456|-259.98181707404456|-259.98181707404456|-259.98181707404456|-259.9986977693899|-259.9986977693899|-259.9986977693899|-259.9986977693899|-259.9986977693899|-259.9986977693899|-260.0007084853248|-260.0007084853248|-260.0007084853248|-260.0007084853248|-260.0007084853248|-260.0021539547795|-260.0021539547795|-260.0021539547795|-260.0021539547795|-260.0021539547795|-260.0021539547795|-260.0021539547795|-260.0021539547795|-260.0021539547795|-260.0021539547795|-260.0047360430617|-260.0047360430617|-260.0047360430617|-260.0047360430617|-260.0047360430617|-260.0047360430617|-260.0047360430617
generations_100,15,100,100,5,0.5,10,70,115,10115,10100,-274.1379264748665,-2.8969256607391713,-2.885633669152544,-2.904757538681763,-2.9208078152596952,-2.90260760457998,-2.9151634374382276,-2.8777518585764694,-239.8096131692643,-1.7762396392930633,-2.567716906131202,-2.7682918864243335,2.770428242454541,-3.183067249666375,-3.0969830921566475,-2.5887971103610354,-175.1475876360307|-188.4076433887329|-188.4076433887329|-188.41628065908444|-195.1664163652693|-203.24874154829638|-214.96163004856294|-223.852278008509|-223.852278008509|-225.22148666524322|-234.41524417792795|-235.21046541284608|-238.3455508948119|-239.15743145115766|-254.6412359621877|-257.35325178345096|-257.35325178345096|-257.35325178345096|-264.2916671881477|-265.2380092390361|-267.051605238029|-267.051605238029|-268.06242261900536|-268.26269689784255|-270.61465171424356|-270.61465171424356|-270.61465171424356|-270.61465171424356|-272.07458949765896|-272.07458949765896|-272.2666610652677|-272.47873099628407|-272.47873099628407|-272.5675995036439|-272.5675995036439|-272.5675995036439|-273.3265131432223|-273.3265131432223|-273.3265131432223|-273.3265131432223|-273.3265131432223|-273.71421370221924|-273.71421370221924|-273.71421370221924|-273.731822772046|-273.731822772046|-273.731822772046|-273.731822772046|-273.731822772046|-273.89695858413245|-273.89695858413245|-273.9210989161814|-273.9210989161814|-274.0298918298586|-274.0298918298586|-274.0481732295367|-274.0481732295367|-274.07287781360696|-274.07287781360696|-274.07287781360696|-274.07287781360696|-274.08538318476644|-274.08538318476644|-274.08538318476644|-274.08538318476644|-274.08538318476644|-274.092615278495|-274.1121174318557|-274.1121174318557|-274.1121174318557|-274.1121174318557|-274.119114214057|-274.119114214057|-274.119114214057|-274.119114214057|-274.119114214057|-274.119114214057|-274.119114214057|-274.13616510586303|-274.13616510586303|-274.13616510586303|-274.13616510586303|-274.13616510586303|-274.13616510586303|-274.13616510586303|-274.13616510586303|-274.13616510586303|-274.13616510586303|-274.13616510586303|-274.13616510586303|-274.13616510586303|-274.13616510586303|-274.13616510586303|-274.13751517444194|-274.13751517444194|-274.13751517444194|-274.13751517444194|-274.13751517444194|-274.1379264748665|-274.1379264748665|-274.1379264748665
generations_100,16,100,100,5,0.5,10,70,116,10116,10100,-274.15262568468756,-2.9030719350056526,-2.90766481202649,-2.9011876864698785,-2.9021714034967427,-2.913657934839018,-2.9234042469545414,-2.9126986750388273,-235.5559587302933,-2.869093547895959,-2.9291389857800887,-2.8767203205261724,-2.650166786916457,1.9316563863706415,-3.243686786019373,2.6784385475079677,-197.08920064126744|-197.08920064126744|-197.08920064126744|-236.2020140516075|-236.2020140516075|-236.2020140516075|-236.2020140516075|-241.36582881331404|-241.36582881331404|-255.57493716243025|-259.9579201588932|-263.84437297839554|-263.84437297839554|-269.07687668765124|-269.07687668765124|-269.07687668765124|-269.07687668765124|-271.23613298516784|-271.23613298516784|-271.8915563853715|-271.8915563853715|-271.8915563853715|-272.14068399868745|-272.9248941404597|-272.9248941404597|-273.4378085706404|-273.4378085706404|-273.4378085706404|-273.7690761775948|-273.77149460914086|-273.77149460914086|-273.77149460914086|-273.77149460914086|-273.8231283334229|-273.8231283334229|-273.8916652076774|-273.94571736350554|-273.9608559649746|-273.9608559649746|-273.9608559649746|-273.9608559649746|-273.9608559649746|-273.96398934079593|-274.04366005717134|-274.04366005717134|-274.04366005717134|-274.11832648471346|-274.11832648471346|-274.11832648471346|-274.11832648471346|-274.11832648471346|-274.11832648471346|-274.11832648471346|-274.11832648471346|-274.11832648471346|-274.11832648471346|-274.11832648471346|-274.11832648471346|-274.11832648471346|-274.1292607040187|-274.1292607040187|-274.1292607040187|-274.1292607040187|-274.1292607040187|-274.1292607040187|-274.1292607040187|-274.1292607040187|-274.1292607040187|-274.13196317436973|-274.13196317436973|-274.13196317436973|-274.13418011372465|-274.13619213046576|-274.1422328670619|-274.1422328670619|-274.1422328670619|-274.1422328670619|-274.1422328670619|-274.1422328670619|-274.1422328670619|-274.1422328670619|-274.15262568468756|-274.15262568468756|-274.15262568468756|-274.15262568468756|-274.15262568468756|-274.15262568468756|-274.15262568468756|-274.15262568468756|-274.15262568468756|-274.15262568468756|-274.15262568468756|-274.15262568468756|-274.15262568468756|-274.15262568468756|-274.15262568468756|-274.15262568468756|-274.15262568468756|-274.15262568468756|-274.15262568468756|-274.15262568468756
generations_100,17,100,100,5,0.5,10,70,117,10117,10100,-259.9894460549156,-2.9045402047686406,-2.8969594452107943,-2.8943985465293234,-2.92592569385342,-2.936811184998212,-2.8841548193155373,2.7508776387941087,-235.26040958790804,-3.7230072448279805,-2.74389347909328,3.1616189866548225,-2.8716188455056537,-3.264038235781098,-2.922641542016018,-2.3877351972113345,-177.24859898109594|-177.24859898109594|-190.65976101132935|-190.65976101132935|-231.61048356280853|-231.61048356280853|-235.37620586461372|-241.73792949023712|-241.73792949023712|-241.73792949023712|-243.74299432210663|-244.15717421921244|-244.15717421921244|-246.33572269884505|-249.46377102522123|-255.068336013448|-255.69999222096286|-256.15753971199445|-256.15753971199445|-256.15753971199445|-256.2426748675699|-257.8760423944648|-257.8760423944648|-258.4187250410718|-258.4187250410718|-258.4187250410718|-258.4187250410718|-258.4187250410718|-258.8276241983483|-258.8276241983483|-258.9186419494229|-259.21754003182104|-259.21754003182104|-259.21754003182104|-259.5614633446726|-259.5614633446726|-259.5614633446726|-259.5614633446726|-259.5614633446726|-259.5614633446726|-259.5614633446726|-259.68338807020433|-259.68338807020433|-259.68338807020433|-259.68338807020433|-259.68338807020433|-259.8315054299969|-259.8315054299969|-259.8315054299969|-259.8583927391327|-259.8583927391327|-259.8633425703289|-259.8633425703289|-259.8633425703289|-259.8633425703289|-259.89020022709474|-259.9043957318198|-259.9043957318198|-259.9043957318198|-259.9043957318198|-259.9043957318198|-259.9043957318198|-259.9043957318198|-259.9043957318198|-259.9043957318198|-259.9043957318198|-259.9043957318198|-259.9043957318198|-259.93112894269063|-259.93112894269063|-259.93112894269063|-259.9338968651131|-259.9338968651131|-259.94027502687845|-259.94027502687845|-259.94027502687845|-259.9535667598569|-259.9535667598569|-259.9697761601718|-259.9697761601718|-259.9697761601718|-259.9697761601718|-259.9697761601718|-259.9697761601718|-259.9894460549156|-259.9894460549156|-259.9894460549156|-259.9894460549156|-259.9894460549156|-259.9894460549156|-259.9894460549156|-259.9894460549156|-259.9894460549156|-259.9894460549156|-259.9894460549156|-259.9894460549156|-259.9894460549156|-259.9894460549156|-259.9894460549156|-259.9894460549156|-259.9894460549156
generations_100,18,100,100,5,0.5,10,70,118,10118,10100,-274.127134924278,-2.910305429326916,-2.891917886018169,-2.904397218084153,-2.9118053222022175,-2.9352534393631915,-2.9168281558957774,-2.928711633505884,-236.46323752881253,-1.7259147277115505,2.981593113363946,-3.0449036810722516,-3.083201554547631,-2.2381977368359705,-2.820038990655951,-2.8218480246707256,-182.38327608215334|-182.38327608215334|-182.38327608215334|-182.38327608215334|-211.35442691003252|-211.35442691003252|-213.3247463833026|-231.76775192673625|-231.76775192673625|-231.76775192673625|-236.48177891923677|-246.40671031727325|-246.40671031727325|-246.40671031727325|-246.40671031727325|-249.4855186963034|-253.1181395935178|-258.1270408723344|-258.1270408723344|-261.4816162661226|-261.4816162661226|-263.0957732165639|-263.0957732165639|-263.2131673733646|-265.7817146324826|-265.7817146324826|-269.89124242503124|-270.3707899424237|-270.3707899424237|-270.3707899424237|-270.4883897903552|-271.15456386092256|-271.15456386092256|-271.15456386092256|-271.5434539912622|-271.5434539912622|-272.21208141264367|-272.70683415191246|-272.7213131762181|-272.7213131762181|-272.7213131762181|-273.0284573554092|-273.0284573554092|-273.0284573554092|-273.0284573554092|-273.0284573554092|-273.0284573554092|-273.7101525209305|-273.7101525209305|-273.7101525209305|-273.7596820356976|-273.7596820356976|-273.7741610600032|-273.7741610600032|-273.7741610600032|-273.7881175551|-273.8294747441074|-273.96235079286714|-273.96235079286714|-273.96235079286714|-273.96235079286714|-274.00163398986143|-274.00163398986143|-274.00163398986143|-274.00163398986143|-274.0084204306423|-274.0084204306423|-274.0084204306423|-274.0300695092638|-274.0300695092638|-274.0300695092638|-274.0477036276365|-274.0477036276365|-274.0477036276365|-274.0477036276365|-274.0477036276365|-274.0477036276365|-274.0477036276365|-274.0477036276365|-274.0477036276365|-274.0477036276365|-274.0477036276365|-274.0477036276365|-274.0849690648173|-274.0849690648173|-274.0849690648173|-274.0849690648173|-274.0849690648173|-274.0849690648173|-274.0849690648173|-274.0849690648173|-274.0849690648173|-274.10534486723145|-274.10534486723145|-274.10534486723145|-274.10534486723145|-274.10534486723145|-274.1073206026981|-274.127134924278|-274.127134924278|-274.127134924278
generations_100,19,100,100,5,0.5,10,70,119,10119,10100,-274.14771042938753,-2.9116817827473143,-2.920834508694871,-2.9120157774568938,-2.8979747231329926,-2.912735079845385,-2.8939320587418096,-2.887806807884823,-231.50654256582976,-2.44541153570775,-2.424569308549743,-3.1686956656030487,-3.0600567785043498,3.202563858103435,-2.4959773498604134,2.8233570586426895,-188.68264485593804|-188.68264485593804|-193.50638668337496|-217.4825619373965|-220.31526142508793|-239.03451981262467|-239.03451981262467|-247.1331590327829|-247.1331590327829|-248.48312477819252|-249.15684740240545|-254.1240044350464|-254.9519984419699|-256.1476928046689|-259.977886791938|-262.89344565476597|-263.00137609674664|-263.00137609674664|-264.31052289286816|-267.7795494564707|-267.7795494564707|-267.7795494564707|-268.75613230095996|-270.1765282412462|-270.1765282412462|-270.1765282412462|-272.1398633297788|-272.1474969604892|-272.1474969604892|-272.1474969604892|-272.35284529167603|-272.35284529167603|-272.35284529167603|-272.91982374802717|-272.91982374802717|-272.91982374802717|-272.91982374802717|-273.1214755428445|-273.1214755428445|-273.3914231359345|-273.3914231359345|-273.53745069198584|-273.53745069198584|-273.5870693041625|-273.59013417624453|-273.8376699579813|-273.8376699579813|-273.8376699579813|-273.8376699579813|-274.02606370133003|-274.02606370133003|-274.02606370133003|-274.02606370133003|-274.02606370133003|-274.02606370133003|-274.02606370133003|-274.02606370133003|-274.02606370133003|-274.02606370133003|-274.02606370133003|-274.02606370133003|-274.0303164345787|-274.0580586650393|-274.0580586650393|-274.07989945554976|-274.07989945554976|-274.07989945554976|-274.0841521887985|-274.11625911951455|-274.11625911951455|-274.11625911951455|-274.12051185276323|-274.14235264327374|-274.14235264327374|-274.14235264327374|-274.14235264327374|-274.14235264327374|-274.14235264327374|-274.14235264327374|-274.14235264327374|-274.14235264327374|-274.14571626776734|-274.14571626776734|-274.14571626776734|-274.14571626776734|-274.14571626776734|-274.14571626776734|-274.14771042938753|-274.14771042938753|-274.14771042938753|-274.14771042938753|-274.14771042938753|-274.14771042938753|-274.14771042938753|-274.14771042938753|-274.14771042938753|-274.14771042938753|-274.14771042938753|-274.14771042938753|-274.14771042938753|-274.14771042938753
generations_100,20,100,100,5,0.5,10,70,120,10120,10100,-274.1372663907639,-2.921813718218223,-2.901983441193992,-2.891692046885196,-2.9150256809437494,-2.9329315617879037,-2.90694017922946,-2.9020379271096552,-228.811422201307,-2.950550954747083,-3.363013348080842,-3.3037168853701706,2.2134844648011844,-2.8093210397264343,3.3085819084813917,-3.0670861344696854,-155.75181778820064|-155.80679218365813|-188.61240460441215|-188.61240460441215|-196.51333424332694|-208.48424740792746|-208.95437203041678|-208.95437203041678|-223.29587903530603|-223.59273968519656|-233.17313163333245|-233.17313163333245|-233.23601845052096|-233.23601845052096|-242.12738665882648|-255.96496867197325|-259.2829057648805|-259.39877503356377|-261.0102210068103|-264.48878819904235|-266.3634485817286|-268.0206454183816|-268.0206454183816|-268.46954281647487|-269.0246744681808|-269.0246744681808|-270.2479468676235|-270.5111590779756|-270.5111590779756|-270.5111590779756|-271.74943452700217|-272.1033749320595|-272.15461010735646|-272.1564411664506|-272.6065441540442|-272.6065441540442|-272.6065441540442|-272.64951045847454|-272.7997438669103|-272.85357150278685|-272.85357150278685|-273.5172214126965|-273.5172214126965|-273.6581143488054|-273.6581143488054|-273.6581143488054|-273.6581143488054|-273.7514815090069|-273.7514815090069|-273.7514815090069|-273.7514815090069|-273.873902036284|-273.873902036284|-273.8752572151674|-273.8752572151674|-273.9976777424444|-273.9976777424444|-273.9976777424444|-273.9976777424444|-273.9976777424444|-273.9976777424444|-273.9976777424444|-273.9976777424444|-273.9976777424444|-274.006533524079|-274.006533524079|-274.023601011967|-274.023601011967|-274.023601011967|-274.023601011967|-274.023601011967|-274.03514768583057|-274.03514768583057|-274.03514768583057|-274.03514768583057|-274.0522151737186|-274.06107095535316|-274.06107095535316|-274.06107095535316|-274.067594382574|-274.067594382574|-274.067594382574|-274.067594382574|-274.067594382574|-274.067594382574|-274.09686569156173|-274.09686569156173|-274.09686569156173|-274.09686569156173|-274.09686569156173|-274.09686569156173|-274.09686569156173|-274.09686569156173|-274.09686569156173|-274.12486190000254|-274.12486190000254|-274.12486190000254|-274.12486190000254|-274.1372663907639|-274.1372663907639|-274.1372663907639
generations_300,1,100,300,5,0.5,10,70,101,10101,30100,-274.1621212401419,-2.9021422689339142,-2.903861793258691,-2.903661657860391,-2.9104268597577265,-2.902525200673749,-2.9008073047905274,-2.9049274313032294,-250.21499383514453,-3.5010542236897635,2.5295987346546225,-2.88070741342777,-2.8812410359289595,-2.9486929307625998,-3.185688556357935,-2.8133061945541926,-151.7622002145425|-151.7622002145425|-163.87706535829096|-168.36572421784405|-182.2886327670268|-185.64527767848966|-195.76054561478475|-200.6876585550072|-208.85997111287728|-220.76922071563862|-224.05637114581438|-225.14208473202495|-228.75798991955742|-232.2431245118577|-232.2431245118577|-234.6869345281945|-235.2984894325399|-235.59381211775212|-249.2828655237869|-249.2828655237869|-252.15648042897146|-252.15648042897146|-255.2672497235131|-257.35893898884603|-257.35893898884603|-264.91383903854756|-264.91383903854756|-264.92897525119605|-267.10253358340424|-267.10253358340424|-269.68468704885413|-269.68468704885413|-269.68468704885413|-269.68468704885413|-271.94188612447914|-271.94188612447914|-273.0534399488456|-273.0534399488456|-273.359011564959|-273.359011564959|-273.3880544705804|-273.3880544705804|-273.5467847003974|-273.5467847003974|-273.5467847003974|-273.5467847003974|-273.7210993074789|-273.7210993074789|-273.7210993074789|-273.7210993074789|-273.7210993074789|-273.7210993074789|-273.7210993074789|-273.7210993074789|-273.7271041298035|-273.73835214440703|-273.76120068247576|-273.76120068247576|-273.76120068247576|-273.9140959172059|-273.99028227059193|-273.99028227059193|-274.0131308086606|-274.0131308086606|-274.0131308086606|-274.04450605323825|-274.04450605323825|-274.04450605323825|-274.08460742823513|-274.08460742823513|-274.0941352218663|-274.0941352218663|-274.0941352218663|-274.0941352218663|-274.0941352218663|-274.0941352218663|-274.0941352218663|-274.0941352218663|-274.0941352218663|-274.0941352218663|-274.0941352218663|-274.0941352218663|-274.0941352218663|-274.09462377759985|-274.09462377759985|-274.09462377759985|-274.09462377759985|-274.1004263137741|-274.12304154680385|-274.12304154680385|-274.12304154680385|-274.12304154680385|-274.12304154680385|-274.12304154680385|-274.12353010253736|-274.14020019591834|-274.14020019591834|-274.14020019591834|-274.1421214311622|-274.14649128782617|-274.14649128782617|-274.1519718343488|-274.1519718343488|-274.1519718343488|-274.1521319606109|-274.1521319606109|-274.1521319606109|-274.1521319606109|-274.1531744736652|-274.1531744736652|-274.1531744736652|-274.1531744736652|-274.15333459992735|-274.1533397843418|-274.1533397843418|-274.1533397843418|-274.15346641954795|-274.15362820030043|-274.15362820030043|-274.15362820030043|-274.1539512958135|-274.1539512958135|-274.1539512958135|-274.1539512958135|-274.1562779146714|-274.1562779146714|-274.1562779146714|-274.1562779146714|-274.1562779146714|-274.15660101018454|-274.15660101018454|-274.15660101018454|-274.15660101018454|-274.15660101018454|-274.15660101018454|-274.15660101018454|-274.15660101018454|-274.15660101018454|-274.15660101018454|-274.15660101018454|-274.15660101018454|-274.15660101018454|-274.15660101018454|-274.15660101018454|-274.15660101018454|-274.15660101018454|-274.15660101018454|-274.15660101018454|-274.15660101018454|-274.15660101018454|-274.15660101018454|-274.15660101018454|-274.15660101018454|-274.15660101018454|-274.15660101018454|-274.15660101018454|-274.15660101018454|-274.15660101018454|-274.15660101018454|-274.15660101018454|-274.15660101018454|-274.15660101018454|-274.15660101018454|-274.15660101018454|-274.1604336478145|-274.1604336478145|-274.1604336478145|-274.1604336478145|-274.1604336478145|-274.1604336478145|-274.1605742271525|-274.1605742271525|-274.1605742271525|-274.1605742271525|-274.1605742271525|-274.1605742271525|-274.1605742271525|-274.1605742271525|-274.1605742271525|-274.1605742271525|-274.1605742271525|-274.1605742271525|-274.1605742271525|-274.1605742271525|-274.1605742271525|-274.1605742271525|-274.1605742271525|-274.1605742271525|-274.1605742271525|-274.1605742271525|-274.1605742271525|-274.1605742271525|-274.1605742271525|-274.1605742271525|-274.1605742271525|-274.1605742271525|-274.1605742271525|-274.1605742271525|-274.1605742271525|-274.1605742271525|-274.1605742271525|-274.1605742271525|-274.1605742271525|-274.1605742271525|-274.1605742271525|-274.1605742271525|-274.1605742271525|-274.1605742271525|-274.1605742271525|-274.1605742271525|-274.1605742271525|-274.1605742271525|-274.1605742271525|-274.1605742271525|-274.1605742271525|-274.1605742271525|-274.1605742271525|-274.1605742271525|-274.1605742271525|-274.1605742271525|-274.1605742271525|-274.1605742271525|-274.1605742271525|-274.160627272461|-274.160627272461|-274.160627272461|-274.160627272461|-274.160627272461|-274.160627272461|-274.160627272461|-274.160627272461|-274.160627272461|-274.160627272461|-274.160627272461|-274.160627272461|-274.160627272461|-274.160627272461|-274.160627272461|-274.160627272461|-274.160627272461|-274.160627272461|-274.160627272461|-274.160627272461|-274.160627272461|-274.160627272461|-274.160627272461|-274.160627272461|-274.160627272461|-274.160627272461|-274.160627272461|-274.160627272461|-274.160627272461|-274.160627272461|-274.160627272461|-274.160627272461|-274.160627272461|-274.160627272461|-274.160627272461|-274.160627272461|-274.160627272461|-274.16071251976194|-274.16071251976194|-274.16071251976194|-274.16071251976194|-274.16071251976194|-274.16071251976194|-274.16071251976194|-274.16071251976194|-274.16071251976194|-274.16071251976194|-274.16071251976194|-274.16071251976194|-274.16071251976194|-274.16071251976194|-274.16071251976194|-274.16071251976194|-274.16071251976194|-274.1609063954995|-274.1609063954995|-274.1609063954995|-274.1609063954995|-274.1609063954995|-274.1609063954995|-274.1609063954995|-274.1609063954995|-274.1609063954995|-274.1609063954995|-274.1621212401419|-274.1621212401419|-274.1621212401419|-274.1621212401419|-274.1621212401419|-274.1621212401419|-274.1621212401419|-274.1621212401419|-274.1621212401419|-274.1621212401419|-274.1621212401419|-274.1621212401419|-274.1621212401419|-274.1621212401419
generations_300,2,100,300,5,0.5,10,70,102,10102,30100,-274.16289834562895,-2.905011236200011,-2.9026000270966485,-2.9020810665446244,-2.9018993754387004,-2.9043919320876848,-2.90596311888511,-2.9027275850942162,-242.48928865247274,-3.3988275045404883,-2.872576170835326,-2.0339069079036562,-2.999106127945522,-2.9059399054307744,-1.6722642989710979,-2.737734226852313,-183.26682859162497|-183.26682859162497|-237.37347117109258|-237.37347117109258|-239.714140549906|-239.714140549906|-258.9936853005952|-262.0907979096855|-262.0907979096855|-264.2416058251503|-264.2416058251503|-266.7716174981058|-266.79707983673785|-267.704911933234|-268.2576327223422|-271.00233686354125|-271.00233686354125|-271.506292512227|-272.0904254768383|-272.0904254768383|-272.0904254768383|-272.5552264311922|-272.5552264311922|-273.16154213549055|-273.6292200525581|-273.6292200525581|-273.68014469209726|-273.7210354580452|-273.785496137137|-273.785496137137|-273.785496137137|-273.785496137137|-273.785496137137|-273.785496137137|-273.785496137137|-273.785496137137|-273.93126490437254|-273.93126490437254|-273.93126490437254|-273.93126490437254|-273.93126490437254|-273.93126490437254|-273.93126490437254|-273.93126490437254|-273.95642862791425|-273.95642862791425|-273.95642862791425|-273.95642862791425|-273.95642862791425|-273.95642862791425|-274.1010736745035|-274.1010736745035|-274.1010736745035|-274.1010736745035|-274.10734709713046|-274.10734709713046|-274.10734709713046|-274.10734709713046|-274.10734709713046|-274.10734709713046|-274.10734709713046|-274.10734709713046|-274.10734709713046|-274.10734709713046|-274.10734709713046|-274.10734709713046|-274.10734709713046|-274.1242357578047|-274.1242357578047|-274.1242357578047|-274.1242357578047|-274.1242357578047|-274.1242357578047|-274.1242357578047|-274.12508805225565|-274.12873920960203|-274.12873920960203|-274.15067295316504|-274.15067295316504|-274.15067295316504|-274.15067295316504|-274.15067295316504|-274.15067295316504|-274.1510544789067|-274.1510544789067|-274.1510544789067|-274.1510544789067|-274.15135462645605|-274.15135462645605|-274.15135462645605|-274.15135462645605|-274.15327359027714|-274.15327359027714|-274.15327359027714|-274.15327359027714|-274.15327359027714|-274.15327359027714|-274.1535737378265|-274.1535737378265|-274.1535737378265|-274.15414324205733|-274.15414324205733|-274.15414324205733|-274.15414324205733|-274.15414324205733|-274.15414324205733|-274.15414324205733|-274.15414324205733|-274.15414324205733|-274.15414324205733|-274.15414324205733|-274.1570297225553|-274.1570297225553|-274.1570297225553|-274.1570297225553|-274.1570297225553|-274.1570297225553|-274.1570297225553|-274.1570297225553|-274.1570297225553|-274.1570297225553|-274.1570297225553|-274.1570297225553|-274.1570297225553|-274.1581316219492|-274.1581316219492|-274.1581316219492|-274.1581316219492|-274.1581316219492|-274.1581316219492|-274.1581316219492|-274.1581316219492|-274.15813975028783|-274.15813975028783|-274.15813975028783|-274.15813975028783|-274.15813975028783|-274.15813975028783|-274.15813975028783|-274.15813975028783|-274.15813975028783|-274.15813975028783|-274.15886893206294|-274.15886893206294|-274.15886893206294|-274.15886893206294|-274.15886893206294|-274.15886893206294|-274.15887706040155|-274.15887706040155|-274.15887706040155|-274.15887706040155|-274.15955736942624|-274.15955736942624|-274.15955736942624|-274.15955736942624|-274.15955736942624|-274.15955736942624|-274.15955736942624|-274.15955736942624|-274.15955736942624|-274.15955736942624|-274.15955736942624|-274.15955736942624|-274.15955736942624|-274.15955736942624|-274.15955736942624|-274.15955736942624|-274.15955736942624|-274.15955736942624|-274.15955736942624|-274.15955736942624|-274.15955736942624|-274.1618975236756|-274.1618975236756|-274.1618975236756|-274.1618975236756|-274.1618975236756|-274.1618975236756|-274.1618975236756|-274.1618975236756|-274.1618975236756|-274.1618975236756|-274.1618975236756|-274.1618975236756|-274.1618975236756|-274.1618975236756|-274.1618975236756|-274.1618975236756|-274.1618975236756|-274.1618975236756|-274.1618975236756|-274.1618975236756|-274.1618975236756|-274.1618975236756|-274.1618975236756|-274.1618975236756|-274.1618975236756|-274.1618975236756|-274.1618975236756|-274.1625196083152|-274.1625196083152|-274.1625196083152|-274.1625196083152|-274.1625196083152|-274.1625196083152|-274.1625196083152|-274.1625196083152|-274.1625950006296|-274.1625950006296|-274.16278464191856|-274.16278464191856|-274.16278464191856|-274.16278464191856|-274.16278464191856|-274.16278464191856|-274.1628600342329|-274.1628600342329|-274.1628600342329|-274.1628600342329|-274.1628600342329|-274.1628600342329|-274.1628600342329|-274.1628600342329|-274.1628600342329|-274.1628600342329|-274.1628600342329|-274.1628600342329|-274.1628600342329|-274.1628600342329|-274.1628600342329|-274.1628600342329|-274.1628600342329|-274.1628600342329|-274.1628600342329|-274.1628600342329|-274.1628600342329|-274.1628600342329|-274.1628600342329|-274.1628600342329|-274.1628600342329|-274.1628600342329|-274.1628600342329|-274.1628600342329|-274.1628600342329|-274.1628600342329|-274.1628600342329|-274.1628600342329|-274.1628600342329|-274.1628600342329|-274.1628600342329|-274.1628600342329|-274.1628600342329|-274.1628600342329|-274.1628600342329|-274.1628703655842|-274.1628703655842|-274.1628703655842|-274.1628703655842|-274.1628703655842|-274.1628703655842|-274.1628703655842|-274.1628703655842|-274.1628703655842|-274.1628703655842|-274.1628703655842|-274.1628703655842|-274.1628703655842|-274.1628703655842|-274.1628703655842|-274.1628703655842|-274.1628703655842|-274.16289834562895|-274.16289834562895|-274.16289834562895|-274.16289834562895|-274.16289834562895|-274.16289834562895|-274.16289834562895|-274.16289834562895|-274.16289834562895|-274.16289834562895|-274.16289834562895|-274.16289834562895|-274.16289834562895|-274.16289834562895|-274.16289834562895|-274.16289834562895|-274.16289834562895|-274.16289834562895|-274.16289834562895|-274.16289834562895|-274.16289834562895|-274.16289834562895|-274.16289834562895|-274.16289834562895|-274.16289834562895|-274.16289834562895|-274.16289834562895|-274.16289834562895|-274.16289834562895
generations_300,3,100,300,5,0.5,10,70,103,10103,30100,-274.1630425003709,-2.904960432781529,-2.9022583770158805,-2.9030806936640516,-2.9037166318652528,-2.903122213215441,-2.9031599361799016,-2.9019272190121006,-247.0283175016916,-2.6285148919200783,-3.075779282259845,-2.534569392880873,-2.6929592396387,-2.7767649495290114,2.1785050081170656,-3.3733608695933337,-177.2510376971332|-188.085941218873|-196.75114683937718|-201.42394878488992|-201.42394878488992|-201.71406658154106|-216.44845437814095|-217.82119018165352|-223.30001684026038|-237.92283959381285|-241.68981557920566|-241.68981557920566|-241.68981557920566|-249.15403546026403|-250.6157149770943|-251.0603034094094|-251.0603034094094|-252.48246757447066|-252.48246757447066|-257.0522089975121|-257.0522089975121|-257.0522089975121|-257.0522089975121|-257.0522089975121|-257.0522089975121|-261.97991577876945|-261.97991577876945|-261.97991577876945|-261.97991577876945|-261.97991577876945|-263.4431683915006|-264.45751287253563|-264.5393922352945|-268.76368526818214|-268.76368526818214|-268.76368526818214|-268.76368526818214|-271.784846192871|-272.79166262125085|-272.79166262125085|-273.1082913216249|-273.1082913216249|-273.1082913216249|-273.15691933104586|-273.27518193536906|-273.29698869421213|-273.32676838340444|-273.40156991060275|-273.52331996012003|-273.62929039420425|-273.62929039420425|-273.62929039420425|-273.62929039420425|-273.62929039420425|-273.6590142490842|-273.66292963203176|-273.8694775021157|-273.8694775021157|-273.8694775021157|-273.8694775021157|-273.9114823250551|-273.98286196652106|-273.98286196652106|-273.98286196652106|-273.98286196652106|-274.01665676503126|-274.0209839900968|-274.0209839900968|-274.0209839900968|-274.0209839900968|-274.0209839900968|-274.0209839900968|-274.03634938387387|-274.0508680651287|-274.05538785221637|-274.05538785221637|-274.10811064527707|-274.10811064527707|-274.12116069556595|-274.12116069556595|-274.12116069556595|-274.12116069556595|-274.12116069556595|-274.12116069556595|-274.12116069556595|-274.1276872515393|-274.1276872515393|-274.1276872515393|-274.1276872515393|-274.1276872515393|-274.13163953051105|-274.13163953051105|-274.1405658207682|-274.1405658207682|-274.1405658207682|-274.1405658207682|-274.1405658207682|-274.1405658207682|-274.1405658207682|-274.1405658207682|-274.1405658207682|-274.1405658207682|-274.1405658207682|-274.1405658207682|-274.1405658207682|-274.1405658207682|-274.1410216869049|-274.1410216869049|-274.1410216869049|-274.1410216869049|-274.1410216869049|-274.1410216869049|-274.1410216869049|-274.1432879991426|-274.1432879991426|-274.1432879991426|-274.1432879991426|-274.1432879991426|-274.1432879991426|-274.14490779321756|-274.14490779321756|-274.14490779321756|-274.14490779321756|-274.14490779321756|-274.14490779321756|-274.15968114276376|-274.15968114276376|-274.15968114276376|-274.15968114276376|-274.15968114276376|-274.15968114276376|-274.160533856721|-274.160533856721|-274.160533856721|-274.160533856721|-274.160533856721|-274.1618463950005|-274.1618463950005|-274.1618463950005|-274.1618463950005|-274.1618463950005|-274.1618463950005|-274.1618463950005|-274.1618463950005|-274.1618463950005|-274.1618463950005|-274.1618463950005|-274.1618463950005|-274.16205678864407|-274.16205678864407|-274.16205678864407|-274.16205678864407|-274.16205678864407|-274.16205678864407|-274.16205678864407|-274.16205678864407|-274.16205678864407|-274.16205678864407|-274.16205678864407|-274.16205678864407|-274.16205678864407|-274.16205678864407|-274.16212821775576|-274.16212821775576|-274.16212821775576|-274.16212821775576|-274.16212821775576|-274.16212821775576|-274.16212821775576|-274.16212821775576|-274.16212821775576|-274.16212821775576|-274.16212821775576|-274.16212821775576|-274.16212821775576|-274.16212821775576|-274.16212821775576|-274.16212821775576|-274.16212821775576|-274.16212821775576|-274.16212821775576|-274.16212821775576|-274.16212821775576|-274.16212821775576|-274.16212821775576|-274.16212821775576|-274.16212821775576|-274.16212821775576|-274.16212821775576|-274.16212821775576|-274.16212821775576|-274.16212821775576|-274.16212821775576|-274.16212821775576|-274.16212821775576|-274.16212821775576|-274.16212821775576|-274.16212821775576|-274.16212821775576|-274.16212821775576|-274.16212821775576|-274.16212821775576|-274.16212821775576|-274.16212821775576|-274.16212821775576|-274.16212821775576|-274.16212821775576|-274.16212821775576|-274.16212821775576|-274.16212821775576|-274.16212821775576|-274.16212821775576|-274.16212821775576|-274.16212821775576|-274.16212821775576|-274.16212821775576|-274.16212821775576|-274.16212821775576|-274.16212821775576|-274.16212821775576|-274.16212821775576|-274.16212821775576|-274.16212821775576|-274.16212821775576|-274.16212821775576|-274.16212821775576|-274.16212821775576|-274.16212821775576|-274.16212821775576|-274.16212821775576|-274.16212821775576|-274.16212821775576|-274.16212821775576|-274.16212821775576|-274.16212821775576|-274.16212821775576|-274.16212821775576|-274.16212821775576|-274.16212821775576|-274.16212821775576|-274.16212821775576|-274.16212821775576|-274.16212821775576|-274.16212821775576|-274.16212821775576|-274.16212821775576|-274.16212821775576|-274.16212821775576|-274.16212821775576|-274.16212821775576|-274.16212821775576|-274.16212821775576|-274.16212821775576|-274.16212821775576|-274.16212821775576|-274.16212821775576|-274.16212821775576|-274.16212821775576|-274.16212821775576|-274.16212821775576|-274.16212821775576|-274.16212821775576|-274.16212821775576|-274.16212821775576|-274.16212821775576|-274.16212821775576|-274.16212821775576|-274.16212821775576|-274.16212821775576|-274.16212821775576|-274.16212821775576|-274.16212821775576|-274.16212821775576|-274.16212821775576|-274.16212821775576|-274.16212821775576|-274.16212821775576|-274.16212821775576|-274.16212821775576|-274.16212821775576|-274.16212821775576|-274.16212821775576|-274.16216514733134|-274.16216514733134|-274.16216514733134|-274.1630055707953|-274.1630055707953|-274.1630055707953|-274.1630055707953|-274.1630055707953|-274.1630055707953|-274.1630425003709|-274.1630425003709|-274.1630425003709|-274.1630425003709|-274.1630425003709|-274.1630425003709|-274.1630425003709|-274.1630425003709|-274.1630425003709|-274.1630425003709
generations_300,4,100,300,5,0.5,10,70,104,10104,30100,-274.1628905397557,-2.903425731644838,-2.902821602601543,-2.903361815616012,-2.9043851228298636,-2.9054418763258294,-2.905271651369728,-2.9007682519176985,-234.75317508985512,-2.5905881922114125,-3.2664909536606315,-3.3727497288289143,-3.6001741224608654,-2.863488486083652,-2.5915214798390274,3.2657770111065396,-194.50791746980252|-194.50791746980252|-194.50791746980252|-198.0106920493085|-224.40334737541104|-224.40334737541104|-240.65166072434837|-243.66682214728712|-248.52638832985778|-248.52638832985778|-256.62059789663533|-259.77578453249436|-259.77578453249436|-259.9246078729026|-264.4003723375227|-266.91826993173083|-266.91826993173083|-266.91826993173083|-267.9246493303099|-270.9548777393409|-270.9548777393409|-271.03367175196263|-271.03367175196263|-271.9612571379199|-271.9612571379199|-271.9612571379199|-272.08308353661226|-272.08308353661226|-272.38486123039195|-272.4159501354259|-272.4159501354259|-272.53125973138964|-273.2706985685642|-273.2706985685642|-273.2706985685642|-273.2706985685642|-273.2706985685642|-273.2706985685642|-273.2706985685642|-273.4642614178137|-273.4642614178137|-273.4642614178137|-273.7054650539203|-273.7054650539203|-273.71154839518897|-273.76312983972537|-273.76312983972537|-273.76312983972537|-273.76312983972537|-273.76312983972537|-273.88456344114803|-273.88456344114803|-273.88456344114803|-273.88456344114803|-273.88456344114803|-273.93597265688425|-273.93597265688425|-273.93597265688425|-273.93597265688425|-273.9880425034127|-273.9880425034127|-273.9880425034127|-273.9880425034127|-273.9880425034127|-273.9880425034127|-274.0288716494921|-274.0534808166027|-274.0534808166027|-274.0534808166027|-274.0534808166027|-274.0796106486259|-274.0796106486259|-274.0796106486259|-274.0796106486259|-274.0796106486259|-274.0796106486259|-274.0796106486259|-274.0922064360686|-274.09425668035806|-274.09425668035806|-274.09425668035806|-274.09425668035806|-274.09425668035806|-274.09425668035806|-274.09425668035806|-274.09425668035806|-274.1073208805643|-274.1233266322402|-274.1233266322402|-274.1233266322402|-274.1233266322402|-274.1233266322402|-274.1233266322402|-274.1275185188573|-274.1275185188573|-274.12855791823876|-274.12855791823876|-274.12855791823876|-274.12855791823876|-274.12855791823876|-274.13274980485585|-274.13274980485585|-274.13274980485585|-274.13274980485585|-274.13274980485585|-274.13274980485585|-274.13274980485585|-274.13274980485585|-274.13274980485585|-274.13365899533704|-274.1364649417382|-274.14261697415566|-274.14261697415566|-274.1484876555251|-274.1484876555251|-274.1484876555251|-274.1484876555251|-274.1484876555251|-274.14939684600637|-274.14939684600637|-274.14939684600637|-274.14939684600637|-274.14939684600637|-274.14939684600637|-274.14939684600637|-274.14939684600637|-274.14939684600637|-274.14939684600637|-274.14939684600637|-274.14939684600637|-274.14939684600637|-274.14939684600637|-274.14939684600637|-274.14939684600637|-274.14939684600637|-274.14939684600637|-274.1547594539093|-274.1547594539093|-274.1547594539093|-274.1547594539093|-274.15706338183026|-274.15706338183026|-274.15706338183026|-274.15706338183026|-274.15706338183026|-274.15706338183026|-274.15706338183026|-274.15706338183026|-274.15706338183026|-274.15706338183026|-274.15706338183026|-274.1608329870737|-274.1608329870737|-274.1608329870737|-274.1608329870737|-274.1608329870737|-274.1608329870737|-274.1608329870737|-274.1608329870737|-274.1608329870737|-274.1608329870737|-274.1608329870737|-274.1608329870737|-274.1608329870737|-274.1608329870737|-274.1615105688105|-274.1615105688105|-274.1615105688105|-274.1615105688105|-274.1615105688105|-274.1615105688105|-274.1615231244521|-274.1615231244521|-274.1615231244521|-274.1616672355902|-274.1616672355902|-274.1616672355902|-274.1616672355902|-274.1616672355902|-274.1616672355902|-274.1616672355902|-274.1616672355902|-274.1616672355902|-274.1616672355902|-274.1616672355902|-274.1616672355902|-274.1616672355902|-274.1616672355902|-274.1616672355902|-274.1616672355902|-274.1616672355902|-274.1616672355902|-274.1616672355902|-274.1616672355902|-274.1616672355902|-274.1616672355902|-274.1616672355902|-274.1616672355902|-274.1616672355902|-274.1616672355902|-274.1616672355902|-274.1616672355902|-274.1616672355902|-274.16177644648087|-274.16177644648087|-274.16177644648087|-274.16177644648087|-274.16177644648087|-274.16177644648087|-274.16177644648087|-274.16177644648087|-274.16177644648087|-274.16177644648087|-274.16177644648087|-274.16177644648087|-274.16177644648087|-274.16177644648087|-274.16177644648087|-274.16177644648087|-274.16177644648087|-274.16177644648087|-274.16177644648087|-274.16211011917164|-274.16211011917164|-274.16211011917164|-274.16211011917164|-274.16211011917164|-274.16211011917164|-274.16211011917164|-274.16211011917164|-274.16211011917164|-274.16211011917164|-274.16211011917164|-274.16211011917164|-274.16211011917164|-274.16211011917164|-274.16211011917164|-274.16211011917164|-274.16211011917164|-274.1626634683857|-274.1626634683857|-274.1626634683857|-274.1626634683857|-274.1626634683857|-274.1626634683857|-274.1626634683857|-274.1626634683857|-274.1626634683857|-274.1626634683857|-274.1626634683857|-274.1626634683857|-274.1626634683857|-274.1626634683857|-274.1626634683857|-274.1626634683857|-274.1626634683857|-274.1626634683857|-274.1626634683857|-274.1626634683857|-274.1626634683857|-274.1626634683857|-274.1626634683857|-274.1626634683857|-274.1626634683857|-274.1626634683857|-274.1626634683857|-274.1626634683857|-274.1626634683857|-274.1626634683857|-274.1626634683857|-274.1626634683857|-274.1626634683857|-274.1626634683857|-274.1626634683857|-274.1626634683857|-274.1626634683857|-274.1626634683857|-274.1626634683857|-274.1626634683857|-274.1626634683857|-274.1626634683857|-274.1626634683857|-274.1626634683857|-274.1626634683857|-274.1626634683857|-274.1626634683857|-274.1626634683857|-274.1626634683857|-274.1626634683857|-274.1628905397557|-274.1628905397557|-274.1628905397557|-274.1628905397557|-274.1628905397557|-274.1628905397557|-274.1628905397557|-274.1628905397557|-274.1628905397557|-274.1628905397557|-274.1628905397557|-274.1628905397557
generations_300,5,100,300,5,0.5,10,70,105,10105,30100,-274.1625417608058,-2.9045589983353968,-2.9027612924821513,-2.901134371202755,-2.90285130598226,-2.9031038394583435,-2.9080415316065054,-2.9062436286550413,-248.40431940546426,-1.8932227640844088,-2.813850661200903,-2.9537979256210303,-3.2615681245036154,-2.7462039873118815,-2.14980202586447,-2.452799866137263,-174.25324162852579|-180.39883479876354|-186.0318989785561|-205.45413605253412|-208.89810952689322|-215.17826028713802|-219.7724372675817|-226.57970490387606|-229.69942788322402|-229.69942788322402|-236.5491198684093|-240.8216976665955|-240.8216976665955|-241.99391228932328|-248.18103818642544|-248.18103818642544|-248.93841943057308|-251.76634450342465|-251.76634450342465|-254.07533011973683|-266.2256151040369|-266.2256151040369|-266.2256151040369|-266.2256151040369|-270.44528588676684|-270.44528588676684|-271.03567294217913|-271.03567294217913|-271.03567294217913|-271.8362572182211|-273.2201089013781|-273.2201089013781|-273.2201089013781|-273.2201089013781|-273.2201089013781|-273.2201089013781|-273.78984441096424|-273.78984441096424|-273.78984441096424|-273.78984441096424|-273.78984441096424|-273.78984441096424|-273.7957564577691|-273.7957564577691|-273.7957564577691|-273.7957564577691|-273.7957564577691|-273.90349955843647|-273.90349955843647|-273.90349955843647|-273.90349955843647|-273.90349955843647|-273.9468680174876|-273.9468680174876|-273.9468680174876|-273.9468680174876|-273.95254501406356|-273.95254501406356|-273.95254501406356|-273.95470946216693|-273.9549445123958|-273.9549445123958|-273.98907008466335|-273.98907008466335|-274.02978019203823|-274.02978019203823|-274.0381155402905|-274.0381155402905|-274.0381155402905|-274.03835059051937|-274.03835059051937|-274.03835059051937|-274.03835059051937|-274.03835059051937|-274.0609809154064|-274.0609809154064|-274.0609809154064|-274.0609809154064|-274.06879760143363|-274.06879760143363|-274.06879760143363|-274.07127603232766|-274.07127603232766|-274.07805687008147|-274.1087389312246|-274.1087389312246|-274.1087389312246|-274.1282841213838|-274.1282841213838|-274.1282841213838|-274.14411451894256|-274.14411451894256|-274.14411451894256|-274.14411451894256|-274.14411451894256|-274.14411451894256|-274.1449813264344|-274.1449813264344|-274.1449813264344|-274.1449813264344|-274.1449813264344|-274.14948343179935|-274.1503502392912|-274.1503502392912|-274.1503502392912|-274.1503502392912|-274.1503502392912|-274.1503502392912|-274.1503502392912|-274.1503502392912|-274.1504565855932|-274.1504565855932|-274.1504565855932|-274.1504565855932|-274.1504565855932|-274.1504565855932|-274.1504565855932|-274.1504565855932|-274.1504565855932|-274.1504565855932|-274.1504565855932|-274.1504565855932|-274.1504565855932|-274.15045916821674|-274.15045916821674|-274.15045916821674|-274.15045916821674|-274.15045916821674|-274.16196708613563|-274.16196708613563|-274.16196708613563|-274.16196708613563|-274.16196708613563|-274.16196708613563|-274.16196708613563|-274.16196708613563|-274.1619696687592|-274.1619696687592|-274.1619696687592|-274.1619696687592|-274.1619696687592|-274.1619696687592|-274.1619696687592|-274.1619696687592|-274.1619696687592|-274.1619696687592|-274.1619696687592|-274.1619696687592|-274.1619696687592|-274.1619696687592|-274.1619696687592|-274.1619696687592|-274.1619696687592|-274.1619696687592|-274.1619696687592|-274.1619696687592|-274.1619696687592|-274.1619696687592|-274.1619696687592|-274.1619696687592|-274.1619696687592|-274.1619696687592|-274.1619696687592|-274.1619696687592|-274.1619696687592|-274.1619696687592|-274.1619696687592|-274.1619696687592|-274.1619696687592|-274.1619696687592|-274.1619696687592|-274.1619696687592|-274.1619696687592|-274.1619696687592|-274.1619696687592|-274.1619696687592|-274.1619696687592|-274.1619696687592|-274.1619696687592|-274.1619696687592|-274.1619696687592|-274.1619696687592|-274.1619696687592|-274.16204714128725|-274.16204714128725|-274.16204714128725|-274.16204714128725|-274.16204714128725|-274.16204714128725|-274.16204714128725|-274.16204714128725|-274.16204714128725|-274.16204714128725|-274.16204714128725|-274.16204714128725|-274.16204714128725|-274.16204714128725|-274.16204714128725|-274.16204714128725|-274.16204714128725|-274.16204714128725|-274.16204714128725|-274.16204714128725|-274.16204714128725|-274.16204714128725|-274.16204714128725|-274.16204714128725|-274.16204714128725|-274.16207422232026|-274.16207422232026|-274.16207422232026|-274.16207422232026|-274.16207422232026|-274.16207422232026|-274.16207422232026|-274.16207422232026|-274.16207422232026|-274.16207422232026|-274.16207422232026|-274.16207422232026|-274.16207422232026|-274.16207422232026|-274.16207422232026|-274.16207422232026|-274.16207422232026|-274.16207422232026|-274.16207422232026|-274.16207422232026|-274.16207422232026|-274.16207422232026|-274.16207422232026|-274.16207422232026|-274.16207422232026|-274.16207422232026|-274.16207422232026|-274.16207422232026|-274.16207422232026|-274.16207422232026|-274.16207422232026|-274.16207422232026|-274.16207422232026|-274.16207422232026|-274.162350605024|-274.162350605024|-274.162350605024|-274.162350605024|-274.162350605024|-274.162350605024|-274.162350605024|-274.162350605024|-274.162350605024|-274.162350605024|-274.162350605024|-274.162350605024|-274.162350605024|-274.162350605024|-274.162350605024|-274.162350605024|-274.162350605024|-274.162350605024|-274.162350605024|-274.162350605024|-274.162350605024|-274.162350605024|-274.162350605024|-274.162350605024|-274.162350605024|-274.162350605024|-274.162350605024|-274.162350605024|-274.162350605024|-274.162350605024|-274.162350605024|-274.162350605024|-274.162350605024|-274.162350605024|-274.162350605024|-274.162350605024|-274.162350605024|-274.162350605024|-274.162350605024|-274.162350605024|-274.162350605024|-274.162350605024|-274.1625417608058|-274.1625417608058|-274.1625417608058|-274.1625417608058|-274.1625417608058|-274.1625417608058|-274.1625417608058|-274.1625417608058|-274.1625417608058|-274.1625417608058|-274.1625417608058|-274.1625417608058|-274.1625417608058|-274.1625417608058|-274.1625417608058|-274.1625417608058|-274.1625417608058
generations_300,6,100,300,5,0.5,10,70,106,10106,30100,-274.1630264061944,-2.9025897744658518,-2.901941297336088,-2.902234273470266,-2.9035035789048615,-2.905058123249731,-2.903005678403227,-2.9034867423462853,-236.56383160694025,-2.4835041859898177,-2.8503684740823196,-2.811430050058157,-3.5611365179930043,-2.8151672219076893,-2.966046183763887,1.6410454429708103,-189.5949283796713|-189.5949283796713|-207.9561974655552|-219.80582841248636|-219.80582841248636|-219.80582841248636|-232.04761430416693|-254.49388562357896|-254.49388562357896|-254.49388562357896|-262.25071303069524|-262.25071303069524|-262.25071303069524|-265.3860820272121|-265.3860820272121|-265.3860820272121|-268.94011255487453|-268.97636307479934|-268.97636307479934|-268.97636307479934|-268.97636307479934|-269.7002637729697|-269.84513184540833|-271.14363935371466|-271.2366948648249|-271.2366948648249|-271.2366948648249|-271.36226994733937|-272.35995453666953|-272.35995453666953|-272.35995453666953|-272.35995453666953|-273.06665300710466|-273.3139845704634|-273.3139845704634|-273.3139845704634|-273.5337552724415|-273.5337552724415|-273.5337552724415|-273.5337552724415|-273.5337552724415|-273.5337552724415|-273.77650104364744|-273.77650104364744|-273.77650104364744|-273.77650104364744|-273.77650104364744|-273.77650104364744|-273.77650104364744|-273.77650104364744|-273.7948715393704|-273.7948715393704|-273.7948715393704|-273.7948715393704|-273.97806358161375|-273.97806358161375|-273.97806358161375|-273.97806358161375|-274.0335731134778|-274.0335731134778|-274.0335731134778|-274.0335731134778|-274.03521546849703|-274.0422338195737|-274.0672409119927|-274.0672409119927|-274.0672409119927|-274.0672409119927|-274.0740681342458|-274.0740681342458|-274.0740825397596|-274.08788307719215|-274.08788307719215|-274.08788307719215|-274.08788307719215|-274.08788307719215|-274.09446654431997|-274.09446654431997|-274.09446654431997|-274.09446654431997|-274.09710279909575|-274.09710279909575|-274.09710279909575|-274.1275268686949|-274.1275268686949|-274.1275268686949|-274.1275268686949|-274.1275268686949|-274.14025415190457|-274.14025415190457|-274.14025415190457|-274.14025415190457|-274.14271146910414|-274.14271146910414|-274.14271146910414|-274.14271146910414|-274.14868569672893|-274.14868569672893|-274.14868569672893|-274.14868569672893|-274.14868569672893|-274.14868569672893|-274.14868569672893|-274.14868569672893|-274.14868569672893|-274.14868569672893|-274.14868569672893|-274.15500591516786|-274.15500591516786|-274.15500591516786|-274.15500591516786|-274.15500591516786|-274.15500591516786|-274.15500591516786|-274.15500591516786|-274.15500591516786|-274.15500591516786|-274.15500591516786|-274.15500591516786|-274.16139309557786|-274.16139309557786|-274.16139309557786|-274.16139309557786|-274.16139309557786|-274.16139309557786|-274.16139309557786|-274.16139309557786|-274.16139309557786|-274.16139309557786|-274.16139309557786|-274.16139309557786|-274.16139309557786|-274.16139309557786|-274.16139309557786|-274.16139309557786|-274.1614179441896|-274.1614179441896|-274.1614179441896|-274.1614179441896|-274.1614179441896|-274.1614179441896|-274.1614179441896|-274.1614179441896|-274.1614179441896|-274.1614179441896|-274.1614179441896|-274.1614179441896|-274.1614179441896|-274.1614179441896|-274.1614179441896|-274.1614179441896|-274.1614179441896|-274.1614179441896|-274.1614179441896|-274.16154614863655|-274.16154614863655|-274.16154614863655|-274.16154614863655|-274.16154614863655|-274.16154614863655|-274.16154614863655|-274.16154614863655|-274.16154614863655|-274.16154614863655|-274.16154614863655|-274.16154614863655|-274.16154614863655|-274.16154614863655|-274.16154614863655|-274.16154614863655|-274.16154614863655|-274.16154614863655|-274.16154614863655|-274.16154614863655|-274.16154614863655|-274.16154614863655|-274.16154614863655|-274.16154614863655|-274.16154614863655|-274.16154614863655|-274.16154614863655|-274.16154614863655|-274.16154614863655|-274.16154614863655|-274.16154614863655|-274.16154614863655|-274.16154614863655|-274.16154614863655|-274.16154614863655|-274.16154614863655|-274.16154614863655|-274.16154614863655|-274.16154614863655|-274.16154614863655|-274.16154614863655|-274.16154614863655|-274.16154614863655|-274.16154614863655|-274.16154614863655|-274.16154614863655|-274.16154614863655|-274.16154614863655|-274.16154614863655|-274.16154614863655|-274.16154614863655|-274.16154614863655|-274.16154614863655|-274.16154614863655|-274.16154614863655|-274.1615975077499|-274.1615975077499|-274.1615975077499|-274.1615975077499|-274.1615975077499|-274.1615975077499|-274.1615975077499|-274.1615975077499|-274.1615975077499|-274.1615975077499|-274.1615975077499|-274.1615975077499|-274.1615975077499|-274.1615975077499|-274.1615975077499|-274.1615975077499|-274.16160999120774|-274.16160999120774|-274.16160999120774|-274.16160999120774|-274.16160999120774|-274.16160999120774|-274.16160999120774|-274.16160999120774|-274.16160999120774|-274.16299394837415|-274.16299394837415|-274.16299394837415|-274.16299394837415|-274.16299394837415|-274.16299394837415|-274.16299394837415|-274.16299394837415|-274.16299394837415|-274.16299394837415|-274.16299394837415|-274.1629969863583|-274.1629969863583|-274.1629969863583|-274.1629969863583|-274.1629969863583|-274.1629969863583|-274.1629969863583|-274.1629969863583|-274.1629969863583|-274.1629969863583|-274.1629969863583|-274.1629969863583|-274.1629969863583|-274.1629969863583|-274.1629969863583|-274.1629969863583|-274.1630264061944|-274.1630264061944|-274.1630264061944|-274.1630264061944|-274.1630264061944|-274.1630264061944|-274.1630264061944|-274.1630264061944|-274.1630264061944|-274.1630264061944|-274.1630264061944|-274.1630264061944|-274.1630264061944|-274.1630264061944|-274.1630264061944|-274.1630264061944|-274.1630264061944|-274.1630264061944|-274.1630264061944|-274.1630264061944|-274.1630264061944|-274.1630264061944|-274.1630264061944|-274.1630264061944|-274.1630264061944|-274.1630264061944|-274.1630264061944|-274.1630264061944|-274.1630264061944|-274.1630264061944|-274.1630264061944|-274.1630264061944|-274.1630264061944|-274.1630264061944|-274.1630264061944|-274.1630264061944|-274.1630264061944|-274.1630264061944|-274.1630264061944|-274.1630264061944
generations_300,7,100,300,5,0.5,10,70,107,10107,30100,-274.1630506897725,-2.902298374750202,-2.903591012531085,-2.903044731733978,-2.9037649519596553,-2.901426858695001,-2.9035369444323074,-2.903292839706811,-231.78216227228242,-1.6429962817820911,-3.1502619470040125,-2.9479819791636697,2.024929331191517,-3.123104808593661,-2.962563685942081,-3.3127799171589976,-173.04263249712506|-177.3648122283526|-183.59359801068172|-203.83485762231447|-203.83485762231447|-218.16235942559138|-218.16235942559138|-218.16235942559138|-224.26141882421172|-225.796921758756|-225.796921758756|-233.05294418644075|-253.91088928874495|-253.91088928874495|-257.60314665269135|-260.09125970955984|-260.09125970955984|-260.09125970955984|-260.48148613647083|-260.7254950222765|-262.12914422204136|-265.8502425971574|-266.56661027911855|-267.13497892219885|-267.13497892219885|-269.79886314285017|-270.2214228066555|-271.1043999741746|-271.48537202777885|-271.48537202777885|-271.5262469324204|-271.92722272842263|-272.7148896715879|-272.7148896715879|-272.7148896715879|-272.7148896715879|-273.08131219700215|-273.08131219700215|-273.32352004447057|-273.32352004447057|-273.32352004447057|-273.5446568237408|-273.5446568237408|-273.5446568237408|-273.61677818446515|-273.61677818446515|-273.61677818446515|-273.7138697820614|-273.7138697820614|-273.78599114278575|-273.78599114278575|-273.9057470252398|-273.9057470252398|-273.9057470252398|-273.9057470252398|-273.9057470252398|-273.9057470252398|-273.9057470252398|-273.9057470252398|-273.9057470252398|-273.9465467138671|-273.9465467138671|-273.9465795720072|-273.9465795720072|-274.0187009327315|-274.0187009327315|-274.0187009327315|-274.0187009327315|-274.0257791827587|-274.05950062135884|-274.05950062135884|-274.13665595896515|-274.13665595896515|-274.13665595896515|-274.13665595896515|-274.13665595896515|-274.13665595896515|-274.13665595896515|-274.13665595896515|-274.13665595896515|-274.13665595896515|-274.13665595896515|-274.13665595896515|-274.13680914382996|-274.13680914382996|-274.13680914382996|-274.13680914382996|-274.13680914382996|-274.13680914382996|-274.13680914382996|-274.1419214011506|-274.1419214011506|-274.1419214011506|-274.14207458601544|-274.14207458601544|-274.14207458601544|-274.14207458601544|-274.14207458601544|-274.15291973754984|-274.15291973754984|-274.15291973754984|-274.15291973754984|-274.15291973754984|-274.15307292241465|-274.15307292241465|-274.156429724732|-274.156429724732|-274.156429724732|-274.156429724732|-274.156429724732|-274.156429724732|-274.156429724732|-274.156429724732|-274.156429724732|-274.156429724732|-274.156429724732|-274.156429724732|-274.156429724732|-274.156429724732|-274.156429724732|-274.1592444747765|-274.1592444747765|-274.1592444747765|-274.1592444747765|-274.1592444747765|-274.1592444747765|-274.1592444747765|-274.1592444747765|-274.1592444747765|-274.1592444747765|-274.1597180215164|-274.1597180215164|-274.1597180215164|-274.1597180215164|-274.1597180215164|-274.15983007124885|-274.15983007124885|-274.15983007124885|-274.15983007124885|-274.15983007124885|-274.15983007124885|-274.15983007124885|-274.15983007124885|-274.15983007124885|-274.15983007124885|-274.15983007124885|-274.15983007124885|-274.15983007124885|-274.15983007124885|-274.15983007124885|-274.15983007124885|-274.15983007124885|-274.15983007124885|-274.15983007124885|-274.15983007124885|-274.15983007124885|-274.15983007124885|-274.15983007124885|-274.15983007124885|-274.15983007124885|-274.15983007124885|-274.15983007124885|-274.15983007124885|-274.1600650893368|-274.1600650893368|-274.1600650893368|-274.1600650893368|-274.1600650893368|-274.1600650893368|-274.1600650893368|-274.1600650893368|-274.1600650893368|-274.1600650893368|-274.1600650893368|-274.1600650893368|-274.1624528414511|-274.1624528414511|-274.1624528414511|-274.1624528414511|-274.1624528414511|-274.1624528414511|-274.1624528414511|-274.1624528414511|-274.1624528414511|-274.1624528414511|-274.1624528414511|-274.1624528414511|-274.1624528414511|-274.1624528414511|-274.1624528414511|-274.1624528414511|-274.1624528414511|-274.1624528414511|-274.1624528414511|-274.1624528414511|-274.1624528414511|-274.1624528414511|-274.1624528414511|-274.1630105696116|-274.1630105696116|-274.1630105696116|-274.1630105696116|-274.1630105696116|-274.1630105696116|-274.1630105696116|-274.1630105696116|-274.1630105696116|-274.1630105696116|-274.1630105696116|-274.1630105696116|-274.1630105696116|-274.1630105696116|-274.1630105696116|-274.1630105696116|-274.1630105696116|-274.1630105696116|-274.1630105696116|-274.1630105696116|-274.1630105696116|-274.1630105696116|-274.1630105696116|-274.1630105696116|-274.1630105696116|-274.1630105696116|-274.1630105696116|-274.1630105696116|-274.1630105696116|-274.1630105696116|-274.1630105696116|-274.1630105696116|-274.1630105696116|-274.1630105696116|-274.1630105696116|-274.1630105696116|-274.1630105696116|-274.1630105696116|-274.1630105696116|-274.1630105696116|-274.1630105696116|-274.1630105696116|-274.1630105696116|-274.1630105696116|-274.1630105696116|-274.1630105696116|-274.1630105696116|-274.1630105696116|-274.1630105696116|-274.1630105696116|-274.1630105696116|-274.1630105696116|-274.1630105696116|-274.1630105696116|-274.1630105696116|-274.1630105696116|-274.1630105696116|-274.1630105696116|-274.1630105696116|-274.1630105696116|-274.1630105696116|-274.1630105696116|-274.1630105696116|-274.1630105696116|-274.1630105696116|-274.1630105696116|-274.1630105696116|-274.16301241821157|-274.16301241821157|-274.16301241821157|-274.16301241821157|-274.16301241821157|-274.16301241821157|-274.16301241821157|-274.16301241821157|-274.16301241821157|-274.16301241821157|-274.16301241821157|-274.16301241821157|-274.16301241821157|-274.1630506897725|-274.1630506897725|-274.1630506897725|-274.1630506897725|-274.1630506897725|-274.1630506897725|-274.1630506897725|-274.1630506897725|-274.1630506897725|-274.1630506897725|-274.1630506897725|-274.1630506897725|-274.1630506897725|-274.1630506897725|-274.1630506897725|-274.1630506897725|-274.1630506897725|-274.1630506897725|-274.1630506897725|-274.1630506897725|-274.1630506897725|-274.1630506897725|-274.1630506897725
generations_300,8,100,300,5,0.5,10,70,108,10108,30100,-274.16237527288575,-2.9016012944149803,-2.900846046395903,-2.9035607575519435,-2.9038491746092863,-2.9061229943343485,-2.8984260764739886,-2.904787202152716,-248.48020601252023,-3.380643073279165,-2.71147468898108,-3.240031649370698,-2.672253970605678,2.563537311442463,-2.577372093656569,-3.1576609660882857,-191.8969775632986|-191.8969775632986|-191.8969775632986|-191.8969775632986|-206.3438824740736|-206.3438824740736|-216.99585761157152|-216.99585761157152|-221.1949154296321|-225.42499436548445|-250.0783818651051|-250.0783818651051|-256.459051538258|-256.459051538258|-256.46818344006255|-257.01047075892575|-259.22939808821985|-261.2330422210785|-262.0168702794353|-262.0168702794353|-262.49565784684444|-263.913192183118|-264.0351915741742|-265.4555430167175|-265.4555430167175|-266.9473077655805|-268.29881899990403|-268.29881899990403|-268.8659820932489|-268.8659820932489|-272.285205928963|-272.285205928963|-272.285205928963|-272.285205928963|-272.2919391132209|-272.43253541842694|-273.585903940098|-273.585903940098|-273.585903940098|-273.585903940098|-273.7567965759123|-273.7567965759123|-273.7567965759123|-273.7567965759123|-273.7567965759123|-273.7567965759123|-273.7567965759123|-273.7698941732716|-273.7698941732716|-273.9077604518576|-273.9077604518576|-273.9077604518576|-273.9077604518576|-273.9077604518576|-273.9600761843167|-273.9668093685746|-273.973173781676|-273.973173781676|-273.973173781676|-273.973173781676|-273.973173781676|-273.973173781676|-273.973173781676|-273.973173781676|-273.9914431588994|-273.9914431588994|-274.05349210869394|-274.05349210869394|-274.05349210869394|-274.05349210869394|-274.05349210869394|-274.05349210869394|-274.09629101067725|-274.09629101067725|-274.09629101067725|-274.09629101067725|-274.09629101067725|-274.09629101067725|-274.09629101067725|-274.09629101067725|-274.09629101067725|-274.09629101067725|-274.097674019311|-274.097674019311|-274.097674019311|-274.097674019311|-274.097674019311|-274.097674019311|-274.097674019311|-274.097674019311|-274.097674019311|-274.097674019311|-274.09787363804236|-274.0980616852927|-274.0980616852927|-274.0996443126578|-274.0996443126578|-274.14086539988955|-274.14086539988955|-274.14086539988955|-274.14086539988955|-274.14086539988955|-274.14086539988955|-274.14086539988955|-274.14086539988955|-274.14086539988955|-274.14086539988955|-274.1444035105839|-274.1488439183986|-274.1488439183986|-274.1488439183986|-274.1488439183986|-274.1488439183986|-274.1488439183986|-274.1488439183986|-274.1488439183986|-274.1488439183986|-274.1488439183986|-274.1488439183986|-274.1488439183986|-274.15394028483394|-274.15394028483394|-274.15394028483394|-274.15394028483394|-274.15394028483394|-274.1545666662838|-274.1545666662838|-274.1545666662838|-274.1545666662838|-274.1545666662838|-274.1545666662838|-274.1545666662838|-274.1545666662838|-274.1545666662838|-274.1545666662838|-274.1545666662838|-274.1545666662838|-274.1545666662838|-274.1545666662838|-274.1545666662838|-274.1545666662838|-274.1545666662838|-274.1545666662838|-274.1545666662838|-274.1545666662838|-274.1545666662838|-274.1545666662838|-274.1545666662838|-274.1545666662838|-274.1545666662838|-274.1545666662838|-274.1545666662838|-274.1576167957065|-274.1576167957065|-274.1576167957065|-274.1576167957065|-274.1576167957065|-274.1576167957065|-274.1576167957065|-274.1576167957065|-274.1576167957065|-274.1576167957065|-274.1576167957065|-274.1576167957065|-274.1576167957065|-274.1576167957065|-274.1576167957065|-274.1576167957065|-274.1576494707403|-274.1576494707403|-274.1576494707403|-274.1576494707403|-274.1576494707403|-274.1576494707403|-274.1576494707403|-274.1576494707403|-274.1576494707403|-274.1576494707403|-274.1576494707403|-274.1576494707403|-274.1576494707403|-274.1576494707403|-274.1576494707403|-274.1576494707403|-274.1576494707403|-274.1576494707403|-274.1576494707403|-274.1576494707403|-274.1576494707403|-274.1576494707403|-274.1576494707403|-274.1576494707403|-274.1576494707403|-274.1576494707403|-274.1576494707403|-274.1576494707403|-274.15787873997436|-274.1584577796442|-274.1584577796442|-274.1584577796442|-274.1584577796442|-274.1584577796442|-274.1584577796442|-274.1584577796442|-274.1584577796442|-274.1584577796442|-274.1584577796442|-274.1584577796442|-274.1598543598077|-274.1598543598077|-274.1598543598077|-274.1598543598077|-274.1598543598077|-274.1598543598077|-274.1598543598077|-274.1598543598077|-274.1598543598077|-274.1598543598077|-274.1598543598077|-274.1598543598077|-274.1598543598077|-274.1598543598077|-274.1598543598077|-274.1598543598077|-274.1598543598077|-274.1598543598077|-274.1598543598077|-274.1620747336607|-274.1620747336607|-274.1620747336607|-274.1620747336607|-274.1620747336607|-274.1620747336607|-274.1620747336607|-274.1620747336607|-274.1620747336607|-274.1620747336607|-274.1620747336607|-274.1620747336607|-274.1620747336607|-274.1620747336607|-274.1620747336607|-274.1620747336607|-274.1620747336607|-274.1620747336607|-274.1620747336607|-274.1620747336607|-274.1620747336607|-274.1620747336607|-274.1620747336607|-274.1620747336607|-274.1620747336607|-274.1620747336607|-274.1620747336607|-274.1620747336607|-274.1620747336607|-274.1620747336607|-274.1620747336607|-274.1620747336607|-274.16213645907794|-274.16213645907794|-274.16213645907794|-274.16213645907794|-274.16213645907794|-274.16213645907794|-274.16213645907794|-274.16213645907794|-274.16213645907794|-274.16213645907794|-274.16213645907794|-274.16213645907794|-274.16213645907794|-274.16213645907794|-274.16213645907794|-274.16213645907794|-274.16213645907794|-274.16213645907794|-274.16213645907794|-274.16213645907794|-274.16213645907794|-274.16213645907794|-274.16237527288575|-274.16237527288575|-274.16237527288575|-274.16237527288575|-274.16237527288575|-274.16237527288575|-274.16237527288575|-274.16237527288575|-274.16237527288575|-274.16237527288575|-274.16237527288575|-274.16237527288575|-274.16237527288575|-274.16237527288575|-274.16237527288575|-274.16237527288575|-274.16237527288575|-274.16237527288575|-274.16237527288575|-274.16237527288575
generations_300,9,100,300,5,0.5,10,70,109,10109,30100,-260.02543019984284,-2.904125378441773,-2.9048939516438157,-2.902418680109579,-2.907980691570679,2.750304487942959,-2.9082456798790144,-2.9051388808321397,-235.21108986335776,-3.1005417856267927,-2.7977661893879633,2.711099154640463,-3.126552383425948,-2.8146035644666267,3.246181337687254,-3.3679344456561013,-175.2647530963705|-175.2647530963705|-193.80045334902888|-193.80045334902888|-193.80045334902888|-212.8512440418933|-213.23514622033161|-221.60238472814652|-221.89023344739076|-225.26828621423903|-234.44794585996672|-234.44794585996672|-234.44794585996672|-236.43436497935875|-246.3030634284365|-246.42109024012402|-246.42109024012402|-249.78318439579365|-249.78318439579365|-250.124437673853|-250.84109392261811|-253.02827724466707|-254.628009233213|-254.66736692294927|-256.07426498483824|-256.77283198358055|-256.79092123360334|-256.79092123360334|-257.5864976729325|-257.5864976729325|-258.44940436623557|-258.44940436623557|-258.44940436623557|-259.40822160303264|-259.40822160303264|-259.40822160303264|-259.40822160303264|-259.40822160303264|-259.40822160303264|-259.40822160303264|-259.40822160303264|-259.75229068930366|-259.75229068930366|-259.75229068930366|-259.75229068930366|-259.75229068930366|-259.75229068930366|-259.75229068930366|-259.75229068930366|-259.75229068930366|-259.8650795196353|-259.8650795196353|-259.8806092873525|-259.8806092873525|-259.8806092873525|-259.8806092873525|-259.9009403214019|-259.90654544486375|-259.90654544486375|-259.90654544486375|-259.922075212581|-259.922075212581|-259.922075212581|-259.922075212581|-259.922075212581|-259.922075212581|-259.9303451996292|-259.9303451996292|-259.9303451996292|-259.9303451996292|-259.9415111862827|-259.94993742301364|-259.94993742301364|-259.94993742301364|-259.94993742301364|-259.94993742301364|-259.9564637813398|-259.9564637813398|-259.9728180387954|-259.97397918052735|-259.97397918052735|-259.97397918052735|-259.99527215466134|-259.99527215466134|-260.0102247497184|-260.0102247497184|-260.0102247497184|-260.0102247497184|-260.0102247497184|-260.0102247497184|-260.0102247497184|-260.0102247497184|-260.0102247497184|-260.0102247497184|-260.0102247497184|-260.0102247497184|-260.0102247497184|-260.0102247497184|-260.0102247497184|-260.0102247497184|-260.0102247497184|-260.0102247497184|-260.0102247497184|-260.0102247497184|-260.0102247497184|-260.0102247497184|-260.0102247497184|-260.0102247497184|-260.0121754570311|-260.0121754570311|-260.0121754570311|-260.0121754570311|-260.0121754570311|-260.0121754570311|-260.0121754570311|-260.0121754570311|-260.0121754570311|-260.01641731377134|-260.01641731377134|-260.01641731377134|-260.01641731377134|-260.01641731377134|-260.01641731377134|-260.01641731377134|-260.01641731377134|-260.01641731377134|-260.01641731377134|-260.01641731377134|-260.01641731377134|-260.01641731377134|-260.01641731377134|-260.01641731377134|-260.01641731377134|-260.01641731377134|-260.0208746190224|-260.0208746190224|-260.0208746190224|-260.0208746190224|-260.0208746190224|-260.0208746190224|-260.0208746190224|-260.0208746190224|-260.0208746190224|-260.0208746190224|-260.0208746190224|-260.0208746190224|-260.0208746190224|-260.0208746190224|-260.0208746190224|-260.0208746190224|-260.0208746190224|-260.0208746190224|-260.0208746190224|-260.0208746190224|-260.0208746190224|-260.0208746190224|-260.0212102951599|-260.0212102951599|-260.02277508679396|-260.02277508679396|-260.02277508679396|-260.02277508679396|-260.02277508679396|-260.02277508679396|-260.02277508679396|-260.02277508679396|-260.02277508679396|-260.02283725574955|-260.02283725574955|-260.02283725574955|-260.02283725574955|-260.02308972019296|-260.02308972019296|-260.0236939391968|-260.0236939391968|-260.0236939391968|-260.0236939391968|-260.0236939391968|-260.0236939391968|-260.0236939391968|-260.0240085725958|-260.0240085725958|-260.0240085725958|-260.0240085725958|-260.0240085725958|-260.0240085725958|-260.0240085725958|-260.0240085725958|-260.0240085725958|-260.02464183515923|-260.02464183515923|-260.02464183515923|-260.02464183515923|-260.02464183515923|-260.02464183515923|-260.02464183515923|-260.02464183515923|-260.02464183515923|-260.02464183515923|-260.02464183515923|-260.02464183515923|-260.02464183515923|-260.02464183515923|-260.02464183515923|-260.02464183515923|-260.02464183515923|-260.02464183515923|-260.02464183515923|-260.02464183515923|-260.02464183515923|-260.02464183515923|-260.02464183515923|-260.02464183515923|-260.02464183515923|-260.02464183515923|-260.02464183515923|-260.02464183515923|-260.0253066234288|-260.0253066234288|-260.0253066234288|-260.0253066234288|-260.0253066234288|-260.0253066234288|-260.0253066234288|-260.0253947918584|-260.0253947918584|-260.0253947918584|-260.0253947918584|-260.0253947918584|-260.0253947918584|-260.0253947918584|-260.0253947918584|-260.0253947918584|-260.0253947918584|-260.0253947918584|-260.0253947918584|-260.0253947918584|-260.0253947918584|-260.0253947918584|-260.0253947918584|-260.0253947918584|-260.0253947918584|-260.0253947918584|-260.0253947918584|-260.0253947918584|-260.0253947918584|-260.0253947918584|-260.0253947918584|-260.0253947918584|-260.0253947918584|-260.0253947918584|-260.0253947918584|-260.0253947918584|-260.0253947918584|-260.0253947918584|-260.0253947918584|-260.0253947918584|-260.0253947918584|-260.0253947918584|-260.0253947918584|-260.0253947918584|-260.0253947918584|-260.0253947918584|-260.0253947918584|-260.0253947918584|-260.0253947918584|-260.0253947918584|-260.0253947918584|-260.0253947918584|-260.0253947918584|-260.0253947918584|-260.0253947918584|-260.0253947918584|-260.0253947918584|-260.0253947918584|-260.0253947918584|-260.0253947918584|-260.0253947918584|-260.0253947918584|-260.0253947918584|-260.0253947918584|-260.0253947918584|-260.0253947918584|-260.0253947918584|-260.0253947918584|-260.0253947918584|-260.0253947918584|-260.0253947918584|-260.0253947918584|-260.0253947918584|-260.0253947918584|-260.0253947918584|-260.0253947918584|-260.0253947918584|-260.0253947918584|-260.02543019984284|-260.02543019984284|-260.02543019984284|-260.02543019984284|-260.02543019984284|-260.02543019984284
generations_300,10,100,300,5,0.5,10,70,110,10110,30100,-274.1619130919159,-2.909448137127002,-2.908878004939822,-2.902098896538825,-2.901173506916115,-2.903962147447442,-2.903193167393569,-2.9042587590879974,-238.077749125171,-2.6273736117730326,-2.569701532276334,-3.5153635684306317,1.8893263271011946,-3.190466062310687,-2.5707823455713164,-2.7639860635032,-194.41130411522406|-201.55801025020259|-215.53433168808732|-222.64663227845978|-251.32177555030646|-251.32177555030646|-251.32177555030646|-254.13955339950226|-254.13955339950226|-254.13955339950226|-255.65032881755528|-263.7387291066036|-263.7387291066036|-267.24023701894424|-267.24023701894424|-267.9162913625254|-267.9162913625254|-267.9162913625254|-269.9461755636333|-269.9461755636333|-269.9461755636333|-270.3051211185948|-270.3051211185948|-270.3051211185948|-270.54089985444796|-271.1252200238125|-271.4870477773653|-271.76573485888764|-271.7944166307099|-271.9210433271577|-272.1124188720784|-272.43569697817674|-272.43569697817674|-272.7213428367935|-273.46784636798463|-273.46784636798463|-273.46784636798463|-273.54601651174|-273.900793543062|-273.900793543062|-273.90116785659086|-273.90116785659086|-273.90140868006927|-273.90140868006927|-273.9045699006522|-273.95315186823046|-273.95315186823046|-274.02235579039234|-274.02235579039234|-274.02235579039234|-274.02235579039234|-274.02235579039234|-274.03868116862384|-274.03868116862384|-274.03868116862384|-274.03868116862384|-274.03868116862384|-274.03868116862384|-274.03868116862384|-274.03868116862384|-274.0704711030093|-274.0851379067777|-274.0851379067777|-274.0851379067777|-274.0882727154513|-274.0882727154513|-274.0882727154513|-274.0882727154513|-274.0882727154513|-274.0882727154513|-274.0882727154513|-274.0882727154513|-274.0882727154513|-274.0882727154513|-274.0882727154513|-274.0882727154513|-274.0882727154513|-274.1060747231225|-274.1060747231225|-274.1103403463543|-274.1103403463543|-274.1103403463543|-274.1267678032196|-274.1267678032196|-274.1310334264514|-274.1310334264514|-274.1310334264514|-274.1310334264514|-274.13395756390827|-274.13395756390827|-274.13395756390827|-274.1343164504813|-274.1343164504813|-274.1343164504813|-274.1353914907735|-274.1353914907735|-274.1353914907735|-274.1353914907735|-274.1353914907735|-274.1353914907735|-274.1353914907735|-274.1353914907735|-274.1353914907735|-274.1415317751394|-274.14855256994684|-274.15319777906535|-274.15319777906535|-274.15319777906535|-274.15319777906535|-274.15319777906535|-274.15319777906535|-274.1555928462873|-274.1555928462873|-274.1555928462873|-274.1555928462873|-274.1555928462873|-274.1555928462873|-274.1555928462873|-274.1555928462873|-274.1555928462873|-274.1555928462873|-274.1555928462873|-274.15613200671805|-274.1585355314198|-274.1585355314198|-274.1585355314198|-274.1585355314198|-274.1585355314198|-274.1585355314198|-274.1585355314198|-274.1585355314198|-274.1585355314198|-274.1585355314198|-274.1585355314198|-274.1585355314198|-274.1585355314198|-274.1585355314198|-274.1585355314198|-274.1585355314198|-274.1585355314198|-274.1585355314198|-274.1585355314198|-274.1585355314198|-274.1585355314198|-274.1585355314198|-274.1585355314198|-274.1585355314198|-274.1585355314198|-274.1585355314198|-274.1585355314198|-274.1585355314198|-274.1585355314198|-274.1585355314198|-274.1585355314198|-274.1585355314198|-274.1585355314198|-274.1585355314198|-274.1585355314198|-274.1585355314198|-274.1585355314198|-274.1585355314198|-274.16145660779864|-274.16145660779864|-274.16145660779864|-274.16145660779864|-274.16145660779864|-274.16145660779864|-274.16145660779864|-274.16145660779864|-274.16145660779864|-274.16145660779864|-274.16145660779864|-274.16145660779864|-274.16145660779864|-274.16145660779864|-274.16145660779864|-274.16145660779864|-274.16145660779864|-274.16145660779864|-274.1616382570604|-274.1616382570604|-274.1616382570604|-274.1616382570604|-274.1616382570604|-274.1616382570604|-274.1616382570604|-274.1616382570604|-274.1616382570604|-274.1616382570604|-274.1616382570604|-274.1616382570604|-274.1616382570604|-274.1616382570604|-274.1617528897134|-274.1617528897134|-274.1617528897134|-274.1617528897134|-274.1617528897134|-274.1617528897134|-274.1617528897134|-274.1617528897134|-274.1617528897134|-274.1617528897134|-274.1617528897134|-274.1617528897134|-274.1617528897134|-274.1617528897134|-274.161910150349|-274.161910150349|-274.161910150349|-274.161910150349|-274.161910150349|-274.161910150349|-274.161910150349|-274.161910150349|-274.161910150349|-274.161910150349|-274.161910150349|-274.161910150349|-274.161910150349|-274.161910150349|-274.161910150349|-274.161910150349|-274.161910150349|-274.161910150349|-274.161910150349|-274.161910150349|-274.161910150349|-274.1619130919159|-274.1619130919159|-274.1619130919159|-274.1619130919159|-274.1619130919159|-274.1619130919159|-274.1619130919159|-274.1619130919159|-274.1619130919159|-274.1619130919159|-274.1619130919159|-274.1619130919159|-274.1619130919159|-274.1619130919159|-274.1619130919159|-274.1619130919159|-274.1619130919159|-274.1619130919159|-274.1619130919159|-274.1619130919159|-274.1619130919159|-274.1619130919159|-274.1619130919159|-274.1619130919159|-274.1619130919159|-274.1619130919159|-274.1619130919159|-274.1619130919159|-274.1619130919159|-274.1619130919159|-274.1619130919159|-274.1619130919159|-274.1619130919159|-274.1619130919159|-274.1619130919159|-274.1619130919159|-274.1619130919159|-274.1619130919159|-274.1619130919159|-274.1619130919159|-274.1619130919159|-274.1619130919159|-274.1619130919159|-274.1619130919159|-274.1619130919159|-274.1619130919159|-274.1619130919159|-274.1619130919159|-274.1619130919159|-274.1619130919159|-274.1619130919159|-274.1619130919159|-274.1619130919159|-274.1619130919159|-274.1619130919159|-274.1619130919159|-274.1619130919159|-274.1619130919159|-274.1619130919159|-274.1619130919159|-274.1619130919159|-274.1619130919159|-274.1619130919159|-274.1619130919159|-274.1619130919159|-274.1619130919159|-274.1619130919159|-274.1619130919159|-274.1619130919159|-274.1619130919159|-274.1619130919159|-274.1619130919159|-274.1619130919159
generations_300,11,100,300,5,0.5,10,70,111,10111,30100,-274.16224612656083,-2.9043003521022204,-2.8989339144368866,-2.9049172640566243,-2.908798830850373,-2.902544358238018,-2.903049530762303,-2.904019449963486,-254.41690016974528,-3.0100992386130443,-2.744821684401637,-3.4458894040991153,-3.244433797702202,-3.4469634701842944,-3.2781653872604033,-2.5410725753605004,-178.65060161169092|-182.13634206291636|-199.7745619506179|-211.09899949391186|-215.80558241346978|-215.80558241346978|-215.80558241346978|-223.98514910623047|-228.74966910838893|-240.85134381948134|-241.94941991682984|-243.0471673544366|-249.0042703072109|-249.0042703072109|-263.117354318625|-263.117354318625|-263.117354318625|-263.117354318625|-264.29095786466655|-268.4241832314184|-268.4241832314184|-268.6652095697084|-268.6652095697084|-268.6652095697084|-270.5376892945295|-270.5376892945295|-271.04859315510964|-271.04859315510964|-271.04859315510964|-271.1337112995821|-271.85746477341326|-271.85746477341326|-272.0351295474872|-272.0351295474872|-272.09524178546604|-272.136235424841|-272.136235424841|-272.661339537116|-272.892797473176|-272.892797473176|-272.892797473176|-272.892797473176|-272.892797473176|-272.8958800618396|-272.9322729657402|-273.2560469958071|-273.2560469958071|-273.2560469958071|-273.33126225824947|-273.5716612617964|-273.5716612617964|-273.5716612617964|-273.5716612617964|-273.5716612617964|-273.5716612617964|-273.65344855776704|-273.65344855776704|-273.9503737629135|-273.9503737629135|-273.9503737629135|-273.9503737629135|-273.9503737629135|-273.95784985293665|-273.95784985293665|-273.95784985293665|-273.95784985293665|-273.95784985293665|-273.95784985293665|-274.00311492261795|-274.00311492261795|-274.00311492261795|-274.00311492261795|-274.00311492261795|-274.00596859453367|-274.01709150210786|-274.01908913887195|-274.01908913887195|-274.0799643470032|-274.0799643470032|-274.0799643470032|-274.0799643470032|-274.0799643470032|-274.0799643470032|-274.10056098136465|-274.10056098136465|-274.10056098136465|-274.10056098136465|-274.10341465328037|-274.10341465328037|-274.1057778130882|-274.1057778130882|-274.1057778130882|-274.1057778130882|-274.1057778130882|-274.1057778130882|-274.1057778130882|-274.1057778130882|-274.1057778130882|-274.1057778130882|-274.1057778130882|-274.13727852925314|-274.13727852925314|-274.13727852925314|-274.13727852925314|-274.1424953609767|-274.1424953609767|-274.1424953609767|-274.1424953609767|-274.1424953609767|-274.1424953609767|-274.1424953609767|-274.1424953609767|-274.1424953609767|-274.1424953609767|-274.1424953609767|-274.1424953609767|-274.1424953609767|-274.1424953609767|-274.1424953609767|-274.14287182757084|-274.1438318051547|-274.1466999631849|-274.1466999631849|-274.1466999631849|-274.1466999631849|-274.1466999631849|-274.1467637840738|-274.1467637840738|-274.1467637840738|-274.1467637840738|-274.1467637840738|-274.1467637840738|-274.1467637840738|-274.1467637840738|-274.1467637840738|-274.1467637840738|-274.1467637840738|-274.14724355341593|-274.14724355341593|-274.14724355341593|-274.14724355341593|-274.14724355341593|-274.14724355341593|-274.15091252634403|-274.15091252634403|-274.15091252634403|-274.15091252634403|-274.15091252634403|-274.15091252634403|-274.15091252634403|-274.15091252634403|-274.15091252634403|-274.1513942723648|-274.1513942723648|-274.1513942723648|-274.15826087377945|-274.15826087377945|-274.15826087377945|-274.15826087377945|-274.15826087377945|-274.15826087377945|-274.15826087377945|-274.15826087377945|-274.15826087377945|-274.15826087377945|-274.15826087377945|-274.15924195523706|-274.15924195523706|-274.15924195523706|-274.15924195523706|-274.15924195523706|-274.15924195523706|-274.15924195523706|-274.15924195523706|-274.15924195523706|-274.15924195523706|-274.15924195523706|-274.1593751606741|-274.1593751606741|-274.1593751606741|-274.1593751606741|-274.1593751606741|-274.1593751606741|-274.1593751606741|-274.1593751606741|-274.1593751606741|-274.1593751606741|-274.1593751606741|-274.1593751606741|-274.1593751606741|-274.1593751606741|-274.1593751606741|-274.1593751606741|-274.1593751606741|-274.1593751606741|-274.1593751606741|-274.1593751606741|-274.1593751606741|-274.1597953794864|-274.1597953794864|-274.1597953794864|-274.1597953794864|-274.1597953794864|-274.1597953794864|-274.1597953794864|-274.1597953794864|-274.1597953794864|-274.15997290615513|-274.15997290615513|-274.15997290615513|-274.15997290615513|-274.15997290615513|-274.15997290615513|-274.15997290615513|-274.15997290615513|-274.15997290615513|-274.15997290615513|-274.15997290615513|-274.15997290615513|-274.15997290615513|-274.15997290615513|-274.15997290615513|-274.15997290615513|-274.15997290615513|-274.15997290615513|-274.15997290615513|-274.15997290615513|-274.15997290615513|-274.15997290615513|-274.15997290615513|-274.15997290615513|-274.15997290615513|-274.15997290615513|-274.15997290615513|-274.15997290615513|-274.16068296814103|-274.16068296814103|-274.16068296814103|-274.16068296814103|-274.16068296814103|-274.16068296814103|-274.16068296814103|-274.16068296814103|-274.16109799106715|-274.16109799106715|-274.16109799106715|-274.16109799106715|-274.16109799106715|-274.16109799106715|-274.16109799106715|-274.16109799106715|-274.16109799106715|-274.16109799106715|-274.16109799106715|-274.16109799106715|-274.16109799106715|-274.16109799106715|-274.16109799106715|-274.16109799106715|-274.16109799106715|-274.16109799106715|-274.16109799106715|-274.16109799106715|-274.16109799106715|-274.16109799106715|-274.16109799106715|-274.16109799106715|-274.16109799106715|-274.16109799106715|-274.16109799106715|-274.16115629753443|-274.16115629753443|-274.16115629753443|-274.16115629753443|-274.16115629753443|-274.16115629753443|-274.16115629753443|-274.16115629753443|-274.16115629753443|-274.16115629753443|-274.16115629753443|-274.16115629753443|-274.16115629753443|-274.16115629753443|-274.16115629753443|-274.16115629753443|-274.1620656805699|-274.1620656805699|-274.1620656805699|-274.1620656805699|-274.1620656805699|-274.1620656805699|-274.16224612656083|-274.16224612656083|-274.16224612656083|-274.16224612656083|-274.16224612656083|-274.16224612656083|-274.16224612656083|-274.16224612656083|-274.16224612656083
generations_300,12,100,300,5,0.5,10,70,112,10112,30100,-274.1616967165722,-2.9038842992752496,-2.8963809100663465,-2.9001386108500875,-2.9007643886728034,-2.905283723096611,-2.9004837734258686,-2.902149567026238,-232.8112728777293,-2.592277067002521,-3.4452844920223455,-2.06740692561997,2.712138378132858,-3.251727679459455,-3.2028812847160926,-2.2002441756225255,-185.50899122256632|-185.50899122256632|-185.50899122256632|-185.50899122256632|-209.48143193176065|-209.48143193176065|-209.48143193176065|-220.5511200410227|-222.3490712373752|-222.3490712373752|-222.3490712373752|-228.92706109288437|-238.40387032749192|-245.76471040112784|-245.76471040112784|-256.92104455704504|-256.92104455704504|-256.92104455704504|-267.0959097760662|-267.0959097760662|-267.0959097760662|-270.52093319504854|-270.8141258708071|-270.8141258708071|-270.8141258708071|-270.966724917019|-271.1233263559727|-271.1233263559727|-271.1233263559727|-271.1233263559727|-271.5691180779432|-271.5691180779432|-272.28904147853996|-272.83345214087814|-272.83345214087814|-272.83345214087814|-272.83345214087814|-273.306130321666|-273.306130321666|-273.306130321666|-273.306130321666|-273.4255413685293|-273.4255413685293|-273.4255413685293|-273.4255413685293|-273.4255413685293|-273.4255413685293|-273.5436576248362|-273.5436576248362|-273.5436576248362|-273.5941864397477|-273.5941864397477|-273.5941864397477|-273.7379836590088|-273.7379836590088|-273.7379836590088|-273.8520362878768|-273.8520362878768|-273.8520362878768|-273.8520362878768|-273.8520362878768|-273.8520362878768|-273.8520362878768|-273.8520362878768|-273.8520362878768|-273.8520362878768|-273.89205716449914|-273.89205716449914|-273.89205716449914|-273.95041696457025|-273.95041696457025|-273.95041696457025|-273.95041696457025|-273.95041696457025|-273.95041696457025|-273.95041696457025|-273.99555169241086|-273.99555169241086|-273.99555169241086|-273.99555169241086|-273.99555169241086|-273.99555169241086|-273.99936929750953|-273.99936929750953|-273.99936929750953|-273.99936929750953|-273.99936929750953|-274.02213475490464|-274.02213475490464|-274.02213475490464|-274.02213475490464|-274.02213475490464|-274.02213475490464|-274.02213475490464|-274.06206342819405|-274.06206342819405|-274.06206342819405|-274.06206342819405|-274.06621170383255|-274.06621170383255|-274.06621170383255|-274.06621170383255|-274.06621170383255|-274.06621170383255|-274.06621170383255|-274.08268500816456|-274.10514985043056|-274.10514985043056|-274.10514985043056|-274.10514985043056|-274.10514985043056|-274.10653194057545|-274.10653194057545|-274.10653194057545|-274.10653194057545|-274.10653194057545|-274.10653194057545|-274.10653194057545|-274.10653194057545|-274.1138874409809|-274.1138874409809|-274.1138874409809|-274.1138874409809|-274.1138874409809|-274.1138874409809|-274.1138874409809|-274.1138874409809|-274.1178958291515|-274.1178958291515|-274.1178958291515|-274.1178958291515|-274.1178958291515|-274.1178958291515|-274.1178958291515|-274.1355866678633|-274.1355866678633|-274.1355866678633|-274.1355866678633|-274.1355866678633|-274.1355866678633|-274.1355866678633|-274.1355866678633|-274.1433353340801|-274.1433353340801|-274.14537899837455|-274.14537899837455|-274.14537899837455|-274.14537899837455|-274.1467610885195|-274.1467610885195|-274.1467610885195|-274.1467610885195|-274.14698568174015|-274.1532785165632|-274.1532785165632|-274.1532785165632|-274.1532785165632|-274.1532785165632|-274.1532785165632|-274.1532785165632|-274.1560390060338|-274.1560390060338|-274.1560390060338|-274.1560390060338|-274.1560390060338|-274.1562635992545|-274.1562635992545|-274.1562635992545|-274.1562635992545|-274.1562635992545|-274.1562635992545|-274.1562635992545|-274.15904405476863|-274.15904405476863|-274.15904405476863|-274.15904405476863|-274.15904405476863|-274.15904405476863|-274.15904405476863|-274.15904405476863|-274.15904405476863|-274.15904405476863|-274.15904405476863|-274.15904405476863|-274.15904405476863|-274.15904405476863|-274.15904405476863|-274.15904405476863|-274.15904405476863|-274.15904405476863|-274.15904405476863|-274.15904405476863|-274.15904405476863|-274.1599132896823|-274.1599132896823|-274.1599132896823|-274.1599132896823|-274.1599132896823|-274.1599132896823|-274.1599132896823|-274.1600040787922|-274.1600040787922|-274.1600040787922|-274.1600040787922|-274.1600040787922|-274.1600040787922|-274.1600040787922|-274.1600040787922|-274.1600040787922|-274.1600040787922|-274.1600040787922|-274.1600040787922|-274.1600040787922|-274.1600040787922|-274.1600040787922|-274.1600040787922|-274.1600040787922|-274.16093318266064|-274.16093318266064|-274.16093318266064|-274.16093318266064|-274.16093318266064|-274.16093318266064|-274.16093318266064|-274.16093318266064|-274.16093318266064|-274.16093318266064|-274.16093318266064|-274.16093318266064|-274.16093318266064|-274.16093318266064|-274.16093318266064|-274.16093318266064|-274.16093318266064|-274.16093318266064|-274.16093318266064|-274.16093318266064|-274.16093318266064|-274.16093318266064|-274.16093318266064|-274.16093318266064|-274.16093318266064|-274.16093318266064|-274.16117507133464|-274.16117507133464|-274.16117507133464|-274.16117507133464|-274.16117507133464|-274.16117507133464|-274.16117507133464|-274.16117507133464|-274.16117507133464|-274.16117507133464|-274.16117507133464|-274.16117507133464|-274.16117507133464|-274.16117507133464|-274.16117507133464|-274.16117507133464|-274.16117507133464|-274.16117507133464|-274.16117507133464|-274.16117507133464|-274.16117507133464|-274.16117507133464|-274.16117507133464|-274.16117507133464|-274.16117507133464|-274.16117507133464|-274.16117507133464|-274.16117507133464|-274.16117507133464|-274.16117507133464|-274.16117507133464|-274.16117507133464|-274.16117507133464|-274.16117507133464|-274.1616967165722|-274.1616967165722|-274.1616967165722|-274.1616967165722|-274.1616967165722|-274.1616967165722|-274.1616967165722|-274.1616967165722|-274.1616967165722|-274.1616967165722|-274.1616967165722|-274.1616967165722|-274.1616967165722|-274.1616967165722|-274.1616967165722|-274.1616967165722|-274.1616967165722|-274.1616967165722|-274.1616967165722|-274.1616967165722|-274.1616967165722|-274.1616967165722|-274.1616967165722|-274.1616967165722
generations_300,13,100,300,5,0.5,10,70,113,10113,30100,-274.16303617049624,-2.9046745478305676,-2.90140519829662,-2.903111835253429,-2.9041581452352943,-2.903912196742264,-2.9030012803244283,-2.902957395522356,-225.30550722243433,-2.7582262967273143,-2.5532535267662837,-1.6892515232922847,2.4142864992315705,-1.9883001301425631,-2.962895171248674,-3.373208515858318,-184.8545865077731|-184.8545865077731|-188.05407326840202|-216.73101928866024|-216.73101928866024|-216.73101928866024|-216.73101928866024|-230.58623843071922|-230.58623843071922|-245.95400631913603|-246.03918784231908|-246.03918784231908|-247.7877031020115|-252.37699751389056|-257.8587818631806|-258.8092109805529|-266.8368996873101|-266.8368996873101|-267.19800879843444|-270.40492337256313|-272.54585698637027|-272.54585698637027|-272.54585698637027|-272.6274503680333|-272.6274503680333|-272.65031269111245|-272.69224977073213|-272.69224977073213|-272.69224977073213|-272.79545594048477|-272.79545594048477|-273.64020717418464|-273.64020717418464|-273.7239058846355|-273.8463733326688|-273.8463733326688|-273.8463733326688|-273.861474309578|-273.9328035245102|-273.9328035245102|-273.9328035245102|-273.9328035245102|-273.9328035245102|-274.0543089651869|-274.0543089651869|-274.0543089651869|-274.0543089651869|-274.0543089651869|-274.0543089651869|-274.0695733631973|-274.0695733631973|-274.0695733631973|-274.0695733631973|-274.0695733631973|-274.071133276993|-274.071133276993|-274.071133276993|-274.071133276993|-274.071133276993|-274.071133276993|-274.1188448699182|-274.1188448699182|-274.1188448699182|-274.1188448699182|-274.1188448699182|-274.1212964905781|-274.1212964905781|-274.1212964905781|-274.1212964905781|-274.1212964905781|-274.1212964905781|-274.1212964905781|-274.1212964905781|-274.1212964905781|-274.1212964905781|-274.1212964905781|-274.1212964905781|-274.12242640482395|-274.1260869488335|-274.1260869488335|-274.1260869488335|-274.1260869488335|-274.1260869488335|-274.1260869488335|-274.12721686307935|-274.1332154872583|-274.1332154872583|-274.1332154872583|-274.1332154872583|-274.1332154872583|-274.1334891475857|-274.1334891475857|-274.1334891475857|-274.1334891475857|-274.13434540150416|-274.13434540150416|-274.1354224214719|-274.1354224214719|-274.1354224214719|-274.1354224214719|-274.1354224214719|-274.13569608179927|-274.13635777098784|-274.13635777098784|-274.13635777098784|-274.13635777098784|-274.13635777098784|-274.1385647052014|-274.1385647052014|-274.1385647052014|-274.1385647052014|-274.1385647052014|-274.1385647052014|-274.13994337059376|-274.13994337059376|-274.13994337059376|-274.13994337059376|-274.13994337059376|-274.13994337059376|-274.13994337059376|-274.13994337059376|-274.13994337059376|-274.13994337059376|-274.13994337059376|-274.13994337059376|-274.13994337059376|-274.13994337059376|-274.13994337059376|-274.13994337059376|-274.1425304104175|-274.1425304104175|-274.1425304104175|-274.14313341146044|-274.14313341146044|-274.14313341146044|-274.1457204512842|-274.1457204512842|-274.1457204512842|-274.1457204512842|-274.1457204512842|-274.1457204512842|-274.1457204512842|-274.1457204512842|-274.1457204512842|-274.1457204512842|-274.1457204512842|-274.1457204512842|-274.1461170695436|-274.1461170695436|-274.1461170695436|-274.1461170695436|-274.1461170695436|-274.1461170695436|-274.1461170695436|-274.1461170695436|-274.1461170695436|-274.1461170695436|-274.1461170695436|-274.1461170695436|-274.1461170695436|-274.1461170695436|-274.1461170695436|-274.1461170695436|-274.1461170695436|-274.1461170695436|-274.1461170695436|-274.1461170695436|-274.1461170695436|-274.1461170695436|-274.15323851847063|-274.15323851847063|-274.1562221675903|-274.1562221675903|-274.1562221675903|-274.1562221675903|-274.1562221675903|-274.1562221675903|-274.1562221675903|-274.15815127267797|-274.15815127267797|-274.1582397217591|-274.1582397217591|-274.1582397217591|-274.1582397217591|-274.1582397217591|-274.1602485463361|-274.1602485463361|-274.16226610050495|-274.16226610050495|-274.16226610050495|-274.16226610050495|-274.16226610050495|-274.16226610050495|-274.16226610050495|-274.16226610050495|-274.16226610050495|-274.16226610050495|-274.16226610050495|-274.16226610050495|-274.16226610050495|-274.16226610050495|-274.16226610050495|-274.16226610050495|-274.16226610050495|-274.16234181223075|-274.16234181223075|-274.16234181223075|-274.16234181223075|-274.16234181223075|-274.16234181223075|-274.16234181223075|-274.16234181223075|-274.16234181223075|-274.16234181223075|-274.16234181223075|-274.16234181223075|-274.16234181223075|-274.16234181223075|-274.16234181223075|-274.16234181223075|-274.16234181223075|-274.16234181223075|-274.16234181223075|-274.16234181223075|-274.16234181223075|-274.16234181223075|-274.16234181223075|-274.16234181223075|-274.16234181223075|-274.16234181223075|-274.16234181223075|-274.16234181223075|-274.16234181223075|-274.16234181223075|-274.16234181223075|-274.16234181223075|-274.16234181223075|-274.16234181223075|-274.16234181223075|-274.16234181223075|-274.16234181223075|-274.16234181223075|-274.16234181223075|-274.16234181223075|-274.16234181223075|-274.16234181223075|-274.16234181223075|-274.16234181223075|-274.16234181223075|-274.16234181223075|-274.16234181223075|-274.16234181223075|-274.16234181223075|-274.162884404084|-274.162884404084|-274.162884404084|-274.162884404084|-274.162884404084|-274.162884404084|-274.162884404084|-274.162884404084|-274.162884404084|-274.162884404084|-274.162884404084|-274.162884404084|-274.162884404084|-274.162884404084|-274.162884404084|-274.16303617049624|-274.16303617049624|-274.16303617049624|-274.16303617049624|-274.16303617049624|-274.16303617049624|-274.16303617049624|-274.16303617049624|-274.16303617049624|-274.16303617049624|-274.16303617049624|-274.16303617049624|-274.16303617049624|-274.16303617049624|-274.16303617049624|-274.16303617049624|-274.16303617049624|-274.16303617049624|-274.16303617049624|-274.16303617049624|-274.16303617049624|-274.16303617049624|-274.16303617049624|-274.16303617049624|-274.16303617049624|-274.16303617049624|-274.16303617049624|-274.16303617049624|-274.16303617049624|-274.16303617049624|-274.16303617049624|-274.16303617049624|-274.16303617049624
generations_300,14,100,300,5,0.5,10,70,114,10114,30100,-260.0259404838337,-2.899778111396071,-2.904892802048406,2.748110211854358,-2.906501123089516,-2.902483718210741,-2.9044371613635596,-2.9044415751236397,-233.82782319439568,-3.2756025827643054,-2.487253907918351,-2.230746103973228,-3.2531195370948884,-3.25387625662634,1.7230025490418512,-2.909518656880862,-179.5285921604804|-179.5285921604804|-179.5285921604804|-182.66193419754694|-209.7900497393441|-209.7900497393441|-209.7900497393441|-210.1327216758603|-216.44149269253296|-220.58799058257364|-231.65195045825612|-231.65195045825612|-245.5511086002022|-247.8392537591996|-247.8392537591996|-249.31240413810318|-249.31240413810318|-251.33769982503844|-255.24291264144526|-255.24291264144526|-255.24291264144526|-255.24291264144526|-256.38436904340864|-257.73861150226406|-257.73861150226406|-257.73861150226406|-257.73861150226406|-257.73861150226406|-257.799985341864|-258.1729944569143|-258.1729944569143|-258.1729944569143|-258.7126258956705|-258.87675325738763|-258.87675325738763|-258.87675325738763|-258.87675325738763|-259.46233335198997|-259.46233335198997|-259.46233335198997|-259.46233335198997|-259.46233335198997|-259.46233335198997|-259.7259846721106|-259.7259846721106|-259.7259846721106|-259.73743384866134|-259.73743384866134|-259.73743384866134|-259.73743384866134|-259.79863117259987|-259.83708147291367|-259.83708147291367|-259.88874117800043|-259.88874117800043|-259.9284691813434|-259.9284691813434|-259.9318014079373|-259.93875684410773|-259.93875684410773|-259.93875684410773|-259.93875684410773|-259.94208907070157|-259.94208907070157|-259.94208907070157|-259.94208907070157|-259.94208907070157|-259.94208907070157|-259.98181707404456|-259.98181707404456|-259.98181707404456|-259.98181707404456|-259.98181707404456|-259.9986977693899|-259.9986977693899|-259.9986977693899|-259.9986977693899|-259.9986977693899|-259.9986977693899|-260.0007084853248|-260.0007084853248|-260.0007084853248|-260.0007084853248|-260.0007084853248|-260.0021539547795|-260.0021539547795|-260.0021539547795|-260.0021539547795|-260.0021539547795|-260.0021539547795|-260.0021539547795|-260.0021539547795|-260.0021539547795|-260.0021539547795|-260.0047360430617|-260.0047360430617|-260.0047360430617|-260.0047360430617|-260.0047360430617|-260.0047360430617|-260.0047360430617|-260.01417836048046|-260.01417836048046|-260.01507878120964|-260.01507878120964|-260.01507878120964|-260.01507878120964|-260.01507878120964|-260.01507878120964|-260.01507878120964|-260.01507878120964|-260.01507878120964|-260.02204504101564|-260.02204504101564|-260.02204504101564|-260.02204504101564|-260.02204504101564|-260.02204504101564|-260.02204504101564|-260.02204504101564|-260.02204504101564|-260.02204504101564|-260.0225566130369|-260.0225566130369|-260.0225566130369|-260.0225566130369|-260.0225566130369|-260.0225566130369|-260.0225566130369|-260.0225566130369|-260.0225566130369|-260.0225566130369|-260.0225566130369|-260.0225566130369|-260.0225566130369|-260.0225566130369|-260.0225566130369|-260.0225566130369|-260.0225566130369|-260.0225566130369|-260.0225566130369|-260.023573617851|-260.023573617851|-260.023573617851|-260.023573617851|-260.023573617851|-260.023573617851|-260.0236418504845|-260.0236418504845|-260.02444748231557|-260.02444748231557|-260.02444748231557|-260.02444748231557|-260.02444748231557|-260.02444748231557|-260.02444748231557|-260.02444748231557|-260.02444748231557|-260.02444748231557|-260.02444748231557|-260.02444748231557|-260.02444748231557|-260.02444748231557|-260.02444748231557|-260.02444748231557|-260.02444748231557|-260.02444748231557|-260.02444748231557|-260.02444748231557|-260.02444748231557|-260.02444748231557|-260.02444748231557|-260.02444748231557|-260.02444748231557|-260.02444748231557|-260.02444748231557|-260.02444748231557|-260.02444748231557|-260.02444748231557|-260.02444748231557|-260.02444748231557|-260.02444748231557|-260.02444748231557|-260.02444748231557|-260.02444748231557|-260.02444748231557|-260.02444748231557|-260.02444748231557|-260.02444748231557|-260.02444748231557|-260.02444748231557|-260.02444748231557|-260.02444748231557|-260.02444748231557|-260.02444748231557|-260.02444748231557|-260.02444748231557|-260.02444748231557|-260.02444748231557|-260.02444748231557|-260.02444748231557|-260.02444748231557|-260.02444748231557|-260.02444748231557|-260.02444748231557|-260.0246800056396|-260.0246800056396|-260.0246800056396|-260.0246800056396|-260.0246800056396|-260.0246800056396|-260.0246800056396|-260.0246800056396|-260.0246800056396|-260.0246800056396|-260.0246800056396|-260.0246800056396|-260.0246800056396|-260.0246800056396|-260.0246800056396|-260.0246800056396|-260.0246800056396|-260.0246800056396|-260.0246800056396|-260.0246800056396|-260.0246800056396|-260.0246800056396|-260.0246800056396|-260.0246800056396|-260.0246800056396|-260.0246800056396|-260.0246800056396|-260.0246800056396|-260.0246800056396|-260.0246800056396|-260.0246800056396|-260.0246800056396|-260.0246800056396|-260.0246800056396|-260.0246800056396|-260.0246800056396|-260.0246800056396|-260.0246800056396|-260.0246800056396|-260.02561747389524|-260.02561747389524|-260.02561747389524|-260.02561747389524|-260.02561747389524|-260.02561747389524|-260.02561747389524|-260.02561747389524|-260.02561747389524|-260.02561747389524|-260.02561747389524|-260.02561747389524|-260.02561747389524|-260.02561747389524|-260.02561747389524|-260.02561747389524|-260.02561747389524|-260.02561747389524|-260.0257416680204|-260.0257416680204|-260.0257416680204|-260.0257416680204|-260.0257416680204|-260.0257416680204|-260.0257416680204|-260.0257416680204|-260.0257416680204|-260.0257416680204|-260.0257416680204|-260.0257416680204|-260.0257416680204|-260.0257907148212|-260.0257907148212|-260.0257907148212|-260.0257907148212|-260.0257907148212|-260.0257907148212|-260.0257907148212|-260.0257907148212|-260.0257907148212|-260.0257907148212|-260.0257907148212|-260.0257907148212|-260.0257907148212|-260.0257907148212|-260.0257907148212|-260.0257907148212|-260.0257907148212|-260.0257907148212|-260.0257907148212|-260.0257907148212|-260.0257907148212|-260.0257907148212|-260.0257907148212|-260.0257907148212|-260.0257907148212|-260.0259404838337
generations_300,15,100,300,5,0.5,10,70,115,10115,30100,-274.1627899541361,-2.905063921573746,-2.902054915129464,-2.904757538681763,-2.9048477323139466,-2.9036782548861293,-2.9068734563777774,-2.901965680021472,-239.8096131692643,-1.7762396392930633,-2.567716906131202,-2.7682918864243335,2.770428242454541,-3.183067249666375,-3.0969830921566475,-2.5887971103610354,-175.1475876360307|-188.4076433887329|-188.4076433887329|-188.41628065908444|-195.1664163652693|-203.24874154829638|-214.96163004856294|-223.852278008509|-223.852278008509|-225.22148666524322|-234.41524417792795|-235.21046541284608|-238.3455508948119|-239.15743145115766|-254.6412359621877|-257.35325178345096|-257.35325178345096|-257.35325178345096|-264.2916671881477|-265.2380092390361|-267.051605238029|-267.051605238029|-268.06242261900536|-268.26269689784255|-270.61465171424356|-270.61465171424356|-270.61465171424356|-270.61465171424356|-272.07458949765896|-272.07458949765896|-272.2666610652677|-272.47873099628407|-272.47873099628407|-272.5675995036439|-272.5675995036439|-272.5675995036439|-273.3265131432223|-273.3265131432223|-273.3265131432223|-273.3265131432223|-273.3265131432223|-273.71421370221924|-273.71421370221924|-273.71421370221924|-273.731822772046|-273.731822772046|-273.731822772046|-273.731822772046|-273.731822772046|-273.89695858413245|-273.89695858413245|-273.9210989161814|-273.9210989161814|-274.0298918298586|-274.0298918298586|-274.0481732295367|-274.0481732295367|-274.07287781360696|-274.07287781360696|-274.07287781360696|-274.07287781360696|-274.08538318476644|-274.08538318476644|-274.08538318476644|-274.08538318476644|-274.08538318476644|-274.092615278495|-274.1121174318557|-274.1121174318557|-274.1121174318557|-274.1121174318557|-274.119114214057|-274.119114214057|-274.119114214057|-274.119114214057|-274.119114214057|-274.119114214057|-274.119114214057|-274.13616510586303|-274.13616510586303|-274.13616510586303|-274.13616510586303|-274.13616510586303|-274.13616510586303|-274.13616510586303|-274.13616510586303|-274.13616510586303|-274.13616510586303|-274.13616510586303|-274.13616510586303|-274.13616510586303|-274.13616510586303|-274.13616510586303|-274.13751517444194|-274.13751517444194|-274.13751517444194|-274.13751517444194|-274.13751517444194|-274.1379264748665|-274.1379264748665|-274.1379264748665|-274.1379264748665|-274.1379264748665|-274.1379264748665|-274.1444635726856|-274.1444635726856|-274.1444635726856|-274.1444635726856|-274.1444635726856|-274.1444635726856|-274.1444635726856|-274.1444635726856|-274.1444635726856|-274.1444635726856|-274.14622494168907|-274.14622494168907|-274.14622494168907|-274.14622494168907|-274.14622494168907|-274.14622494168907|-274.14622494168907|-274.1462394179926|-274.1462394179926|-274.1462394179926|-274.1462394179926|-274.1462394179926|-274.1462394179926|-274.1462394179926|-274.1462394179926|-274.1462394179926|-274.1462394179926|-274.1462394179926|-274.1462394179926|-274.1462394179926|-274.1462394179926|-274.1462394179926|-274.1462394179926|-274.1485148663744|-274.1485148663744|-274.1485148663744|-274.1485148663744|-274.1485148663744|-274.1485148663744|-274.1485148663744|-274.1485148663744|-274.1485148663744|-274.1485148663744|-274.1485148663744|-274.1485148663744|-274.1485148663744|-274.1485148663744|-274.1485148663744|-274.1485148663744|-274.1485148663744|-274.1485148663744|-274.1485148663744|-274.1485148663744|-274.1485148663744|-274.1485148663744|-274.1485148663744|-274.1515521820337|-274.1515521820337|-274.1515521820337|-274.1515521820337|-274.1515521820337|-274.1515521820337|-274.1515521820337|-274.1515521820337|-274.1515521820337|-274.1515521820337|-274.1515521820337|-274.1515521820337|-274.1515521820337|-274.1520304492438|-274.1520304492438|-274.1520304492438|-274.1520304492438|-274.1520304492438|-274.1520304492438|-274.1520304492438|-274.1520304492438|-274.1520304492438|-274.1520304492438|-274.1520304492438|-274.1551830598881|-274.1551830598881|-274.1551830598881|-274.1551830598881|-274.1551830598881|-274.1551830598881|-274.1551830598881|-274.1551830598881|-274.1551830598881|-274.1551830598881|-274.1551830598881|-274.1551830598881|-274.1551830598881|-274.1551830598881|-274.1551830598881|-274.1551830598881|-274.1551830598881|-274.1551830598881|-274.15893470788325|-274.15893470788325|-274.15893470788325|-274.15893470788325|-274.15893470788325|-274.15893470788325|-274.15893470788325|-274.15893470788325|-274.15893470788325|-274.15893470788325|-274.15893470788325|-274.15893470788325|-274.15893470788325|-274.15893470788325|-274.15893470788325|-274.15893470788325|-274.15893470788325|-274.15893470788325|-274.15893470788325|-274.15893470788325|-274.15893470788325|-274.15893470788325|-274.15893470788325|-274.15893470788325|-274.15893470788325|-274.15973929533953|-274.15973929533953|-274.15973929533953|-274.15973929533953|-274.15973929533953|-274.16031837283066|-274.16031837283066|-274.16031837283066|-274.16066510583255|-274.16066510583255|-274.16066510583255|-274.16066510583255|-274.1612441833237|-274.1612441833237|-274.162073089173|-274.162073089173|-274.162073089173|-274.162073089173|-274.162073089173|-274.162073089173|-274.162073089173|-274.162073089173|-274.162073089173|-274.162073089173|-274.162073089173|-274.162073089173|-274.162073089173|-274.162073089173|-274.162073089173|-274.162073089173|-274.162073089173|-274.162073089173|-274.16211456378727|-274.16211456378727|-274.16211456378727|-274.16211456378727|-274.16211456378727|-274.16211456378727|-274.16211456378727|-274.16211456378727|-274.16211456378727|-274.16211456378727|-274.16211456378727|-274.16211456378727|-274.16211456378727|-274.16211456378727|-274.16211456378727|-274.16234925874255|-274.16234925874255|-274.16234925874255|-274.16234925874255|-274.16234925874255|-274.16234925874255|-274.16234925874255|-274.16234925874255|-274.16234925874255|-274.1625552591808|-274.1625552591808|-274.1625552591808|-274.1625552591808|-274.1627899541361|-274.1627899541361|-274.1627899541361|-274.1627899541361|-274.1627899541361|-274.1627899541361|-274.1627899541361|-274.1627899541361|-274.1627899541361|-274.1627899541361|-274.1627899541361|-274.1627899541361|-274.1627899541361|-274.1627899541361
generations_300,16,100,300,5,0.5,10,70,116,10116,30100,-274.16225261223724,-2.9030719350056526,-2.90766481202649,-2.9011876864698785,-2.9025397865605855,-2.9036922300021635,-2.902014330310242,-2.9086626943362326,-235.5559587302933,-2.869093547895959,-2.9291389857800887,-2.8767203205261724,-2.650166786916457,1.9316563863706415,-3.243686786019373,2.6784385475079677,-197.08920064126744|-197.08920064126744|-197.08920064126744|-236.2020140516075|-236.2020140516075|-236.2020140516075|-236.2020140516075|-241.36582881331404|-241.36582881331404|-255.57493716243025|-259.9579201588932|-263.84437297839554|-263.84437297839554|-269.07687668765124|-269.07687668765124|-269.07687668765124|-269.07687668765124|-271.23613298516784|-271.23613298516784|-271.8915563853715|-271.8915563853715|-271.8915563853715|-272.14068399868745|-272.9248941404597|-272.9248941404597|-273.4378085706404|-273.4378085706404|-273.4378085706404|-273.7690761775948|-273.77149460914086|-273.77149460914086|-273.77149460914086|-273.77149460914086|-273.8231283334229|-273.8231283334229|-273.8916652076774|-273.94571736350554|-273.9608559649746|-273.9608559649746|-273.9608559649746|-273.9608559649746|-273.9608559649746|-273.96398934079593|-274.04366005717134|-274.04366005717134|-274.04366005717134|-274.11832648471346|-274.11832648471346|-274.11832648471346|-274.11832648471346|-274.11832648471346|-274.11832648471346|-274.11832648471346|-274.11832648471346|-274.11832648471346|-274.11832648471346|-274.11832648471346|-274.11832648471346|-274.11832648471346|-274.1292607040187|-274.1292607040187|-274.1292607040187|-274.1292607040187|-274.1292607040187|-274.1292607040187|-274.1292607040187|-274.1292607040187|-274.1292607040187|-274.13196317436973|-274.13196317436973|-274.13196317436973|-274.13418011372465|-274.13619213046576|-274.1422328670619|-274.1422328670619|-274.1422328670619|-274.1422328670619|-274.1422328670619|-274.1422328670619|-274.1422328670619|-274.1422328670619|-274.15262568468756|-274.15262568468756|-274.15262568468756|-274.15262568468756|-274.15262568468756|-274.15262568468756|-274.15262568468756|-274.15262568468756|-274.15262568468756|-274.15262568468756|-274.15262568468756|-274.15262568468756|-274.15262568468756|-274.15262568468756|-274.15262568468756|-274.15262568468756|-274.15262568468756|-274.15262568468756|-274.15262568468756|-274.15262568468756|-274.15262568468756|-274.1544035520462|-274.1544035520462|-274.1544035520462|-274.1544035520462|-274.1544035520462|-274.1544035520462|-274.1544035520462|-274.1544035520462|-274.1544035520462|-274.1544035520462|-274.1544035520462|-274.1544035520462|-274.1544035520462|-274.1544035520462|-274.1598884872136|-274.1598884872136|-274.1598884872136|-274.1598884872136|-274.1598884872136|-274.1598884872136|-274.1598884872136|-274.1598884872136|-274.1598884872136|-274.1598884872136|-274.1598884872136|-274.1598884872136|-274.1598884872136|-274.1598884872136|-274.1598884872136|-274.1598884872136|-274.1598884872136|-274.1598884872136|-274.1598884872136|-274.1598884872136|-274.1598884872136|-274.1598884872136|-274.1598884872136|-274.1598884872136|-274.1598884872136|-274.1598884872136|-274.1598884872136|-274.1598884872136|-274.1598884872136|-274.1598884872136|-274.1598884872136|-274.1598884872136|-274.1598884872136|-274.1598884872136|-274.1598884872136|-274.1598884872136|-274.1598884872136|-274.1598884872136|-274.1598884872136|-274.1598884872136|-274.1598884872136|-274.1598884872136|-274.1598884872136|-274.1598884872136|-274.1598884872136|-274.1598884872136|-274.1598884872136|-274.1598884872136|-274.1598884872136|-274.1598884872136|-274.1599034912431|-274.1599034912431|-274.1599034912431|-274.1599034912431|-274.1599034912431|-274.1599034912431|-274.1599034912431|-274.1599034912431|-274.1599034912431|-274.1599034912431|-274.1599034912431|-274.1599034912431|-274.1599034912431|-274.1599034912431|-274.1599034912431|-274.1599034912431|-274.1599034912431|-274.16042506061257|-274.16042506061257|-274.16042506061257|-274.16042506061257|-274.16042506061257|-274.16042506061257|-274.16042506061257|-274.16042506061257|-274.16042506061257|-274.16042506061257|-274.16042506061257|-274.16042506061257|-274.16042506061257|-274.16042506061257|-274.16042506061257|-274.16042506061257|-274.16042506061257|-274.16042506061257|-274.16042506061257|-274.16042506061257|-274.16042506061257|-274.16042506061257|-274.16042506061257|-274.16042506061257|-274.16042506061257|-274.16042506061257|-274.16042506061257|-274.16042506061257|-274.16042506061257|-274.16042506061257|-274.16042506061257|-274.16042506061257|-274.16042506061257|-274.16042506061257|-274.16042506061257|-274.16042506061257|-274.16042506061257|-274.16042506061257|-274.16042506061257|-274.16042506061257|-274.16042506061257|-274.16042506061257|-274.16042506061257|-274.16042506061257|-274.16042506061257|-274.16042506061257|-274.16042506061257|-274.16042506061257|-274.16042506061257|-274.16042506061257|-274.16042506061257|-274.16042506061257|-274.1613344715641|-274.1613344715641|-274.1613344715641|-274.1613344715641|-274.1613344715641|-274.1613344715641|-274.1613344715641|-274.1613344715641|-274.1613344715641|-274.1613344715641|-274.1613344715641|-274.1613344715641|-274.1613344715641|-274.1613344715641|-274.1613344715641|-274.1613344715641|-274.1613344715641|-274.1613344715641|-274.1613344715641|-274.1613344715641|-274.1613344715641|-274.1613344715641|-274.1613344715641|-274.1613344715641|-274.1613344715641|-274.1613344715641|-274.1613344715641|-274.1613344715641|-274.1613344715641|-274.1613344715641|-274.1613344715641|-274.16177298605396|-274.16177298605396|-274.16177298605396|-274.16177298605396|-274.16177298605396|-274.16181409774737|-274.16181409774737|-274.16225261223724|-274.16225261223724|-274.16225261223724|-274.16225261223724|-274.16225261223724|-274.16225261223724|-274.16225261223724|-274.16225261223724|-274.16225261223724|-274.16225261223724|-274.16225261223724|-274.16225261223724|-274.16225261223724|-274.16225261223724|-274.16225261223724|-274.16225261223724|-274.16225261223724|-274.16225261223724|-274.16225261223724|-274.16225261223724|-274.16225261223724|-274.16225261223724|-274.16225261223724|-274.16225261223724|-274.16225261223724|-274.16225261223724|-274.16225261223724|-274.16225261223724
generations_300,17,100,300,5,0.5,10,70,117,10117,30100,-260.0253543714959,-2.903997818662286,-2.906099429648252,-2.9004779120388577,-2.906095066499009,-2.897538224542744,-2.9044826212533428,2.7487945823542885,-235.26040958790804,-3.7230072448279805,-2.74389347909328,3.1616189866548225,-2.8716188455056537,-3.264038235781098,-2.922641542016018,-2.3877351972113345,-177.24859898109594|-177.24859898109594|-190.65976101132935|-190.65976101132935|-231.61048356280853|-231.61048356280853|-235.37620586461372|-241.73792949023712|-241.73792949023712|-241.73792949023712|-243.74299432210663|-244.15717421921244|-244.15717421921244|-246.33572269884505|-249.46377102522123|-255.068336013448|-255.69999222096286|-256.15753971199445|-256.15753971199445|-256.15753971199445|-256.2426748675699|-257.8760423944648|-257.8760423944648|-258.4187250410718|-258.4187250410718|-258.4187250410718|-258.4187250410718|-258.4187250410718|-258.8276241983483|-258.8276241983483|-258.9186419494229|-259.21754003182104|-259.21754003182104|-259.21754003182104|-259.5614633446726|-259.5614633446726|-259.5614633446726|-259.5614633446726|-259.5614633446726|-259.5614633446726|-259.5614633446726|-259.68338807020433|-259.68338807020433|-259.68338807020433|-259.68338807020433|-259.68338807020433|-259.8315054299969|-259.8315054299969|-259.8315054299969|-259.8583927391327|-259.8583927391327|-259.8633425703289|-259.8633425703289|-259.8633425703289|-259.8633425703289|-259.89020022709474|-259.9043957318198|-259.9043957318198|-259.9043957318198|-259.9043957318198|-259.9043957318198|-259.9043957318198|-259.9043957318198|-259.9043957318198|-259.9043957318198|-259.9043957318198|-259.9043957318198|-259.9043957318198|-259.93112894269063|-259.93112894269063|-259.93112894269063|-259.9338968651131|-259.9338968651131|-259.94027502687845|-259.94027502687845|-259.94027502687845|-259.9535667598569|-259.9535667598569|-259.9697761601718|-259.9697761601718|-259.9697761601718|-259.9697761601718|-259.9697761601718|-259.9697761601718|-259.9894460549156|-259.9894460549156|-259.9894460549156|-259.9894460549156|-259.9894460549156|-259.9894460549156|-259.9894460549156|-259.9894460549156|-259.9894460549156|-259.9894460549156|-259.9894460549156|-259.9894460549156|-259.9894460549156|-259.9894460549156|-259.9894460549156|-259.9894460549156|-259.9894460549156|-259.9894460549156|-259.9894460549156|-259.9894460549156|-259.9894460549156|-259.9894460549156|-259.9894460549156|-259.9894460549156|-259.9894460549156|-259.996319912187|-259.996319912187|-259.99918018714044|-259.99918018714044|-259.99918018714044|-259.99918018714044|-259.99918018714044|-260.0060540444118|-260.0060540444118|-260.0060540444118|-260.0060540444118|-260.0060540444118|-260.0060540444118|-260.0060540444118|-260.0060540444118|-260.0060540444118|-260.0060540444118|-260.0117118338695|-260.0117118338695|-260.0117118338695|-260.0117118338695|-260.0117118338695|-260.0117118338695|-260.0117118338695|-260.0117118338695|-260.0117118338695|-260.0147407484948|-260.0147407484948|-260.0147407484948|-260.0147407484948|-260.0147407484948|-260.0147407484948|-260.01860875981436|-260.01860875981436|-260.01860875981436|-260.01860875981436|-260.01860875981436|-260.01860875981436|-260.01860875981436|-260.01860875981436|-260.01860875981436|-260.01860875981436|-260.01860875981436|-260.01860875981436|-260.01860875981436|-260.01860875981436|-260.0198861008903|-260.0198861008903|-260.0198861008903|-260.0198861008903|-260.02000339919726|-260.02000339919726|-260.02000339919726|-260.02000339919726|-260.02000339919726|-260.02000339919726|-260.02000339919726|-260.02000339919726|-260.02000339919726|-260.02000339919726|-260.02000339919726|-260.02000339919726|-260.02000339919726|-260.02000339919726|-260.02000339919726|-260.02000339919726|-260.02000339919726|-260.02000339919726|-260.0201795790693|-260.0201795790693|-260.0201795790693|-260.0201795790693|-260.0201795790693|-260.0201795790693|-260.0201795790693|-260.0201795790693|-260.0201795790693|-260.0201795790693|-260.0201795790693|-260.0201795790693|-260.0219272745673|-260.0219272745673|-260.0222782099226|-260.0222782099226|-260.0222782099226|-260.0222782099226|-260.0222782099226|-260.0231645980671|-260.0231645980671|-260.0231645980671|-260.0231645980671|-260.0231645980671|-260.0231645980671|-260.0231645980671|-260.0231645980671|-260.0231645980671|-260.0231645980671|-260.02348609955584|-260.02348609955584|-260.02348609955584|-260.02348609955584|-260.02348609955584|-260.02348609955584|-260.02348609955584|-260.02348609955584|-260.02348609955584|-260.02348609955584|-260.02348609955584|-260.02348609955584|-260.02348609955584|-260.02348609955584|-260.02348609955584|-260.02348609955584|-260.0234998912587|-260.0234998912587|-260.0234998912587|-260.0234998912587|-260.0234998912587|-260.0234998912587|-260.0234998912587|-260.0234998912587|-260.0234998912587|-260.0234998912587|-260.0234998912587|-260.0234998912587|-260.0234998912587|-260.0234998912587|-260.0234998912587|-260.0234998912587|-260.0234998912587|-260.0234998912587|-260.0234998912587|-260.0234998912587|-260.0234998912587|-260.0234998912587|-260.0234998912587|-260.0234998912587|-260.0236851627921|-260.0236851627921|-260.0236851627921|-260.0236851627921|-260.023838293852|-260.023838293852|-260.02464772656435|-260.02464772656435|-260.02464772656435|-260.0249861291577|-260.0249861291577|-260.0249861291577|-260.0249861291577|-260.0249861291577|-260.0251714006911|-260.0251714006911|-260.0251714006911|-260.0251714006911|-260.0251714006911|-260.0251714006911|-260.0251714006911|-260.0251714006911|-260.0251714006911|-260.0251714006911|-260.0251714006911|-260.0251714006911|-260.0251714006911|-260.0251714006911|-260.0251714006911|-260.0251714006911|-260.0251714006911|-260.0253543714959|-260.0253543714959|-260.0253543714959|-260.0253543714959|-260.0253543714959|-260.0253543714959|-260.0253543714959|-260.0253543714959|-260.0253543714959|-260.0253543714959|-260.0253543714959|-260.0253543714959|-260.0253543714959|-260.0253543714959|-260.0253543714959|-260.0253543714959|-260.0253543714959|-260.0253543714959|-260.0253543714959|-260.0253543714959|-260.0253543714959|-260.0253543714959|-260.0253543714959|-260.0253543714959
generations_300,18,100,300,5,0.5,10,70,118,10118,30100,-274.16165691026606,-2.9006417630559227,-2.8990419227520263,-2.902788148892808,-2.9109108104708206,-2.9045096471371448,-2.903248865036583,-2.90202534034339,-236.46323752881253,-1.7259147277115505,2.981593113363946,-3.0449036810722516,-3.083201554547631,-2.2381977368359705,-2.820038990655951,-2.8218480246707256,-182.38327608215334|-182.38327608215334|-182.38327608215334|-182.38327608215334|-211.35442691003252|-211.35442691003252|-213.3247463833026|-231.76775192673625|-231.76775192673625|-231.76775192673625|-236.48177891923677|-246.40671031727325|-246.40671031727325|-246.40671031727325|-246.40671031727325|-249.4855186963034|-253.1181395935178|-258.1270408723344|-258.1270408723344|-261.4816162661226|-261.4816162661226|-263.0957732165639|-263.0957732165639|-263.2131673733646|-265.7817146324826|-265.7817146324826|-269.89124242503124|-270.3707899424237|-270.3707899424237|-270.3707899424237|-270.4883897903552|-271.15456386092256|-271.15456386092256|-271.15456386092256|-271.5434539912622|-271.5434539912622|-272.21208141264367|-272.70683415191246|-272.7213131762181|-272.7213131762181|-272.7213131762181|-273.0284573554092|-273.0284573554092|-273.0284573554092|-273.0284573554092|-273.0284573554092|-273.0284573554092|-273.7101525209305|-273.7101525209305|-273.7101525209305|-273.7596820356976|-273.7596820356976|-273.7741610600032|-273.7741610600032|-273.7741610600032|-273.7881175551|-273.8294747441074|-273.96235079286714|-273.96235079286714|-273.96235079286714|-273.96235079286714|-274.00163398986143|-274.00163398986143|-274.00163398986143|-274.00163398986143|-274.0084204306423|-274.0084204306423|-274.0084204306423|-274.0300695092638|-274.0300695092638|-274.0300695092638|-274.0477036276365|-274.0477036276365|-274.0477036276365|-274.0477036276365|-274.0477036276365|-274.0477036276365|-274.0477036276365|-274.0477036276365|-274.0477036276365|-274.0477036276365|-274.0477036276365|-274.0477036276365|-274.0849690648173|-274.0849690648173|-274.0849690648173|-274.0849690648173|-274.0849690648173|-274.0849690648173|-274.0849690648173|-274.0849690648173|-274.0849690648173|-274.10534486723145|-274.10534486723145|-274.10534486723145|-274.10534486723145|-274.10534486723145|-274.1073206026981|-274.127134924278|-274.127134924278|-274.127134924278|-274.127134924278|-274.127134924278|-274.127134924278|-274.13977444594695|-274.13977444594695|-274.13977444594695|-274.13977444594695|-274.13977444594695|-274.13977444594695|-274.13977444594695|-274.1417501814136|-274.1417501814136|-274.1417501814136|-274.1417501814136|-274.1417501814136|-274.1417501814136|-274.1430126473854|-274.1446872822461|-274.1446872822461|-274.1466386377423|-274.1466386377423|-274.1466386377423|-274.14666301771274|-274.14666301771274|-274.14666301771274|-274.14666301771274|-274.14666301771274|-274.14861437320894|-274.1488913515029|-274.1488913515029|-274.1488913515029|-274.1488913515029|-274.1488913515029|-274.1488913515029|-274.15084270699913|-274.15084270699913|-274.15084270699913|-274.15084270699913|-274.15084270699913|-274.1565345003573|-274.1565345003573|-274.1579158240066|-274.15989155947324|-274.15989155947324|-274.15989155947324|-274.15989155947324|-274.15989155947324|-274.15989155947324|-274.15989155947324|-274.15996911472354|-274.15996911472354|-274.15996911472354|-274.15996911472354|-274.15996911472354|-274.15996911472354|-274.15996911472354|-274.15996911472354|-274.15996911472354|-274.15996911472354|-274.15996911472354|-274.15996911472354|-274.15996911472354|-274.15996911472354|-274.15996911472354|-274.15996911472354|-274.15996911472354|-274.15996911472354|-274.15996911472354|-274.15996911472354|-274.15996911472354|-274.15996911472354|-274.15996911472354|-274.15996911472354|-274.15996911472354|-274.15996911472354|-274.15996911472354|-274.15996911472354|-274.16061926132664|-274.16061926132664|-274.16061926132664|-274.16061926132664|-274.16061926132664|-274.16061926132664|-274.16074146709536|-274.16074146709536|-274.16074146709536|-274.16074146709536|-274.16074146709536|-274.16074146709536|-274.16074146709536|-274.16074473722745|-274.16074473722745|-274.16074473722745|-274.16074473722745|-274.16074473722745|-274.1607561102585|-274.1607561102585|-274.1607561102585|-274.1607561102585|-274.1607561102585|-274.1607561102585|-274.1607561102585|-274.1607593803906|-274.1607593803906|-274.1607593803906|-274.1607593803906|-274.1607593803906|-274.1607593803906|-274.1607593803906|-274.1607593803906|-274.1608121948941|-274.1608121948941|-274.1608121948941|-274.1608121948941|-274.1608121948941|-274.1608121948941|-274.1608121948941|-274.16097887356455|-274.16097887356455|-274.16137130233227|-274.16137130233227|-274.16165691026606|-274.16165691026606|-274.16165691026606|-274.16165691026606|-274.16165691026606|-274.16165691026606|-274.16165691026606|-274.16165691026606|-274.16165691026606|-274.16165691026606|-274.16165691026606|-274.16165691026606|-274.16165691026606|-274.16165691026606|-274.16165691026606|-274.16165691026606|-274.16165691026606|-274.16165691026606|-274.16165691026606|-274.16165691026606|-274.16165691026606|-274.16165691026606|-274.16165691026606|-274.16165691026606|-274.16165691026606|-274.16165691026606|-274.16165691026606|-274.16165691026606|-274.16165691026606|-274.16165691026606|-274.16165691026606|-274.16165691026606|-274.16165691026606|-274.16165691026606|-274.16165691026606|-274.16165691026606|-274.16165691026606|-274.16165691026606|-274.16165691026606|-274.16165691026606|-274.16165691026606|-274.16165691026606|-274.16165691026606|-274.16165691026606|-274.16165691026606|-274.16165691026606|-274.16165691026606|-274.16165691026606|-274.16165691026606|-274.16165691026606|-274.16165691026606|-274.16165691026606|-274.16165691026606|-274.16165691026606|-274.16165691026606|-274.16165691026606|-274.16165691026606|-274.16165691026606|-274.16165691026606|-274.16165691026606|-274.16165691026606|-274.16165691026606|-274.16165691026606|-274.16165691026606|-274.16165691026606|-274.16165691026606|-274.16165691026606|-274.16165691026606|-274.16165691026606|-274.16165691026606|-274.16165691026606|-274.16165691026606|-274.16165691026606|-274.16165691026606|-274.16165691026606|-274.16165691026606|-274.16165691026606|-274.16165691026606|-274.16165691026606
generations_300,19,100,300,5,0.5,10,70,119,10119,30100,-274.1607069971108,-2.9107486484697973,-2.899594519440557,-2.9011483895877443,-2.9071050339590494,-2.9040421288792135,-2.897336255854868,-2.9076707629857883,-231.50654256582976,-2.44541153570775,-2.424569308549743,-3.1686956656030487,-3.0600567785043498,3.202563858103435,-2.4959773498604134,2.8233570586426895,-188.68264485593804|-188.68264485593804|-193.50638668337496|-217.4825619373965|-220.31526142508793|-239.03451981262467|-239.03451981262467|-247.1331590327829|-247.1331590327829|-248.48312477819252|-249.15684740240545|-254.1240044350464|-254.9519984419699|-256.1476928046689|-259.977886791938|-262.89344565476597|-263.00137609674664|-263.00137609674664|-264.31052289286816|-267.7795494564707|-267.7795494564707|-267.7795494564707|-268.75613230095996|-270.1765282412462|-270.1765282412462|-270.1765282412462|-272.1398633297788|-272.1474969604892|-272.1474969604892|-272.1474969604892|-272.35284529167603|-272.35284529167603|-272.35284529167603|-272.91982374802717|-272.91982374802717|-272.91982374802717|-272.91982374802717|-273.1214755428445|-273.1214755428445|-273.3914231359345|-273.3914231359345|-273.53745069198584|-273.53745069198584|-273.5870693041625|-273.59013417624453|-273.8376699579813|-273.8376699579813|-273.8376699579813|-273.8376699579813|-274.02606370133003|-274.02606370133003|-274.02606370133003|-274.02606370133003|-274.02606370133003|-274.02606370133003|-274.02606370133003|-274.02606370133003|-274.02606370133003|-274.02606370133003|-274.02606370133003|-274.02606370133003|-274.0303164345787|-274.0580586650393|-274.0580586650393|-274.07989945554976|-274.07989945554976|-274.07989945554976|-274.0841521887985|-274.11625911951455|-274.11625911951455|-274.11625911951455|-274.12051185276323|-274.14235264327374|-274.14235264327374|-274.14235264327374|-274.14235264327374|-274.14235264327374|-274.14235264327374|-274.14235264327374|-274.14235264327374|-274.14235264327374|-274.14571626776734|-274.14571626776734|-274.14571626776734|-274.14571626776734|-274.14571626776734|-274.14571626776734|-274.14771042938753|-274.14771042938753|-274.14771042938753|-274.14771042938753|-274.14771042938753|-274.14771042938753|-274.14771042938753|-274.14771042938753|-274.14771042938753|-274.14771042938753|-274.14771042938753|-274.14771042938753|-274.14771042938753|-274.14771042938753|-274.14771042938753|-274.14771042938753|-274.14771042938753|-274.14771042938753|-274.14771042938753|-274.14771042938753|-274.14771042938753|-274.14771042938753|-274.14771042938753|-274.14771042938753|-274.14771042938753|-274.14771042938753|-274.14771042938753|-274.1486367069069|-274.1486367069069|-274.1486367069069|-274.15150066488115|-274.15150066488115|-274.15150066488115|-274.15150066488115|-274.15150066488115|-274.1524269424006|-274.1524269424006|-274.1524269424006|-274.1524269424006|-274.1524269424006|-274.1524269424006|-274.1524269424006|-274.1564382442752|-274.1564382442752|-274.1564382442752|-274.1564382442752|-274.1564382442752|-274.1564382442752|-274.1564382442752|-274.1578571975634|-274.1578571975634|-274.1578571975634|-274.1578571975634|-274.1578571975634|-274.1578571975634|-274.1578571975634|-274.1578571975634|-274.1578571975634|-274.1578571975634|-274.1578571975634|-274.1578571975634|-274.1578571975634|-274.1578571975634|-274.1578571975634|-274.1578571975634|-274.1578571975634|-274.1578571975634|-274.1578571975634|-274.1578571975634|-274.1578571975634|-274.1578571975634|-274.1578571975634|-274.1578571975634|-274.1578571975634|-274.1578571975634|-274.1578571975634|-274.1578571975634|-274.1578571975634|-274.1578571975634|-274.1578571975634|-274.1578571975634|-274.1578571975634|-274.1578571975634|-274.1578571975634|-274.1578571975634|-274.1578571975634|-274.1578571975634|-274.15932114954586|-274.15932114954586|-274.15932114954586|-274.15932114954586|-274.15932114954586|-274.15932114954586|-274.15932114954586|-274.15932114954586|-274.15932114954586|-274.15932114954586|-274.15932114954586|-274.15932114954586|-274.15932114954586|-274.15932114954586|-274.15932114954586|-274.15932114954586|-274.15932114954586|-274.15932114954586|-274.15932114954586|-274.1595237284958|-274.1595237284958|-274.1595237284958|-274.1595237284958|-274.1595237284958|-274.1595237284958|-274.1595237284958|-274.1595237284958|-274.1595237284958|-274.1595237284958|-274.1595237284958|-274.1595237284958|-274.1595237284958|-274.1595237284958|-274.1595237284958|-274.1596337944319|-274.1596337944319|-274.160180220711|-274.1602727565436|-274.1602727565436|-274.1602727565436|-274.1602902866471|-274.1602902866471|-274.1602902866471|-274.1602902866471|-274.1602902866471|-274.1602902866471|-274.1602902866471|-274.1602902866471|-274.1602902866471|-274.1602902866471|-274.1602902866471|-274.1602902866471|-274.1602902866471|-274.1602902866471|-274.1602902866471|-274.1602902866471|-274.1602902866471|-274.1602902866471|-274.1602902866471|-274.1602902866471|-274.1602902866471|-274.1602902866471|-274.1602902866471|-274.1602902866471|-274.1602902866471|-274.1602902866471|-274.1602902866471|-274.1602902866471|-274.1602902866471|-274.1602902866471|-274.1602902866471|-274.1602902866471|-274.1602902866471|-274.1602902866471|-274.1602902866471|-274.1602902866471|-274.1602902866471|-274.1602902866471|-274.1602902866471|-274.1602902866471|-274.1602902866471|-274.1602902866471|-274.1602902866471|-274.1602902866471|-274.1602902866471|-274.1602902866471|-274.1602902866471|-274.1602902866471|-274.1602902866471|-274.1602902866471|-274.1602902866471|-274.1602902866471|-274.1602902866471|-274.1602902866471|-274.1602902866471|-274.1602902866471|-274.1602902866471|-274.1602902866471|-274.1602902866471|-274.1602902866471|-274.1602902866471|-274.1602902866471|-274.1602902866471|-274.1602902866471|-274.1602902866471|-274.1602902866471|-274.1604581591177|-274.1604581591177|-274.1604581591177|-274.1604581591177|-274.1604581591177|-274.1604581591177|-274.1604581591177|-274.1604581591177|-274.1604581591177|-274.1604581591177|-274.1607069971108|-274.1607069971108|-274.1607069971108|-274.1607069971108|-274.1607069971108|-274.1607069971108|-274.1607069971108|-274.1607069971108|-274.1607069971108|-274.1607069971108|-274.1607069971108
generations_300,20,100,300,5,0.5,10,70,120,10120,30100,-274.16249414601083,-2.903953192447746,-2.901983441193992,-2.905347767914256,-2.907847762885041,-2.903152945113706,-2.90694017922946,-2.9020379271096552,-250.43273829498628,-3.427857845836426,-3.2930389776203395,-3.0008916015197973,-2.48207606130205,-2.08165099876479,-2.4057452591293185,-2.8707185682875167,-155.75181778820064|-155.80679218365813|-188.61240460441215|-188.61240460441215|-196.51333424332694|-208.48424740792746|-208.95437203041678|-208.95437203041678|-223.29587903530603|-223.59273968519656|-233.17313163333245|-233.17313163333245|-233.23601845052096|-233.23601845052096|-242.12738665882648|-255.96496867197325|-259.2829057648805|-259.39877503356377|-261.0102210068103|-264.48878819904235|-266.3634485817286|-268.0206454183816|-268.0206454183816|-268.46954281647487|-269.0246744681808|-269.0246744681808|-270.2479468676235|-270.5111590779756|-270.5111590779756|-270.5111590779756|-271.74943452700217|-272.1033749320595|-272.15461010735646|-272.1564411664506|-272.6065441540442|-272.6065441540442|-272.6065441540442|-272.64951045847454|-272.7997438669103|-272.85357150278685|-272.85357150278685|-273.5172214126965|-273.5172214126965|-273.6581143488054|-273.6581143488054|-273.6581143488054|-273.6581143488054|-273.7514815090069|-273.7514815090069|-273.7514815090069|-273.7514815090069|-273.873902036284|-273.873902036284|-273.8752572151674|-273.8752572151674|-273.9976777424444|-273.9976777424444|-273.9976777424444|-273.9976777424444|-273.9976777424444|-273.9976777424444|-273.9976777424444|-273.9976777424444|-273.9976777424444|-274.006533524079|-274.006533524079|-274.023601011967|-274.023601011967|-274.023601011967|-274.023601011967|-274.023601011967|-274.03514768583057|-274.03514768583057|-274.03514768583057|-274.03514768583057|-274.0522151737186|-274.06107095535316|-274.06107095535316|-274.06107095535316|-274.067594382574|-274.067594382574|-274.067594382574|-274.067594382574|-274.067594382574|-274.067594382574|-274.09686569156173|-274.09686569156173|-274.09686569156173|-274.09686569156173|-274.09686569156173|-274.09686569156173|-274.09686569156173|-274.09686569156173|-274.09686569156173|-274.12486190000254|-274.12486190000254|-274.12486190000254|-274.12486190000254|-274.1372663907639|-274.1372663907639|-274.1372663907639|-274.1372663907639|-274.1372663907639|-274.1372663907639|-274.15124932833334|-274.15124932833334|-274.15124932833334|-274.15124932833334|-274.15124932833334|-274.15124932833334|-274.15124932833334|-274.15124932833334|-274.15124932833334|-274.15124932833334|-274.15124932833334|-274.15124932833334|-274.15124932833334|-274.15124932833334|-274.15124932833334|-274.15124932833334|-274.15124932833334|-274.15124932833334|-274.15124932833334|-274.15124932833334|-274.15124932833334|-274.15124932833334|-274.15124932833334|-274.15124932833334|-274.15124932833334|-274.1515322027935|-274.1515322027935|-274.1515322027935|-274.1515322027935|-274.1570597299681|-274.1570597299681|-274.1570597299681|-274.1570597299681|-274.1570597299681|-274.1570597299681|-274.1570597299681|-274.1570597299681|-274.1570597299681|-274.1570597299681|-274.15941801322725|-274.15941801322725|-274.15941801322725|-274.15941801322725|-274.15941801322725|-274.15941801322725|-274.15941801322725|-274.15941801322725|-274.15941801322725|-274.15941801322725|-274.15941801322725|-274.15941801322725|-274.15941801322725|-274.15941801322725|-274.15941801322725|-274.15941801322725|-274.15941801322725|-274.15941801322725|-274.15941801322725|-274.15941801322725|-274.15941801322725|-274.15941801322725|-274.15941801322725|-274.15941801322725|-274.15941801322725|-274.15941801322725|-274.15941801322725|-274.15941801322725|-274.15941801322725|-274.15941801322725|-274.15941801322725|-274.15941801322725|-274.1596893083825|-274.1596893083825|-274.1596893083825|-274.1596893083825|-274.1596893083825|-274.1596893083825|-274.1596893083825|-274.1596893083825|-274.1596893083825|-274.1596893083825|-274.1596893083825|-274.1596893083825|-274.1596893083825|-274.1596893083825|-274.1596893083825|-274.1596893083825|-274.1601053926267|-274.1601053926267|-274.1601053926267|-274.1601053926267|-274.1601053926267|-274.1601053926267|-274.1601053926267|-274.1601053926267|-274.1601053926267|-274.1601053926267|-274.1601053926267|-274.1601053926267|-274.1601053926267|-274.1601053926267|-274.1601053926267|-274.1601053926267|-274.1601053926267|-274.1601053926267|-274.1601053926267|-274.1601053926267|-274.1601053926267|-274.1601053926267|-274.1601053926267|-274.1601053926267|-274.1601053926267|-274.1601053926267|-274.1601053926267|-274.1615833852477|-274.1615833852477|-274.1615833852477|-274.1615833852477|-274.1615833852477|-274.1615833852477|-274.1615833852477|-274.1615833852477|-274.1615833852477|-274.1624181476045|-274.1624181476045|-274.1624181476045|-274.1624181476045|-274.1624181476045|-274.1624181476045|-274.1624181476045|-274.1624181476045|-274.1624181476045|-274.1624181476045|-274.1624181476045|-274.1624181476045|-274.1624181476045|-274.1624181476045|-274.1624181476045|-274.1624181476045|-274.1624181476045|-274.1624181476045|-274.1624181476045|-274.1624181476045|-274.1624181476045|-274.1624181476045|-274.1624181476045|-274.1624181476045|-274.1624181476045|-274.1624181476045|-274.1624181476045|-274.1624181476045|-274.1624181476045|-274.1624181476045|-274.1624181476045|-274.1624181476045|-274.1624181476045|-274.1624181476045|-274.1624181476045|-274.1624181476045|-274.1624181476045|-274.1624181476045|-274.16249414601083|-274.16249414601083|-274.16249414601083|-274.16249414601083|-274.16249414601083|-274.16249414601083|-274.16249414601083|-274.16249414601083|-274.16249414601083|-274.16249414601083|-274.16249414601083|-274.16249414601083|-274.16249414601083|-274.16249414601083|-274.16249414601083|-274.16249414601083|-274.16249414601083|-274.16249414601083|-274.16249414601083|-274.16249414601083|-274.16249414601083|-274.16249414601083|-274.16249414601083|-274.16249414601083|-274.16249414601083|-274.16249414601083|-274.16249414601083|-274.16249414601083|-274.16249414601083|-274.16249414601083|-274.16249414601083|-274.16249414601083|-274.16249414601083|-274.16249414601083|-274.16249414601083|-274.16249414601083
generations_600,1,100,600,5,0.5,10,70,101,10101,60100,-274.163048485561,-2.9043395332704183,-2.9036881437290907,-2.9034208258927157,-2.9024215785285783,-2.902525200673749,-2.9017078808098034,-2.903948733153725,-250.21499383514453,-3.5010542236897635,2.5295987346546225,-2.88070741342777,-2.8812410359289595,-2.9486929307625998,-3.185688556357935,-2.8133061945541926,-151.7622002145425|-151.7622002145425|-163.87706535829096|-168.36572421784405|-182.2886327670268|-185.64527767848966|-195.76054561478475|-200.6876585550072|-208.85997111287728|-220.76922071563862|-224.05637114581438|-225.14208473202495|-228.75798991955742|-232.2431245118577|-232.2431245118577|-234.6869345281945|-235.2984894325399|-235.59381211775212|-249.2828655237869|-249.2828655237869|-252.15648042897146|-252.15648042897146|-255.2672497235131|-257.35893898884603|-257.35893898884603|-264.91383903854756|-264.91383903854756|-264.92897525119605|-267.10253358340424|-267.10253358340424|-269.68468704885413|-269.68468704885413|-269.68468704885413|-269.68468704885413|-271.94188612447914|-271.94188612447914|-273.0534399488456|-273.0534399488456|-273.359011564959|-273.359011564959|-273.3880544705804|-273.3880544705804|-273.5467847003974|-273.5467847003974|-273.5467847003974|-273.5467847003974|-273.7210993074789|-273.7210993074789|-273.7210993074789|-273.7210993074789|-273.7210993074789|-273.7210993074789|-273.7210993074789|-273.7210993074789|-273.7271041298035|-273.73835214440703|-273.76120068247576|-273.76120068247576|-273.76120068247576|-273.9140959172059|-273.99028227059193|-273.99028227059193|-274.0131308086606|-274.0131308086606|-274.0131308086606|-274.04450605323825|-274.04450605323825|-274.04450605323825|-274.08460742823513|-274.08460742823513|-274.0941352218663|-274.0941352218663|-274.0941352218663|-274.0941352218663|-274.0941352218663|-274.0941352218663|-274.0941352218663|-274.0941352218663|-274.0941352218663|-274.0941352218663|-274.0941352218663|-274.0941352218663|-274.0941352218663|-274.09462377759985|-274.09462377759985|-274.09462377759985|-274.09462377759985|-274.1004263137741|-274.12304154680385|-274.12304154680385|-274.12304154680385|-274.12304154680385|-274.12304154680385|-274.12304154680385|-274.12353010253736|-274.14020019591834|-274.14020019591834|-274.14020019591834|-274.1421214311622|-274.14649128782617|-274.14649128782617|-274.1519718343488|-274.1519718343488|-274.1519718343488|-274.1521319606109|-274.1521319606109|-274.1521319606109|-274.1521319606109|-274.1531744736652|-274.1531744736652|-274.1531744736652|-274.1531744736652|-274.15333459992735|-274.1533397843418|-274.1533397843418|-274.1533397843418|-274.15346641954795|-274.15362820030043|-274.15362820030043|-274.15362820030043|-274.1539512958135|-274.1539512958135|-274.1539512958135|-274.1539512958135|-274.1562779146714|-274.1562779146714|-274.1562779146714|-274.1562779146714|-274.1562779146714|-274.15660101018454|-274.15660101018454|-274.15660101018454|-274.15660101018454|-274.15660101018454|-274.15660101018454|-274.15660101018454|-274.15660101018454|-274.15660101018454|-274.15660101018454|-274.15660101018454|-274.15660101018454|-274.15660101018454|-274.15660101018454|-274.15660101018454|-274.15660101018454|-274.15660101018454|-274.15660101018454|-274.15660101018454|-274.15660101018454|-274.15660101018454|-274.15660101018454|-274.15660101018454|-274.15660101018454|-274.15660101018454|-274.15660101018454|-274.15660101018454|-274.15660101018454|-274.15660101018454|-274.15660101018454|-274.15660101018454|-274.15660101018454|-274.15660101018454|-274.15660101018454|-274.15660101018454|-274.1604336478145|-274.1604336478145|-274.1604336478145|-274.1604336478145|-274.1604336478145|-274.1604336478145|-274.1605742271525|-274.1605742271525|-274.1605742271525|-274.1605742271525|-274.1605742271525|-274.1605742271525|-274.1605742271525|-274.1605742271525|-274.1605742271525|-274.1605742271525|-274.1605742271525|-274.1605742271525|-274.1605742271525|-274.1605742271525|-274.1605742271525|-274.1605742271525|-274.1605742271525|-274.1605742271525|-274.1605742271525|-274.1605742271525|-274.1605742271525|-274.1605742271525|-274.1605742271525|-274.1605742271525|-274.1605742271525|-274.1605742271525|-274.1605742271525|-274.1605742271525|-274.1605742271525|-274.1605742271525|-274.1605742271525|-274.1605742271525|-274.1605742271525|-274.1605742271525|-274.1605742271525|-274.1605742271525|-274.1605742271525|-274.1605742271525|-274.1605742271525|-274.1605742271525|-274.1605742271525|-274.1605742271525|-274.1605742271525|-274.1605742271525|-274.1605742271525|-274.1605742271525|-274.1605742271525|-274.1605742271525|-274.1605742271525|-274.1605742271525|-274.1605742271525|-274.1605742271525|-274.1605742271525|-274.160627272461|-274.160627272461|-274.160627272461|-274.160627272461|-274.160627272461|-274.160627272461|-274.160627272461|-274.160627272461|-274.160627272461|-274.160627272461|-274.160627272461|-274.160627272461|-274.160627272461|-274.160627272461|-274.160627272461|-274.160627272461|-274.160627272461|-274.160627272461|-274.160627272461|-274.160627272461|-274.160627272461|-274.160627272461|-274.160627272461|-274.160627272461|-274.160627272461|-274.160627272461|-274.160627272461|-274.160627272461|-274.160627272461|-274.160627272461|-274.160627272461|-274.160627272461|-274.160627272461|-274.160627272461|-274.160627272461|-274.160627272461|-274.160627272461|-274.16071251976194|-274.16071251976194|-274.16071251976194|-274.16071251976194|-274.16071251976194|-274.16071251976194|-274.16071251976194|-274.16071251976194|-274.16071251976194|-274.16071251976194|-274.16071251976194|-274.16071251976194|-274.16071251976194|-274.16071251976194|-274.16071251976194|-274.16071251976194|-274.16071251976194|-274.1609063954995|-274.1609063954995|-274.1609063954995|-274.1609063954995|-274.1609063954995|-274.1609063954995|-274.1609063954995|-274.1609063954995|-274.1609063954995|-274.1609063954995|-274.1621212401419|-274.1621212401419|-274.1621212401419|-274.1621212401419|-274.1621212401419|-274.1621212401419|-274.1621212401419|-274.1621212401419|-274.1621212401419|-274.1621212401419|-274.1621212401419|-274.1621212401419|-274.1621212401419|-274.1621212401419|-274.1621212401419|-274.1621212401419|-274.1621461985759|-274.1621461985759|-274.1621461985759|-274.1621461985759|-274.1621461985759|-274.1621461985759|-274.1621461985759|-274.1621461985759|-274.1621461985759|-274.1621461985759|-274.1621461985759|-274.1621461985759|-274.1621461985759|-274.1622170150585|-274.1622170150585|-274.1622170150585|-274.1622170150585|-274.1622170150585|-274.1622170150585|-274.1622170150585|-274.1622170150585|-274.1622170150585|-274.1622170150585|-274.1622170150585|-274.1622170150585|-274.1622170150585|-274.1622170150585|-274.1622170150585|-274.1622170150585|-274.1622170150585|-274.1622170150585|-274.1622170150585|-274.1622170150585|-274.1622170150585|-274.1622170150585|-274.1622170150585|-274.1622170150585|-274.1622170150585|-274.1622170150585|-274.1622170150585|-274.16221846217076|-274.16221846217076|-274.16221846217076|-274.16221846217076|-274.16221846217076|-274.16221846217076|-274.16221846217076|-274.16221846217076|-274.16221846217076|-274.16221846217076|-274.16221846217076|-274.16221846217076|-274.16221846217076|-274.16221846217076|-274.16221846217076|-274.16221846217076|-274.16221846217076|-274.16221846217076|-274.16221846217076|-274.16221846217076|-274.16221846217076|-274.16221846217076|-274.16221846217076|-274.16221846217076|-274.16221846217076|-274.16221846217076|-274.16221846217076|-274.16221846217076|-274.16221846217076|-274.16221846217076|-274.16221846217076|-274.16221846217076|-274.16221846217076|-274.1630205141681|-274.1630205141681|-274.1630205141681|-274.1630205141681|-274.1630205141681|-274.1630205141681|-274.1630205141681|-274.1630205141681|-274.1630205141681|-274.1630205141681|-274.1630205141681|-274.1630205141681|-274.1630205141681|-274.1630205141681|-274.1630205141681|-274.1630205141681|-274.1630205141681|-274.1630205141681|-274.1630205141681|-274.1630205141681|-274.1630205141681|-274.1630205141681|-274.1630205141681|-274.1630205141681|-274.1630205141681|-274.1630205141681|-274.1630205141681|-274.1630205141681|-274.1630205141681|-274.1630205141681|-274.1630205141681|-274.1630205141681|-274.1630205141681|-274.1630205141681|-274.16302057427276|-274.16302057427276|-274.16302057427276|-274.16302057427276|-274.16302057427276|-274.16302057427276|-274.16302057427276|-274.16302057427276|-274.16302057427276|-274.16302057427276|-274.16302057427276|-274.16302057427276|-274.16302057427276|-274.16302057427276|-274.16302057427276|-274.16302057427276|-274.16302057427276|-274.16302057427276|-274.16302057427276|-274.16302057427276|-274.16302057427276|-274.16302057427276|-274.16302057427276|-274.16302057427276|-274.16302057427276|-274.16302057427276|-274.16302057427276|-274.16302057427276|-274.16302057427276|-274.16302057427276|-274.16302057427276|-274.16302057427276|-274.16302057427276|-274.16302057427276|-274.16302057427276|-274.16302057427276|-274.16302057427276|-274.16302057427276|-274.16302057427276|-274.16302057427276|-274.16302057427276|-274.16302057427276|-274.16302057427276|-274.16302057427276|-274.16302057427276|-274.16302057427276|-274.16302057427276|-274.16302057427276|-274.16302057427276|-274.16302057427276|-274.16302057427276|-274.16302057427276|-274.16302057427276|-274.16302057427276|-274.16302057427276|-274.16302057427276|-274.16302057427276|-274.16302057427276|-274.16302057427276|-274.16302057427276|-274.16302057427276|-274.16302057427276|-274.16302057427276|-274.16302057427276|-274.16302057427276|-274.16302057427276|-274.16302057427276|-274.16302057427276|-274.16302057427276|-274.16302057427276|-274.16302057427276|-274.16302057427276|-274.16302057427276|-274.16302057427276|-274.16302057427276|-274.16302057427276|-274.16302057427276|-274.16302057427276|-274.16302057427276|-274.16302057427276|-274.16302057427276|-274.16302057427276|-274.16302057427276|-274.1630223724224|-274.1630223724224|-274.1630223724224|-274.1630223724224|-274.1630223724224|-274.1630223724224|-274.1630223724224|-274.1630223724224|-274.1630223724224|-274.1630223724224|-274.1630223724224|-274.1630223724224|-274.1630223724224|-274.16304282972976|-274.16304282972976|-274.16304282972976|-274.16304282972976|-274.16304282972976|-274.16304282972976|-274.16304282972976|-274.16304282972976|-274.16304282972976|-274.16304282972976|-274.16304282972976|-274.16304282972976|-274.16304282972976|-274.16304282972976|-274.16304282972976|-274.16304282972976|-274.16304282972976|-274.16304282972976|-274.16304282972976|-274.16304282972976|-274.16304282972976|-274.16304282972976|-274.16304282972976|-274.16304282972976|-274.16304282972976|-274.16304282972976|-274.16304282972976|-274.16304282972976|-274.16304282972976|-274.16304282972976|-274.16304282972976|-274.16304282972976|-274.16304282972976|-274.16304282972976|-274.16304282972976|-274.16304282972976|-274.16304282972976|-274.16304282972976|-274.16304282972976|-274.16304282972976|-274.16304282972976|-274.16304282972976|-274.16304282972976|-274.16304282972976|-274.16304282972976|-274.16304282972976|-274.16304282972976|-274.16304282972976|-274.16304282972976|-274.16304282972976|-274.16304282972976|-274.16304282972976|-274.16304282972976|-274.16304282972976|-274.16304282972976|-274.16304282972976|-274.16304282972976|-274.16304282972976|-274.16304282972976|-274.16304282972976|-274.16304282972976|-274.16304282972976|-274.16304282972976|-274.16304282972976|-274.16304282972976|-274.16304282972976|-274.163048485561|-274.163048485561|-274.163048485561|-274.163048485561|-274.163048485561|-274.163048485561|-274.163048485561|-274.163048485561|-274.163048485561|-274.163048485561|-274.163048485561|-274.163048485561|-274.163048485561|-274.163048485561|-274.163048485561|-274.163048485561|-274.163048485561|-274.163048485561|-274.163048485561|-274.163048485561|-274.163048485561|-274.163048485561|-274.163048485561|-274.163048485561|-274.163048485561|-274.163048485561|-274.163048485561|-274.163048485561|-274.163048485561
generations_600,2,100,600,5,0.5,10,70,102,10102,60100,-274.1630642793058,-2.9035075427209045,-2.9026000270966485,-2.9020810665446244,-2.902642478373534,-2.9043919320876848,-2.9041402520706336,-2.9027275850942162,-242.48928865247274,-3.3988275045404883,-2.872576170835326,-2.0339069079036562,-2.999106127945522,-2.9059399054307744,-1.6722642989710979,-2.737734226852313,-183.26682859162497|-183.26682859162497|-237.37347117109258|-237.37347117109258|-239.714140549906|-239.714140549906|-258.9936853005952|-262.0907979096855|-262.0907979096855|-264.2416058251503|-264.2416058251503|-266.7716174981058|-266.79707983673785|-267.704911933234|-268.2576327223422|-271.00233686354125|-271.00233686354125|-271.506292512227|-272.0904254768383|-272.0904254768383|-272.0904254768383|-272.5552264311922|-272.5552264311922|-273.16154213549055|-273.6292200525581|-273.6292200525581|-273.68014469209726|-273.7210354580452|-273.785496137137|-273.785496137137|-273.785496137137|-273.785496137137|-273.785496137137|-273.785496137137|-273.785496137137|-273.785496137137|-273.93126490437254|-273.93126490437254|-273.93126490437254|-273.93126490437254|-273.93126490437254|-273.93126490437254|-273.93126490437254|-273.93126490437254|-273.95642862791425|-273.95642862791425|-273.95642862791425|-273.95642862791425|-273.95642862791425|-273.95642862791425|-274.1010736745035|-274.1010736745035|-274.1010736745035|-274.1010736745035|-274.10734709713046|-274.10734709713046|-274.10734709713046|-274.10734709713046|-274.10734709713046|-274.10734709713046|-274.10734709713046|-274.10734709713046|-274.10734709713046|-274.10734709713046|-274.10734709713046|-274.10734709713046|-274.10734709713046|-274.1242357578047|-274.1242357578047|-274.1242357578047|-274.1242357578047|-274.1242357578047|-274.1242357578047|-274.1242357578047|-274.12508805225565|-274.12873920960203|-274.12873920960203|-274.15067295316504|-274.15067295316504|-274.15067295316504|-274.15067295316504|-274.15067295316504|-274.15067295316504|-274.1510544789067|-274.1510544789067|-274.1510544789067|-274.1510544789067|-274.15135462645605|-274.15135462645605|-274.15135462645605|-274.15135462645605|-274.15327359027714|-274.15327359027714|-274.15327359027714|-274.15327359027714|-274.15327359027714|-274.15327359027714|-274.1535737378265|-274.1535737378265|-274.1535737378265|-274.15414324205733|-274.15414324205733|-274.15414324205733|-274.15414324205733|-274.15414324205733|-274.15414324205733|-274.15414324205733|-274.15414324205733|-274.15414324205733|-274.15414324205733|-274.15414324205733|-274.1570297225553|-274.1570297225553|-274.1570297225553|-274.1570297225553|-274.1570297225553|-274.1570297225553|-274.1570297225553|-274.1570297225553|-274.1570297225553|-274.1570297225553|-274.1570297225553|-274.1570297225553|-274.1570297225553|-274.1581316219492|-274.1581316219492|-274.1581316219492|-274.1581316219492|-274.1581316219492|-274.1581316219492|-274.1581316219492|-274.1581316219492|-274.15813975028783|-274.15813975028783|-274.15813975028783|-274.15813975028783|-274.15813975028783|-274.15813975028783|-274.15813975028783|-274.15813975028783|-274.15813975028783|-274.15813975028783|-274.15886893206294|-274.15886893206294|-274.15886893206294|-274.15886893206294|-274.15886893206294|-274.15886893206294|-274.15887706040155|-274.15887706040155|-274.15887706040155|-274.15887706040155|-274.15955736942624|-274.15955736942624|-274.15955736942624|-274.15955736942624|-274.15955736942624|-274.15955736942624|-274.15955736942624|-274.15955736942624|-274.15955736942624|-274.15955736942624|-274.15955736942624|-274.15955736942624|-274.15955736942624|-274.15955736942624|-274.15955736942624|-274.15955736942624|-274.15955736942624|-274.15955736942624|-274.15955736942624|-274.15955736942624|-274.15955736942624|-274.1618975236756|-274.1618975236756|-274.1618975236756|-274.1618975236756|-274.1618975236756|-274.1618975236756|-274.1618975236756|-274.1618975236756|-274.1618975236756|-274.1618975236756|-274.1618975236756|-274.1618975236756|-274.1618975236756|-274.1618975236756|-274.1618975236756|-274.1618975236756|-274.1618975236756|-274.1618975236756|-274.1618975236756|-274.1618975236756|-274.1618975236756|-274.1618975236756|-274.1618975236756|-274.1618975236756|-274.1618975236756|-274.1618975236756|-274.1618975236756|-274.1625196083152|-274.1625196083152|-274.1625196083152|-274.1625196083152|-274.1625196083152|-274.1625196083152|-274.1625196083152|-274.1625196083152|-274.1625950006296|-274.1625950006296|-274.16278464191856|-274.16278464191856|-274.16278464191856|-274.16278464191856|-274.16278464191856|-274.16278464191856|-274.1628600342329|-274.1628600342329|-274.1628600342329|-274.1628600342329|-274.1628600342329|-274.1628600342329|-274.1628600342329|-274.1628600342329|-274.1628600342329|-274.1628600342329|-274.1628600342329|-274.1628600342329|-274.1628600342329|-274.1628600342329|-274.1628600342329|-274.1628600342329|-274.1628600342329|-274.1628600342329|-274.1628600342329|-274.1628600342329|-274.1628600342329|-274.1628600342329|-274.1628600342329|-274.1628600342329|-274.1628600342329|-274.1628600342329|-274.1628600342329|-274.1628600342329|-274.1628600342329|-274.1628600342329|-274.1628600342329|-274.1628600342329|-274.1628600342329|-274.1628600342329|-274.1628600342329|-274.1628600342329|-274.1628600342329|-274.1628600342329|-274.1628600342329|-274.1628703655842|-274.1628703655842|-274.1628703655842|-274.1628703655842|-274.1628703655842|-274.1628703655842|-274.1628703655842|-274.1628703655842|-274.1628703655842|-274.1628703655842|-274.1628703655842|-274.1628703655842|-274.1628703655842|-274.1628703655842|-274.1628703655842|-274.1628703655842|-274.1628703655842|-274.16289834562895|-274.16289834562895|-274.16289834562895|-274.16289834562895|-274.16289834562895|-274.16289834562895|-274.16289834562895|-274.16289834562895|-274.16289834562895|-274.16289834562895|-274.16289834562895|-274.16289834562895|-274.16289834562895|-274.16289834562895|-274.16289834562895|-274.16289834562895|-274.16289834562895|-274.16289834562895|-274.16289834562895|-274.16289834562895|-274.16289834562895|-274.16289834562895|-274.16289834562895|-274.16289834562895|-274.16289834562895|-274.16289834562895|-274.16289834562895|-274.16289834562895|-274.16289834562895|-274.16289834562895|-274.16289834562895|-274.16289834562895|-274.16289834562895|-274.16289834562895|-274.16289834562895|-274.16289834562895|-274.16289834562895|-274.16289834562895|-274.16289834562895|-274.16289834562895|-274.16289834562895|-274.16289834562895|-274.16289834562895|-274.16289834562895|-274.16289834562895|-274.16289834562895|-274.16289834562895|-274.16289834562895|-274.16289834562895|-274.16289834562895|-274.16289834562895|-274.16289834562895|-274.16289834562895|-274.16289834562895|-274.16289834562895|-274.16289834562895|-274.16289834562895|-274.16289834562895|-274.16289834562895|-274.16289834562895|-274.16289834562895|-274.16289834562895|-274.16289834562895|-274.16289834562895|-274.16289834562895|-274.16289834562895|-274.16289834562895|-274.16289834562895|-274.16289834562895|-274.16289834562895|-274.16289834562895|-274.16289834562895|-274.16289834562895|-274.16289834562895|-274.16289834562895|-274.16289834562895|-274.16289834562895|-274.16289834562895|-274.16289834562895|-274.16289834562895|-274.16289834562895|-274.16289834562895|-274.16289834562895|-274.16289834562895|-274.16289834562895|-274.16289834562895|-274.16289834562895|-274.16289834562895|-274.16289834562895|-274.16289834562895|-274.16289834562895|-274.16289834562895|-274.16289834562895|-274.16289834562895|-274.16289834562895|-274.16289834562895|-274.16289834562895|-274.16289834562895|-274.16289834562895|-274.16289834562895|-274.16289834562895|-274.16290238708586|-274.16290238708586|-274.1629360848414|-274.1629360848414|-274.1629360848414|-274.1629360848414|-274.1629360848414|-274.1629360848414|-274.1629360848414|-274.1629360848414|-274.1629360848414|-274.1629360848414|-274.1629360848414|-274.1629360848414|-274.1629360848414|-274.1629360848414|-274.1629360848414|-274.1629360848414|-274.1629360848414|-274.1629360848414|-274.1629360848414|-274.1629360848414|-274.1629360848414|-274.1629360848414|-274.1629360848414|-274.1629360848414|-274.1629360848414|-274.1629360848414|-274.1629360848414|-274.1629360848414|-274.1629360848414|-274.1629360848414|-274.1629360848414|-274.1629360848414|-274.1629360848414|-274.1629360848414|-274.1629360848414|-274.1629360848414|-274.1629360848414|-274.1629360848414|-274.1629360848414|-274.1629360848414|-274.1629360848414|-274.1629360848414|-274.1629360848414|-274.1629360848414|-274.1629360848414|-274.1629360848414|-274.1629360848414|-274.1629360848414|-274.1629360848414|-274.1629360848414|-274.1629360848414|-274.1629360848414|-274.1629360848414|-274.1629360848414|-274.1629360848414|-274.1629360848414|-274.1629360848414|-274.1629360848414|-274.1629360848414|-274.1629360848414|-274.1629360848414|-274.1629360848414|-274.1629360848414|-274.1629360848414|-274.1629360848414|-274.1629360848414|-274.1629360848414|-274.1629360848414|-274.1629360848414|-274.1629360848414|-274.1629360848414|-274.1629360848414|-274.1629360848414|-274.1629360848414|-274.1629360848414|-274.1629360848414|-274.1629360848414|-274.1629360848414|-274.1629360848414|-274.1629360848414|-274.1629360848414|-274.1629360848414|-274.1629360848414|-274.1629360848414|-274.1629360848414|-274.1629360848414|-274.1629360848414|-274.1629360848414|-274.1629360848414|-274.1629360848414|-274.1629360848414|-274.1629360848414|-274.1629360848414|-274.1629360848414|-274.1629360848414|-274.1629360848414|-274.1629360848414|-274.1629360848414|-274.1629360848414|-274.1629360848414|-274.1629360848414|-274.1629360848414|-274.1629360848414|-274.1629360848414|-274.1629360848414|-274.1629360848414|-274.1629360848414|-274.1629360848414|-274.1629360848414|-274.1629360848414|-274.1629360848414|-274.1629360848414|-274.1629360848414|-274.1629360848414|-274.1629360848414|-274.1629360848414|-274.1629360848414|-274.1629360848414|-274.1629360848414|-274.1629360848414|-274.1629360848414|-274.1629360848414|-274.1629360848414|-274.1629360848414|-274.1629360848414|-274.1629360848414|-274.1629360848414|-274.1629360848414|-274.1629360848414|-274.1629360848414|-274.1629360848414|-274.1629360848414|-274.16296852373705|-274.16296852373705|-274.16296852373705|-274.16296852373705|-274.16296852373705|-274.16296852373705|-274.16296852373705|-274.16296852373705|-274.16296852373705|-274.16296852373705|-274.16296852373705|-274.16296852373705|-274.16296852373705|-274.16296852373705|-274.1630642793058|-274.1630642793058|-274.1630642793058|-274.1630642793058|-274.1630642793058|-274.1630642793058|-274.1630642793058|-274.1630642793058|-274.1630642793058|-274.1630642793058|-274.1630642793058|-274.1630642793058|-274.1630642793058|-274.1630642793058|-274.1630642793058|-274.1630642793058|-274.1630642793058|-274.1630642793058|-274.1630642793058|-274.1630642793058|-274.1630642793058|-274.1630642793058|-274.1630642793058|-274.1630642793058|-274.1630642793058|-274.1630642793058|-274.1630642793058|-274.1630642793058|-274.1630642793058|-274.1630642793058|-274.1630642793058|-274.1630642793058|-274.1630642793058|-274.1630642793058|-274.1630642793058|-274.1630642793058|-274.1630642793058|-274.1630642793058|-274.1630642793058|-274.1630642793058|-274.1630642793058|-274.1630642793058|-274.1630642793058|-274.1630642793058|-274.1630642793058|-274.1630642793058|-274.1630642793058|-274.1630642793058|-274.1630642793058|-274.1630642793058|-274.1630642793058|-274.1630642793058|-274.1630642793058|-274.1630642793058|-274.1630642793058|-274.1630642793058|-274.1630642793058|-274.1630642793058|-274.1630642793058|-274.1630642793058|-274.1630642793058|-274.1630642793058|-274.1630642793058|-274.1630642793058|-274.1630642793058|-274.1630642793058|-274.1630642793058|-274.1630642793058|-274.1630642793058|-274.1630642793058|-274.1630642793058|-274.1630642793058|-274.1630642793058|-274.1630642793058|-274.1630642793058|-274.1630642793058|-274.1630642793058|-274.1630642793058|-274.1630642793058|-274.1630642793058
generations_600,3,100,600,5,0.5,10,70,103,10103,60100,-274.16312068187995,-2.904960432781529,-2.9038228308750096,-2.9038156310876606,-2.903482583217364,-2.903460535069377,-2.9036078378065255,-2.9032936938776475,-256.48962155232175,-2.811333487642397,-2.5986011582639845,-3.1887730312901805,-2.519794093239752,-2.348070962306351,-2.1292254303397993,-2.9669741884061915,-177.2510376971332|-188.085941218873|-196.75114683937718|-201.42394878488992|-201.42394878488992|-201.71406658154106|-216.44845437814095|-217.82119018165352|-223.30001684026038|-237.92283959381285|-241.68981557920566|-241.68981557920566|-241.68981557920566|-249.15403546026403|-250.6157149770943|-251.0603034094094|-251.0603034094094|-252.48246757447066|-252.48246757447066|-257.0522089975121|-257.0522089975121|-257.0522089975121|-257.0522089975121|-257.0522089975121|-257.0522089975121|-261.97991577876945|-261.97991577876945|-261.97991577876945|-261.97991577876945|-261.97991577876945|-263.4431683915006|-264.45751287253563|-264.5393922352945|-268.76368526818214|-268.76368526818214|-268.76368526818214|-268.76368526818214|-271.784846192871|-272.79166262125085|-272.79166262125085|-273.1082913216249|-273.1082913216249|-273.1082913216249|-273.15691933104586|-273.27518193536906|-273.29698869421213|-273.32676838340444|-273.40156991060275|-273.52331996012003|-273.62929039420425|-273.62929039420425|-273.62929039420425|-273.62929039420425|-273.62929039420425|-273.6590142490842|-273.66292963203176|-273.8694775021157|-273.8694775021157|-273.8694775021157|-273.8694775021157|-273.9114823250551|-273.98286196652106|-273.98286196652106|-273.98286196652106|-273.98286196652106|-274.01665676503126|-274.0209839900968|-274.0209839900968|-274.0209839900968|-274.0209839900968|-274.0209839900968|-274.0209839900968|-274.03634938387387|-274.0508680651287|-274.05538785221637|-274.05538785221637|-274.10811064527707|-274.10811064527707|-274.12116069556595|-274.12116069556595|-274.12116069556595|-274.12116069556595|-274.12116069556595|-274.12116069556595|-274.12116069556595|-274.1276872515393|-274.1276872515393|-274.1276872515393|-274.1276872515393|-274.1276872515393|-274.13163953051105|-274.13163953051105|-274.1405658207682|-274.1405658207682|-274.1405658207682|-274.1405658207682|-274.1405658207682|-274.1405658207682|-274.1405658207682|-274.1405658207682|-274.1405658207682|-274.1405658207682|-274.1405658207682|-274.1405658207682|-274.1405658207682|-274.1405658207682|-274.1410216869049|-274.1410216869049|-274.1410216869049|-274.1410216869049|-274.1410216869049|-274.1410216869049|-274.1410216869049|-274.1432879991426|-274.1432879991426|-274.1432879991426|-274.1432879991426|-274.1432879991426|-274.1432879991426|-274.14490779321756|-274.14490779321756|-274.14490779321756|-274.14490779321756|-274.14490779321756|-274.14490779321756|-274.15968114276376|-274.15968114276376|-274.15968114276376|-274.15968114276376|-274.15968114276376|-274.15968114276376|-274.160533856721|-274.160533856721|-274.160533856721|-274.160533856721|-274.160533856721|-274.1618463950005|-274.1618463950005|-274.1618463950005|-274.1618463950005|-274.1618463950005|-274.1618463950005|-274.1618463950005|-274.1618463950005|-274.1618463950005|-274.1618463950005|-274.1618463950005|-274.1618463950005|-274.16205678864407|-274.16205678864407|-274.16205678864407|-274.16205678864407|-274.16205678864407|-274.16205678864407|-274.16205678864407|-274.16205678864407|-274.16205678864407|-274.16205678864407|-274.16205678864407|-274.16205678864407|-274.16205678864407|-274.16205678864407|-274.16212821775576|-274.16212821775576|-274.16212821775576|-274.16212821775576|-274.16212821775576|-274.16212821775576|-274.16212821775576|-274.16212821775576|-274.16212821775576|-274.16212821775576|-274.16212821775576|-274.16212821775576|-274.16212821775576|-274.16212821775576|-274.16212821775576|-274.16212821775576|-274.16212821775576|-274.16212821775576|-274.16212821775576|-274.16212821775576|-274.16212821775576|-274.16212821775576|-274.16212821775576|-274.16212821775576|-274.16212821775576|-274.16212821775576|-274.16212821775576|-274.16212821775576|-274.16212821775576|-274.16212821775576|-274.16212821775576|-274.16212821775576|-274.16212821775576|-274.16212821775576|-274.16212821775576|-274.16212821775576|-274.16212821775576|-274.16212821775576|-274.16212821775576|-274.16212821775576|-274.16212821775576|-274.16212821775576|-274.16212821775576|-274.16212821775576|-274.16212821775576|-274.16212821775576|-274.16212821775576|-274.16212821775576|-274.16212821775576|-274.16212821775576|-274.16212821775576|-274.16212821775576|-274.16212821775576|-274.16212821775576|-274.16212821775576|-274.16212821775576|-274.16212821775576|-274.16212821775576|-274.16212821775576|-274.16212821775576|-274.16212821775576|-274.16212821775576|-274.16212821775576|-274.16212821775576|-274.16212821775576|-274.16212821775576|-274.16212821775576|-274.16212821775576|-274.16212821775576|-274.16212821775576|-274.16212821775576|-274.16212821775576|-274.16212821775576|-274.16212821775576|-274.16212821775576|-274.16212821775576|-274.16212821775576|-274.16212821775576|-274.16212821775576|-274.16212821775576|-274.16212821775576|-274.16212821775576|-274.16212821775576|-274.16212821775576|-274.16212821775576|-274.16212821775576|-274.16212821775576|-274.16212821775576|-274.16212821775576|-274.16212821775576|-274.16212821775576|-274.16212821775576|-274.16212821775576|-274.16212821775576|-274.16212821775576|-274.16212821775576|-274.16212821775576|-274.16212821775576|-274.16212821775576|-274.16212821775576|-274.16212821775576|-274.16212821775576|-274.16212821775576|-274.16212821775576|-274.16212821775576|-274.16212821775576|-274.16212821775576|-274.16212821775576|-274.16212821775576|-274.16212821775576|-274.16212821775576|-274.16212821775576|-274.16212821775576|-274.16212821775576|-274.16212821775576|-274.16212821775576|-274.16212821775576|-274.16212821775576|-274.16212821775576|-274.16212821775576|-274.16216514733134|-274.16216514733134|-274.16216514733134|-274.1630055707953|-274.1630055707953|-274.1630055707953|-274.1630055707953|-274.1630055707953|-274.1630055707953|-274.1630425003709|-274.1630425003709|-274.1630425003709|-274.1630425003709|-274.1630425003709|-274.1630425003709|-274.1630425003709|-274.1630425003709|-274.1630425003709|-274.1630425003709|-274.1630425003709|-274.1630425003709|-274.1630425003709|-274.1630425003709|-274.1630425003709|-274.1630425003709|-274.1630425003709|-274.1630425003709|-274.1630425003709|-274.1630425003709|-274.1630425003709|-274.1630425003709|-274.1630425003709|-274.1630425003709|-274.1630425003709|-274.1630425003709|-274.1630425003709|-274.1630425003709|-274.1630425003709|-274.1630425003709|-274.1630425003709|-274.1630425003709|-274.1630425003709|-274.1630425003709|-274.1630425003709|-274.1630425003709|-274.1630425003709|-274.1630425003709|-274.1630425003709|-274.1630426988554|-274.1630426988554|-274.1630426988554|-274.1630426988554|-274.1630426988554|-274.1630426988554|-274.1630426988554|-274.1630426988554|-274.1630426988554|-274.1630426988554|-274.1630426988554|-274.1630426988554|-274.1630426988554|-274.1630426988554|-274.1630426988554|-274.1630426988554|-274.1630426988554|-274.1630426988554|-274.1630426988554|-274.1630426988554|-274.1630426988554|-274.1630426988554|-274.1630426988554|-274.1630426988554|-274.1630426988554|-274.1630426988554|-274.1630426988554|-274.1630426988554|-274.1630426988554|-274.1630426988554|-274.1630426988554|-274.1630426988554|-274.1630426988554|-274.1630426988554|-274.1630426988554|-274.1630426988554|-274.1630426988554|-274.1630426988554|-274.1630426988554|-274.1630426988554|-274.1630426988554|-274.1630426988554|-274.1630426988554|-274.1630426988554|-274.1630426988554|-274.1630426988554|-274.1630426988554|-274.1630426988554|-274.1630426988554|-274.1630426988554|-274.1630426988554|-274.1630426988554|-274.1630426988554|-274.1630426988554|-274.1630426988554|-274.1630426988554|-274.1630426988554|-274.1630426988554|-274.1630426988554|-274.1630426988554|-274.1630448805726|-274.1630448805726|-274.1630448805726|-274.1630448805726|-274.1630448805726|-274.1630448805726|-274.1630448805726|-274.1630448805726|-274.1630448805726|-274.1630448805726|-274.1630448805726|-274.1630448805726|-274.1630448805726|-274.1630448805726|-274.1630448805726|-274.1630448805726|-274.1630448805726|-274.1630448805726|-274.1630448805726|-274.16304541141915|-274.16304541141915|-274.16304541141915|-274.16304541141915|-274.16304541141915|-274.16304541141915|-274.16304541141915|-274.16304541141915|-274.16304541141915|-274.16304541141915|-274.16304541141915|-274.16304541141915|-274.16304541141915|-274.16304541141915|-274.16304541141915|-274.16304541141915|-274.16304541141915|-274.16304541141915|-274.16304541141915|-274.16304541141915|-274.16304541141915|-274.16304541141915|-274.16304541141915|-274.16304541141915|-274.16304541141915|-274.16304541141915|-274.16304541141915|-274.16304541141915|-274.16304541141915|-274.16304541141915|-274.16304541141915|-274.16304541141915|-274.16304541141915|-274.16304541141915|-274.16304541141915|-274.16304541141915|-274.16304541141915|-274.16304541141915|-274.16304541141915|-274.16304541141915|-274.16304541141915|-274.16304541141915|-274.16304541141915|-274.16304541141915|-274.16304541141915|-274.16304541141915|-274.1630720952314|-274.1630720952314|-274.1630720952314|-274.1630720952314|-274.1630720952314|-274.1630720952314|-274.1630720952314|-274.1630720952314|-274.1630720952314|-274.1630720952314|-274.1630720952314|-274.1630720952314|-274.1630720952314|-274.1630720952314|-274.1630720952314|-274.1630720952314|-274.1630720952314|-274.1630720952314|-274.1630720952314|-274.1630720952314|-274.1630720952314|-274.1630720952314|-274.1630720952314|-274.1630720952314|-274.1630720952314|-274.1630720952314|-274.1630720952314|-274.1630720952314|-274.1630720952314|-274.1630720952314|-274.1630720952314|-274.1630720952314|-274.1630720952314|-274.1630720952314|-274.1630720952314|-274.1630720952314|-274.1630720952314|-274.1630720952314|-274.1630720952314|-274.1630720952314|-274.1630720952314|-274.1630720952314|-274.1630720952314|-274.1630720952314|-274.1630720952314|-274.1630720952314|-274.1630720952314|-274.1630720952314|-274.1630720952314|-274.1630720952314|-274.1630720952314|-274.1630720952314|-274.1630720952314|-274.1630720952314|-274.1630720952314|-274.1630720952314|-274.1630720952314|-274.1630720952314|-274.1630720952314|-274.1630720952314|-274.1630720952314|-274.1630720952314|-274.1630720952314|-274.1630720952314|-274.1630720952314|-274.1630720952314|-274.1630720952314|-274.1630720952314|-274.16311571632497|-274.16311571632497|-274.16311571632497|-274.16311571632497|-274.16311571632497|-274.16311571632497|-274.16311571632497|-274.16311571632497|-274.16311571632497|-274.16311571632497|-274.16311784318606|-274.16311784318606|-274.16311784318606|-274.16311784318606|-274.16311784318606|-274.16311784318606|-274.16311784318606|-274.16311784318606|-274.16311784318606|-274.16311784318606|-274.16311784318606|-274.16311784318606|-274.16311784318606|-274.16311784318606|-274.16311784318606|-274.16311784318606|-274.16311784318606|-274.16311784318606|-274.16311784318606|-274.16311784318606|-274.16311784318606|-274.16311784318606|-274.16311784318606|-274.16311784318606|-274.16311784318606|-274.16312068187995|-274.16312068187995|-274.16312068187995|-274.16312068187995|-274.16312068187995|-274.16312068187995|-274.16312068187995|-274.16312068187995|-274.16312068187995|-274.16312068187995|-274.16312068187995|-274.16312068187995|-274.16312068187995|-274.16312068187995|-274.16312068187995|-274.16312068187995|-274.16312068187995|-274.16312068187995|-274.16312068187995|-274.16312068187995|-274.16312068187995|-274.16312068187995|-274.16312068187995|-274.16312068187995|-274.16312068187995|-274.16312068187995|-274.16312068187995|-274.16312068187995|-274.16312068187995|-274.16312068187995|-274.16312068187995|-274.16312068187995|-274.16312068187995|-274.16312068187995|-274.16312068187995|-274.16312068187995|-274.16312068187995|-274.16312068187995|-274.16312068187995|-274.16312068187995|-274.16312068187995|-274.16312068187995|-274.16312068187995
generations_600,4,100,600,5,0.5,10,70,104,10104,60100,-274.1631203784696,-2.903425731644838,-2.902821602601543,-2.903361815616012,-2.9037927410102293,-2.903160273189378,-2.9045810716404707,-2.9028743968844646,-242.43220536515577,-3.021516303587105,-2.86769597979991,-2.36061455569745,-3.372814527070087,-1.5927911051453911,-2.441972736622496,-3.191269865041204,-194.50791746980252|-194.50791746980252|-194.50791746980252|-198.0106920493085|-224.40334737541104|-224.40334737541104|-240.65166072434837|-243.66682214728712|-248.52638832985778|-248.52638832985778|-256.62059789663533|-259.77578453249436|-259.77578453249436|-259.9246078729026|-264.4003723375227|-266.91826993173083|-266.91826993173083|-266.91826993173083|-267.9246493303099|-270.9548777393409|-270.9548777393409|-271.03367175196263|-271.03367175196263|-271.9612571379199|-271.9612571379199|-271.9612571379199|-272.08308353661226|-272.08308353661226|-272.38486123039195|-272.4159501354259|-272.4159501354259|-272.53125973138964|-273.2706985685642|-273.2706985685642|-273.2706985685642|-273.2706985685642|-273.2706985685642|-273.2706985685642|-273.2706985685642|-273.4642614178137|-273.4642614178137|-273.4642614178137|-273.7054650539203|-273.7054650539203|-273.71154839518897|-273.76312983972537|-273.76312983972537|-273.76312983972537|-273.76312983972537|-273.76312983972537|-273.88456344114803|-273.88456344114803|-273.88456344114803|-273.88456344114803|-273.88456344114803|-273.93597265688425|-273.93597265688425|-273.93597265688425|-273.93597265688425|-273.9880425034127|-273.9880425034127|-273.9880425034127|-273.9880425034127|-273.9880425034127|-273.9880425034127|-274.0288716494921|-274.0534808166027|-274.0534808166027|-274.0534808166027|-274.0534808166027|-274.0796106486259|-274.0796106486259|-274.0796106486259|-274.0796106486259|-274.0796106486259|-274.0796106486259|-274.0796106486259|-274.0922064360686|-274.09425668035806|-274.09425668035806|-274.09425668035806|-274.09425668035806|-274.09425668035806|-274.09425668035806|-274.09425668035806|-274.09425668035806|-274.1073208805643|-274.1233266322402|-274.1233266322402|-274.1233266322402|-274.1233266322402|-274.1233266322402|-274.1233266322402|-274.1275185188573|-274.1275185188573|-274.12855791823876|-274.12855791823876|-274.12855791823876|-274.12855791823876|-274.12855791823876|-274.13274980485585|-274.13274980485585|-274.13274980485585|-274.13274980485585|-274.13274980485585|-274.13274980485585|-274.13274980485585|-274.13274980485585|-274.13274980485585|-274.13365899533704|-274.1364649417382|-274.14261697415566|-274.14261697415566|-274.1484876555251|-274.1484876555251|-274.1484876555251|-274.1484876555251|-274.1484876555251|-274.14939684600637|-274.14939684600637|-274.14939684600637|-274.14939684600637|-274.14939684600637|-274.14939684600637|-274.14939684600637|-274.14939684600637|-274.14939684600637|-274.14939684600637|-274.14939684600637|-274.14939684600637|-274.14939684600637|-274.14939684600637|-274.14939684600637|-274.14939684600637|-274.14939684600637|-274.14939684600637|-274.1547594539093|-274.1547594539093|-274.1547594539093|-274.1547594539093|-274.15706338183026|-274.15706338183026|-274.15706338183026|-274.15706338183026|-274.15706338183026|-274.15706338183026|-274.15706338183026|-274.15706338183026|-274.15706338183026|-274.15706338183026|-274.15706338183026|-274.1608329870737|-274.1608329870737|-274.1608329870737|-274.1608329870737|-274.1608329870737|-274.1608329870737|-274.1608329870737|-274.1608329870737|-274.1608329870737|-274.1608329870737|-274.1608329870737|-274.1608329870737|-274.1608329870737|-274.1608329870737|-274.1615105688105|-274.1615105688105|-274.1615105688105|-274.1615105688105|-274.1615105688105|-274.1615105688105|-274.1615231244521|-274.1615231244521|-274.1615231244521|-274.1616672355902|-274.1616672355902|-274.1616672355902|-274.1616672355902|-274.1616672355902|-274.1616672355902|-274.1616672355902|-274.1616672355902|-274.1616672355902|-274.1616672355902|-274.1616672355902|-274.1616672355902|-274.1616672355902|-274.1616672355902|-274.1616672355902|-274.1616672355902|-274.1616672355902|-274.1616672355902|-274.1616672355902|-274.1616672355902|-274.1616672355902|-274.1616672355902|-274.1616672355902|-274.1616672355902|-274.1616672355902|-274.1616672355902|-274.1616672355902|-274.1616672355902|-274.1616672355902|-274.16177644648087|-274.16177644648087|-274.16177644648087|-274.16177644648087|-274.16177644648087|-274.16177644648087|-274.16177644648087|-274.16177644648087|-274.16177644648087|-274.16177644648087|-274.16177644648087|-274.16177644648087|-274.16177644648087|-274.16177644648087|-274.16177644648087|-274.16177644648087|-274.16177644648087|-274.16177644648087|-274.16177644648087|-274.16211011917164|-274.16211011917164|-274.16211011917164|-274.16211011917164|-274.16211011917164|-274.16211011917164|-274.16211011917164|-274.16211011917164|-274.16211011917164|-274.16211011917164|-274.16211011917164|-274.16211011917164|-274.16211011917164|-274.16211011917164|-274.16211011917164|-274.16211011917164|-274.16211011917164|-274.1626634683857|-274.1626634683857|-274.1626634683857|-274.1626634683857|-274.1626634683857|-274.1626634683857|-274.1626634683857|-274.1626634683857|-274.1626634683857|-274.1626634683857|-274.1626634683857|-274.1626634683857|-274.1626634683857|-274.1626634683857|-274.1626634683857|-274.1626634683857|-274.1626634683857|-274.1626634683857|-274.1626634683857|-274.1626634683857|-274.1626634683857|-274.1626634683857|-274.1626634683857|-274.1626634683857|-274.1626634683857|-274.1626634683857|-274.1626634683857|-274.1626634683857|-274.1626634683857|-274.1626634683857|-274.1626634683857|-274.1626634683857|-274.1626634683857|-274.1626634683857|-274.1626634683857|-274.1626634683857|-274.1626634683857|-274.1626634683857|-274.1626634683857|-274.1626634683857|-274.1626634683857|-274.1626634683857|-274.1626634683857|-274.1626634683857|-274.1626634683857|-274.1626634683857|-274.1626634683857|-274.1626634683857|-274.1626634683857|-274.1626634683857|-274.1628905397557|-274.1628905397557|-274.1628905397557|-274.1628905397557|-274.1628905397557|-274.1628905397557|-274.1628905397557|-274.1628905397557|-274.1628905397557|-274.1628905397557|-274.1628905397557|-274.1628905397557|-274.1628905397557|-274.1628905397557|-274.1628905397557|-274.1628905397557|-274.1628905397557|-274.1628905397557|-274.1628905397557|-274.1628905397557|-274.1628905397557|-274.1628905397557|-274.1628905397557|-274.1628905397557|-274.1628905397557|-274.1628905397557|-274.1628905397557|-274.1628905397557|-274.1628905397557|-274.1628905397557|-274.1628905397557|-274.1628905397557|-274.1628905397557|-274.1628905397557|-274.1628905397557|-274.1628905397557|-274.1628905397557|-274.1628905397557|-274.1628905397557|-274.1628905397557|-274.1628905397557|-274.1628905397557|-274.1628905397557|-274.1628905397557|-274.1628905397557|-274.1628905397557|-274.1628905397557|-274.1628905397557|-274.1628905397557|-274.1628905397557|-274.1628905397557|-274.1628905397557|-274.1628905397557|-274.1628905397557|-274.1628905397557|-274.1628905397557|-274.1628905397557|-274.1628905397557|-274.1628905397557|-274.1628905397557|-274.1628905397557|-274.1630151666579|-274.1630151666579|-274.1630151666579|-274.1630151666579|-274.1630151666579|-274.1630151666579|-274.1630151666579|-274.1630151666579|-274.1630151666579|-274.1630151666579|-274.1630151666579|-274.1630151666579|-274.1630151666579|-274.1630151666579|-274.1630151666579|-274.1630151666579|-274.1630151666579|-274.1630151666579|-274.1630151666579|-274.1630151666579|-274.1630151666579|-274.1630151666579|-274.1630151666579|-274.1630151666579|-274.1630151666579|-274.1630151666579|-274.1630151666579|-274.1630151666579|-274.1630151666579|-274.1630151666579|-274.1630151666579|-274.1630151666579|-274.1630151666579|-274.1630151666579|-274.1630151666579|-274.1630151666579|-274.1630151666579|-274.1630151666579|-274.1630151666579|-274.1630151666579|-274.1630151666579|-274.16302653811243|-274.16302653811243|-274.16302653811243|-274.16302653811243|-274.16302653811243|-274.16302653811243|-274.16302653811243|-274.16302653811243|-274.16302653811243|-274.16302653811243|-274.16302653811243|-274.16302653811243|-274.16302653811243|-274.16302653811243|-274.16302653811243|-274.16302653811243|-274.16302653811243|-274.16302653811243|-274.16302653811243|-274.16302653811243|-274.16302653811243|-274.16302653811243|-274.16302653811243|-274.16302653811243|-274.16302653811243|-274.16302653811243|-274.16302653811243|-274.16302653811243|-274.16302653811243|-274.16302653811243|-274.16302653811243|-274.16302653811243|-274.16302653811243|-274.16302653811243|-274.16302653811243|-274.16302653811243|-274.16302653811243|-274.16302653811243|-274.16305490692406|-274.16305490692406|-274.16305490692406|-274.16305490692406|-274.16305490692406|-274.16305490692406|-274.16305490692406|-274.16305490692406|-274.16305490692406|-274.16311547126156|-274.16311547126156|-274.16311547126156|-274.16311547126156|-274.16311547126156|-274.16311547126156|-274.16311547126156|-274.16311547126156|-274.16311547126156|-274.16311547126156|-274.16311547126156|-274.16311547126156|-274.16311547126156|-274.16311547126156|-274.16311547126156|-274.16311547126156|-274.16311547126156|-274.16311547126156|-274.16311547126156|-274.16311547126156|-274.16311547126156|-274.16311547126156|-274.16311547126156|-274.16311547126156|-274.16311547126156|-274.16311547126156|-274.16311547126156|-274.16311547126156|-274.16311547126156|-274.16311547126156|-274.16311547126156|-274.16311547126156|-274.16311547126156|-274.16311547126156|-274.16311547126156|-274.16311547126156|-274.16311547126156|-274.16311547126156|-274.16311547126156|-274.16311547126156|-274.16311547126156|-274.16311547126156|-274.16311547126156|-274.16311547126156|-274.16311547126156|-274.16311547126156|-274.16311547126156|-274.16311547126156|-274.16311547126156|-274.16311547126156|-274.16311547126156|-274.16311547126156|-274.16311547126156|-274.16311547126156|-274.16311547126156|-274.16311547126156|-274.16311547126156|-274.16311547126156|-274.16311547126156|-274.16311547126156|-274.16311547126156|-274.16311547126156|-274.16311547126156|-274.16311547126156|-274.16311547126156|-274.16311547126156|-274.16311547126156|-274.16311547126156|-274.16311547126156|-274.16311547126156|-274.16311547126156|-274.16311547126156|-274.16311547126156|-274.16311547126156|-274.16311547126156|-274.16311547126156|-274.16311547126156|-274.16311547126156|-274.16311547126156|-274.16311547126156|-274.16311547126156|-274.16311547126156|-274.16311547126156|-274.16311547126156|-274.16311547126156|-274.16311547126156|-274.16311547126156|-274.16311547126156|-274.1631203784696|-274.1631203784696|-274.1631203784696|-274.1631203784696|-274.1631203784696|-274.1631203784696|-274.1631203784696|-274.1631203784696|-274.1631203784696|-274.1631203784696|-274.1631203784696|-274.1631203784696|-274.1631203784696|-274.1631203784696|-274.1631203784696|-274.1631203784696|-274.1631203784696|-274.1631203784696|-274.1631203784696|-274.1631203784696|-274.1631203784696|-274.1631203784696|-274.1631203784696|-274.1631203784696|-274.1631203784696|-274.1631203784696|-274.1631203784696|-274.1631203784696|-274.1631203784696|-274.1631203784696|-274.1631203784696|-274.1631203784696|-274.1631203784696|-274.1631203784696|-274.1631203784696|-274.1631203784696|-274.1631203784696|-274.1631203784696|-274.1631203784696|-274.1631203784696|-274.1631203784696|-274.1631203784696|-274.1631203784696|-274.1631203784696|-274.1631203784696|-274.1631203784696|-274.1631203784696|-274.1631203784696|-274.1631203784696|-274.1631203784696|-274.1631203784696|-274.1631203784696|-274.1631203784696|-274.1631203784696|-274.1631203784696|-274.1631203784696|-274.1631203784696|-274.1631203784696|-274.1631203784696|-274.1631203784696|-274.1631203784696|-274.1631203784696|-274.1631203784696|-274.1631203784696|-274.1631203784696|-274.1631203784696|-274.1631203784696|-274.1631203784696|-274.1631203784696|-274.1631203784696|-274.1631203784696|-274.1631203784696|-274.1631203784696|-274.1631203784696|-274.1631203784696
generations_600,5,100,600,5,0.5,10,70,105,10105,60100,-274.1630749810222,-2.9045589983353968,-2.9027612924821513,-2.9029784347895373,-2.903612718119083,-2.9031038394583435,-2.9041133316919154,-2.905092189837274,-248.40431940546426,-1.8932227640844088,-2.813850661200903,-2.9537979256210303,-3.2615681245036154,-2.7462039873118815,-2.14980202586447,-2.452799866137263,-174.25324162852579|-180.39883479876354|-186.0318989785561|-205.45413605253412|-208.89810952689322|-215.17826028713802|-219.7724372675817|-226.57970490387606|-229.69942788322402|-229.69942788322402|-236.5491198684093|-240.8216976665955|-240.8216976665955|-241.99391228932328|-248.18103818642544|-248.18103818642544|-248.93841943057308|-251.76634450342465|-251.76634450342465|-254.07533011973683|-266.2256151040369|-266.2256151040369|-266.2256151040369|-266.2256151040369|-270.44528588676684|-270.44528588676684|-271.03567294217913|-271.03567294217913|-271.03567294217913|-271.8362572182211|-273.2201089013781|-273.2201089013781|-273.2201089013781|-273.2201089013781|-273.2201089013781|-273.2201089013781|-273.78984441096424|-273.78984441096424|-273.78984441096424|-273.78984441096424|-273.78984441096424|-273.78984441096424|-273.7957564577691|-273.7957564577691|-273.7957564577691|-273.7957564577691|-273.7957564577691|-273.90349955843647|-273.90349955843647|-273.90349955843647|-273.90349955843647|-273.90349955843647|-273.9468680174876|-273.9468680174876|-273.9468680174876|-273.9468680174876|-273.95254501406356|-273.95254501406356|-273.95254501406356|-273.95470946216693|-273.9549445123958|-273.9549445123958|-273.98907008466335|-273.98907008466335|-274.02978019203823|-274.02978019203823|-274.0381155402905|-274.0381155402905|-274.0381155402905|-274.03835059051937|-274.03835059051937|-274.03835059051937|-274.03835059051937|-274.03835059051937|-274.0609809154064|-274.0609809154064|-274.0609809154064|-274.0609809154064|-274.06879760143363|-274.06879760143363|-274.06879760143363|-274.07127603232766|-274.07127603232766|-274.07805687008147|-274.1087389312246|-274.1087389312246|-274.1087389312246|-274.1282841213838|-274.1282841213838|-274.1282841213838|-274.14411451894256|-274.14411451894256|-274.14411451894256|-274.14411451894256|-274.14411451894256|-274.14411451894256|-274.1449813264344|-274.1449813264344|-274.1449813264344|-274.1449813264344|-274.1449813264344|-274.14948343179935|-274.1503502392912|-274.1503502392912|-274.1503502392912|-274.1503502392912|-274.1503502392912|-274.1503502392912|-274.1503502392912|-274.1503502392912|-274.1504565855932|-274.1504565855932|-274.1504565855932|-274.1504565855932|-274.1504565855932|-274.1504565855932|-274.1504565855932|-274.1504565855932|-274.1504565855932|-274.1504565855932|-274.1504565855932|-274.1504565855932|-274.1504565855932|-274.15045916821674|-274.15045916821674|-274.15045916821674|-274.15045916821674|-274.15045916821674|-274.16196708613563|-274.16196708613563|-274.16196708613563|-274.16196708613563|-274.16196708613563|-274.16196708613563|-274.16196708613563|-274.16196708613563|-274.1619696687592|-274.1619696687592|-274.1619696687592|-274.1619696687592|-274.1619696687592|-274.1619696687592|-274.1619696687592|-274.1619696687592|-274.1619696687592|-274.1619696687592|-274.1619696687592|-274.1619696687592|-274.1619696687592|-274.1619696687592|-274.1619696687592|-274.1619696687592|-274.1619696687592|-274.1619696687592|-274.1619696687592|-274.1619696687592|-274.1619696687592|-274.1619696687592|-274.1619696687592|-274.1619696687592|-274.1619696687592|-274.1619696687592|-274.1619696687592|-274.1619696687592|-274.1619696687592|-274.1619696687592|-274.1619696687592|-274.1619696687592|-274.1619696687592|-274.1619696687592|-274.1619696687592|-274.1619696687592|-274.1619696687592|-274.1619696687592|-274.1619696687592|-274.1619696687592|-274.1619696687592|-274.1619696687592|-274.1619696687592|-274.1619696687592|-274.1619696687592|-274.1619696687592|-274.1619696687592|-274.16204714128725|-274.16204714128725|-274.16204714128725|-274.16204714128725|-274.16204714128725|-274.16204714128725|-274.16204714128725|-274.16204714128725|-274.16204714128725|-274.16204714128725|-274.16204714128725|-274.16204714128725|-274.16204714128725|-274.16204714128725|-274.16204714128725|-274.16204714128725|-274.16204714128725|-274.16204714128725|-274.16204714128725|-274.16204714128725|-274.16204714128725|-274.16204714128725|-274.16204714128725|-274.16204714128725|-274.16204714128725|-274.16207422232026|-274.16207422232026|-274.16207422232026|-274.16207422232026|-274.16207422232026|-274.16207422232026|-274.16207422232026|-274.16207422232026|-274.16207422232026|-274.16207422232026|-274.16207422232026|-274.16207422232026|-274.16207422232026|-274.16207422232026|-274.16207422232026|-274.16207422232026|-274.16207422232026|-274.16207422232026|-274.16207422232026|-274.16207422232026|-274.16207422232026|-274.16207422232026|-274.16207422232026|-274.16207422232026|-274.16207422232026|-274.16207422232026|-274.16207422232026|-274.16207422232026|-274.16207422232026|-274.16207422232026|-274.16207422232026|-274.16207422232026|-274.16207422232026|-274.16207422232026|-274.162350605024|-274.162350605024|-274.162350605024|-274.162350605024|-274.162350605024|-274.162350605024|-274.162350605024|-274.162350605024|-274.162350605024|-274.162350605024|-274.162350605024|-274.162350605024|-274.162350605024|-274.162350605024|-274.162350605024|-274.162350605024|-274.162350605024|-274.162350605024|-274.162350605024|-274.162350605024|-274.162350605024|-274.162350605024|-274.162350605024|-274.162350605024|-274.162350605024|-274.162350605024|-274.162350605024|-274.162350605024|-274.162350605024|-274.162350605024|-274.162350605024|-274.162350605024|-274.162350605024|-274.162350605024|-274.162350605024|-274.162350605024|-274.162350605024|-274.162350605024|-274.162350605024|-274.162350605024|-274.162350605024|-274.162350605024|-274.1625417608058|-274.1625417608058|-274.1625417608058|-274.1625417608058|-274.1625417608058|-274.1625417608058|-274.1625417608058|-274.1625417608058|-274.1625417608058|-274.1625417608058|-274.1625417608058|-274.1625417608058|-274.1625417608058|-274.1625417608058|-274.1625417608058|-274.1625417608058|-274.1625417608058|-274.1625417608058|-274.1625417608058|-274.1625417608058|-274.1625417608058|-274.1625417608058|-274.1625417608058|-274.1625417608058|-274.1625417608058|-274.1625417608058|-274.1625417608058|-274.1625417608058|-274.1625417608058|-274.1625417608058|-274.16254971162135|-274.16254971162135|-274.16254971162135|-274.16254971162135|-274.16254971162135|-274.16254971162135|-274.16254971162135|-274.16254971162135|-274.16254971162135|-274.16254971162135|-274.16254971162135|-274.16254971162135|-274.16254971162135|-274.16254971162135|-274.16254971162135|-274.16254971162135|-274.16254971162135|-274.16254971162135|-274.16254971162135|-274.16254971162135|-274.16254971162135|-274.16254971162135|-274.16254971162135|-274.16254971162135|-274.16254971162135|-274.16254971162135|-274.16254971162135|-274.16262730411336|-274.16262730411336|-274.16262730411336|-274.16262730411336|-274.16262730411336|-274.16262730411336|-274.16262730411336|-274.16262730411336|-274.16262730411336|-274.16262730411336|-274.16262730411336|-274.16262730411336|-274.16262730411336|-274.16262730411336|-274.16262730411336|-274.16262730411336|-274.16262730411336|-274.16262730411336|-274.16262730411336|-274.16262730411336|-274.16262730411336|-274.16262730411336|-274.16262730411336|-274.16262730411336|-274.16262730411336|-274.16262730411336|-274.16262730411336|-274.16262730411336|-274.16262730411336|-274.16262730411336|-274.16262730411336|-274.16262730411336|-274.16262730411336|-274.16262730411336|-274.16262730411336|-274.16262730411336|-274.16262730411336|-274.16262730411336|-274.16262730411336|-274.16262730411336|-274.16262730411336|-274.16262730411336|-274.16262730411336|-274.16262730411336|-274.16262730411336|-274.16262730411336|-274.16262730411336|-274.16262730411336|-274.16262730411336|-274.16262730411336|-274.16262730411336|-274.16262730411336|-274.16262730411336|-274.16262730411336|-274.16262730411336|-274.16262730411336|-274.16262730411336|-274.16262730411336|-274.16262730411336|-274.16262730411336|-274.16262730411336|-274.16262730411336|-274.16262730411336|-274.16262730411336|-274.16262730411336|-274.16262730411336|-274.16262730411336|-274.16262730411336|-274.16262730411336|-274.16262730411336|-274.16262730411336|-274.16262730411336|-274.16262730411336|-274.16262730411336|-274.16262730411336|-274.16262730411336|-274.16262730411336|-274.16262730411336|-274.16262730411336|-274.16262730411336|-274.16262730411336|-274.16262730411336|-274.16262730411336|-274.16262730411336|-274.16262730411336|-274.16262730411336|-274.16262730411336|-274.16262730411336|-274.16262730411336|-274.16262730411336|-274.16262730411336|-274.16262730411336|-274.16262730411336|-274.16262730411336|-274.16262730411336|-274.16262730411336|-274.16262730411336|-274.16262730411336|-274.16262730411336|-274.16262730411336|-274.16262730411336|-274.16262730411336|-274.16262730411336|-274.16262730411336|-274.16262730411336|-274.16262730411336|-274.16262730411336|-274.16262730411336|-274.16262730411336|-274.16262730411336|-274.16262730411336|-274.1626347769521|-274.1626347769521|-274.1626347769521|-274.1626347769521|-274.1626347769521|-274.1626347769521|-274.1626347769521|-274.1626347769521|-274.1626347769521|-274.1626347769521|-274.1626347769521|-274.1626347769521|-274.1626347769521|-274.1626347769521|-274.1626347769521|-274.1626347769521|-274.1626347769521|-274.1626347769521|-274.1626347769521|-274.1626347769521|-274.1626347769521|-274.1626347769521|-274.1626347769521|-274.1626347769521|-274.1626347769521|-274.1626347769521|-274.1626347769521|-274.1626347769521|-274.1626347769521|-274.1626347769521|-274.1626347769521|-274.1626347769521|-274.1626347769521|-274.1626347769521|-274.1626347769521|-274.1626347769521|-274.1626347769521|-274.1626347769521|-274.1626347769521|-274.1626347769521|-274.1626347769521|-274.1626347769521|-274.1626347769521|-274.1626347769521|-274.1626347769521|-274.1626347769521|-274.1626347769521|-274.1626347769521|-274.1626347769521|-274.1626347769521|-274.1626347769521|-274.1626347769521|-274.1626347769521|-274.1626347769521|-274.1626347769521|-274.1626347769521|-274.1626347769521|-274.1626347769521|-274.1626347769521|-274.1626347769521|-274.1626347769521|-274.1626347769521|-274.1626347769521|-274.1626347769521|-274.1626347769521|-274.1626347769521|-274.1626347769521|-274.1626347769521|-274.1626347769521|-274.1626347769521|-274.1626347769521|-274.1626347769521|-274.1626347769521|-274.1626347769521|-274.1626347769521|-274.1626347769521|-274.1626347769521|-274.1626347769521|-274.1626347769521|-274.1626347769521|-274.1626347769521|-274.1626347769521|-274.1626347769521|-274.16298056262093|-274.16298056262093|-274.16298056262093|-274.16298056262093|-274.16298056262093|-274.16298056262093|-274.16298056262093|-274.16298056262093|-274.16298056262093|-274.16298056262093|-274.16298056262093|-274.16298056262093|-274.16298056262093|-274.16298056262093|-274.16298056262093|-274.16298056262093|-274.16298056262093|-274.16298056262093|-274.16298056262093|-274.16298056262093|-274.16298056262093|-274.16298056262093|-274.16298056262093|-274.16298056262093|-274.16298056262093|-274.16298056262093|-274.16298056262093|-274.16298056262093|-274.16298056262093|-274.16298056262093|-274.16298056262093|-274.16298056262093|-274.16298056262093|-274.16298056262093|-274.16298056262093|-274.16298056262093|-274.16298056262093|-274.16298056262093|-274.16298056262093|-274.16298056262093|-274.16298056262093|-274.16298056262093|-274.16298056262093|-274.16298056262093|-274.16307471648764|-274.16307471648764|-274.16307471648764|-274.16307471648764|-274.16307471648764|-274.16307471648764|-274.16307471648764|-274.16307471648764|-274.16307471648764|-274.16307471648764|-274.16307471648764|-274.1630749810222|-274.1630749810222|-274.1630749810222|-274.1630749810222|-274.1630749810222|-274.1630749810222|-274.1630749810222|-274.1630749810222|-274.1630749810222|-274.1630749810222|-274.1630749810222
generations_600,6,100,600,5,0.5,10,70,106,10106,60100,-274.1630709888256,-2.9025897744658518,-2.901941297336088,-2.9047204459034974,-2.9035035789048615,-2.9029852466569674,-2.9035991145582316,-2.9034867423462853,-241.75082859762367,-2.4435664916079025,-2.6295071381649757,-2.4466833497852623,-3.3852700586903994,2.4352230101365517,-3.2311669292215415,-2.462281467143698,-189.5949283796713|-189.5949283796713|-207.9561974655552|-219.80582841248636|-219.80582841248636|-219.80582841248636|-232.04761430416693|-254.49388562357896|-254.49388562357896|-254.49388562357896|-262.25071303069524|-262.25071303069524|-262.25071303069524|-265.3860820272121|-265.3860820272121|-265.3860820272121|-268.94011255487453|-268.97636307479934|-268.97636307479934|-268.97636307479934|-268.97636307479934|-269.7002637729697|-269.84513184540833|-271.14363935371466|-271.2366948648249|-271.2366948648249|-271.2366948648249|-271.36226994733937|-272.35995453666953|-272.35995453666953|-272.35995453666953|-272.35995453666953|-273.06665300710466|-273.3139845704634|-273.3139845704634|-273.3139845704634|-273.5337552724415|-273.5337552724415|-273.5337552724415|-273.5337552724415|-273.5337552724415|-273.5337552724415|-273.77650104364744|-273.77650104364744|-273.77650104364744|-273.77650104364744|-273.77650104364744|-273.77650104364744|-273.77650104364744|-273.77650104364744|-273.7948715393704|-273.7948715393704|-273.7948715393704|-273.7948715393704|-273.97806358161375|-273.97806358161375|-273.97806358161375|-273.97806358161375|-274.0335731134778|-274.0335731134778|-274.0335731134778|-274.0335731134778|-274.03521546849703|-274.0422338195737|-274.0672409119927|-274.0672409119927|-274.0672409119927|-274.0672409119927|-274.0740681342458|-274.0740681342458|-274.0740825397596|-274.08788307719215|-274.08788307719215|-274.08788307719215|-274.08788307719215|-274.08788307719215|-274.09446654431997|-274.09446654431997|-274.09446654431997|-274.09446654431997|-274.09710279909575|-274.09710279909575|-274.09710279909575|-274.1275268686949|-274.1275268686949|-274.1275268686949|-274.1275268686949|-274.1275268686949|-274.14025415190457|-274.14025415190457|-274.14025415190457|-274.14025415190457|-274.14271146910414|-274.14271146910414|-274.14271146910414|-274.14271146910414|-274.14868569672893|-274.14868569672893|-274.14868569672893|-274.14868569672893|-274.14868569672893|-274.14868569672893|-274.14868569672893|-274.14868569672893|-274.14868569672893|-274.14868569672893|-274.14868569672893|-274.15500591516786|-274.15500591516786|-274.15500591516786|-274.15500591516786|-274.15500591516786|-274.15500591516786|-274.15500591516786|-274.15500591516786|-274.15500591516786|-274.15500591516786|-274.15500591516786|-274.15500591516786|-274.16139309557786|-274.16139309557786|-274.16139309557786|-274.16139309557786|-274.16139309557786|-274.16139309557786|-274.16139309557786|-274.16139309557786|-274.16139309557786|-274.16139309557786|-274.16139309557786|-274.16139309557786|-274.16139309557786|-274.16139309557786|-274.16139309557786|-274.16139309557786|-274.1614179441896|-274.1614179441896|-274.1614179441896|-274.1614179441896|-274.1614179441896|-274.1614179441896|-274.1614179441896|-274.1614179441896|-274.1614179441896|-274.1614179441896|-274.1614179441896|-274.1614179441896|-274.1614179441896|-274.1614179441896|-274.1614179441896|-274.1614179441896|-274.1614179441896|-274.1614179441896|-274.1614179441896|-274.16154614863655|-274.16154614863655|-274.16154614863655|-274.16154614863655|-274.16154614863655|-274.16154614863655|-274.16154614863655|-274.16154614863655|-274.16154614863655|-274.16154614863655|-274.16154614863655|-274.16154614863655|-274.16154614863655|-274.16154614863655|-274.16154614863655|-274.16154614863655|-274.16154614863655|-274.16154614863655|-274.16154614863655|-274.16154614863655|-274.16154614863655|-274.16154614863655|-274.16154614863655|-274.16154614863655|-274.16154614863655|-274.16154614863655|-274.16154614863655|-274.16154614863655|-274.16154614863655|-274.16154614863655|-274.16154614863655|-274.16154614863655|-274.16154614863655|-274.16154614863655|-274.16154614863655|-274.16154614863655|-274.16154614863655|-274.16154614863655|-274.16154614863655|-274.16154614863655|-274.16154614863655|-274.16154614863655|-274.16154614863655|-274.16154614863655|-274.16154614863655|-274.16154614863655|-274.16154614863655|-274.16154614863655|-274.16154614863655|-274.16154614863655|-274.16154614863655|-274.16154614863655|-274.16154614863655|-274.16154614863655|-274.16154614863655|-274.1615975077499|-274.1615975077499|-274.1615975077499|-274.1615975077499|-274.1615975077499|-274.1615975077499|-274.1615975077499|-274.1615975077499|-274.1615975077499|-274.1615975077499|-274.1615975077499|-274.1615975077499|-274.1615975077499|-274.1615975077499|-274.1615975077499|-274.1615975077499|-274.16160999120774|-274.16160999120774|-274.16160999120774|-274.16160999120774|-274.16160999120774|-274.16160999120774|-274.16160999120774|-274.16160999120774|-274.16160999120774|-274.16299394837415|-274.16299394837415|-274.16299394837415|-274.16299394837415|-274.16299394837415|-274.16299394837415|-274.16299394837415|-274.16299394837415|-274.16299394837415|-274.16299394837415|-274.16299394837415|-274.1629969863583|-274.1629969863583|-274.1629969863583|-274.1629969863583|-274.1629969863583|-274.1629969863583|-274.1629969863583|-274.1629969863583|-274.1629969863583|-274.1629969863583|-274.1629969863583|-274.1629969863583|-274.1629969863583|-274.1629969863583|-274.1629969863583|-274.1629969863583|-274.1630264061944|-274.1630264061944|-274.1630264061944|-274.1630264061944|-274.1630264061944|-274.1630264061944|-274.1630264061944|-274.1630264061944|-274.1630264061944|-274.1630264061944|-274.1630264061944|-274.1630264061944|-274.1630264061944|-274.1630264061944|-274.1630264061944|-274.1630264061944|-274.1630264061944|-274.1630264061944|-274.1630264061944|-274.1630264061944|-274.1630264061944|-274.1630264061944|-274.1630264061944|-274.1630264061944|-274.1630264061944|-274.1630264061944|-274.1630264061944|-274.1630264061944|-274.1630264061944|-274.1630264061944|-274.1630264061944|-274.1630264061944|-274.1630264061944|-274.1630264061944|-274.1630264061944|-274.1630264061944|-274.1630264061944|-274.1630264061944|-274.1630264061944|-274.1630264061944|-274.1630264061944|-274.1630264061944|-274.1630264061944|-274.1630264061944|-274.1630264061944|-274.1630264061944|-274.1630264061944|-274.1630264061944|-274.1630264061944|-274.1630264061944|-274.1630264061944|-274.1630264061944|-274.1630264061944|-274.1630264061944|-274.1630264061944|-274.1630264061944|-274.1630264061944|-274.1630264061944|-274.1630264061944|-274.1630264061944|-274.1630264061944|-274.1630264061944|-274.1630264061944|-274.1630264061944|-274.1630264061944|-274.1630264061944|-274.1630264061944|-274.1630264061944|-274.1630264061944|-274.1630264061944|-274.1630264061944|-274.1630264061944|-274.1630264061944|-274.1630264061944|-274.1630264061944|-274.1630264061944|-274.1630264061944|-274.1630264061944|-274.1630264061944|-274.1630264061944|-274.1630264061944|-274.1630264061944|-274.1630264061944|-274.1630264061944|-274.1630264061944|-274.1630264061944|-274.1630264061944|-274.1630264061944|-274.1630264061944|-274.1630264061944|-274.1630264061944|-274.1630264061944|-274.1630264061944|-274.1630264061944|-274.1630264061944|-274.1630264061944|-274.1630264061944|-274.1630264061944|-274.1630264061944|-274.1630264061944|-274.1630264061944|-274.1630264061944|-274.1630264061944|-274.1630264061944|-274.1630264061944|-274.1630264061944|-274.1630311590677|-274.1630311590677|-274.1630311590677|-274.1630311590677|-274.1630311590677|-274.1630311590677|-274.1630311590677|-274.1630311590677|-274.1630311590677|-274.1630311590677|-274.1630311590677|-274.1630311590677|-274.1630311590677|-274.1630311590677|-274.1630311590677|-274.1630311590677|-274.1630311590677|-274.1630311590677|-274.1630311590677|-274.1630311590677|-274.1630311590677|-274.1630311590677|-274.1630311590677|-274.1630311590677|-274.1630311590677|-274.1630311590677|-274.1630311590677|-274.1630311590677|-274.1630311590677|-274.1630311590677|-274.1630311590677|-274.1630311590677|-274.1630311590677|-274.1630311590677|-274.1630311590677|-274.1630311590677|-274.1630311590677|-274.1630311590677|-274.1630311590677|-274.1630311590677|-274.1630311590677|-274.1630311590677|-274.1630311590677|-274.1630311590677|-274.1630311590677|-274.1630311590677|-274.1630311590677|-274.1630311590677|-274.1630311590677|-274.1630661389832|-274.1630661389832|-274.1630661389832|-274.1630661389832|-274.1630661389832|-274.1630661389832|-274.1630661389832|-274.1630661389832|-274.1630661389832|-274.1630661389832|-274.1630661389832|-274.1630661389832|-274.1630661389832|-274.1630661389832|-274.1630661389832|-274.1630661389832|-274.1630661389832|-274.1630661389832|-274.1630661389832|-274.1630661389832|-274.1630661389832|-274.1630661389832|-274.1630661389832|-274.1630661389832|-274.1630661389832|-274.1630661389832|-274.1630661389832|-274.1630661389832|-274.1630661389832|-274.1630661389832|-274.1630661389832|-274.1630661389832|-274.1630661389832|-274.1630661389832|-274.1630661389832|-274.1630661389832|-274.1630661389832|-274.1630661389832|-274.1630661389832|-274.1630661389832|-274.1630661389832|-274.1630661389832|-274.1630661389832|-274.1630661389832|-274.1630661389832|-274.1630661389832|-274.1630661389832|-274.1630661389832|-274.1630661389832|-274.1630661389832|-274.1630661389832|-274.1630661389832|-274.1630661389832|-274.1630661389832|-274.1630661389832|-274.1630661389832|-274.1630661389832|-274.1630661389832|-274.1630661389832|-274.1630661389832|-274.1630661389832|-274.1630661389832|-274.1630661389832|-274.1630661389832|-274.1630661389832|-274.1630661389832|-274.1630709888256|-274.1630709888256|-274.1630709888256|-274.1630709888256|-274.1630709888256|-274.1630709888256|-274.1630709888256|-274.1630709888256|-274.1630709888256|-274.1630709888256|-274.1630709888256|-274.1630709888256|-274.1630709888256|-274.1630709888256|-274.1630709888256|-274.1630709888256|-274.1630709888256|-274.1630709888256|-274.1630709888256|-274.1630709888256|-274.1630709888256|-274.1630709888256|-274.1630709888256|-274.1630709888256|-274.1630709888256|-274.1630709888256|-274.1630709888256|-274.1630709888256|-274.1630709888256|-274.1630709888256|-274.1630709888256|-274.1630709888256|-274.1630709888256|-274.1630709888256|-274.1630709888256|-274.1630709888256|-274.1630709888256|-274.1630709888256|-274.1630709888256|-274.1630709888256|-274.1630709888256|-274.1630709888256|-274.1630709888256|-274.1630709888256|-274.1630709888256|-274.1630709888256|-274.1630709888256|-274.1630709888256|-274.1630709888256|-274.1630709888256|-274.1630709888256|-274.1630709888256|-274.1630709888256|-274.1630709888256|-274.1630709888256|-274.1630709888256|-274.1630709888256|-274.1630709888256|-274.1630709888256|-274.1630709888256|-274.1630709888256|-274.1630709888256|-274.1630709888256|-274.1630709888256|-274.1630709888256|-274.1630709888256|-274.1630709888256|-274.1630709888256|-274.1630709888256|-274.1630709888256|-274.1630709888256|-274.1630709888256|-274.1630709888256|-274.1630709888256|-274.1630709888256|-274.1630709888256|-274.1630709888256|-274.1630709888256|-274.1630709888256|-274.1630709888256|-274.1630709888256|-274.1630709888256|-274.1630709888256|-274.1630709888256|-274.1630709888256|-274.1630709888256|-274.1630709888256|-274.1630709888256|-274.1630709888256|-274.1630709888256|-274.1630709888256|-274.1630709888256|-274.1630709888256|-274.1630709888256|-274.1630709888256|-274.1630709888256|-274.1630709888256|-274.1630709888256|-274.1630709888256|-274.1630709888256|-274.1630709888256|-274.1630709888256|-274.1630709888256|-274.1630709888256|-274.1630709888256|-274.1630709888256|-274.1630709888256|-274.1630709888256|-274.1630709888256|-274.1630709888256|-274.1630709888256|-274.1630709888256|-274.1630709888256|-274.1630709888256|-274.1630709888256|-274.1630709888256|-274.1630709888256|-274.1630709888256|-274.1630709888256
generations_600,7,100,600,5,0.5,10,70,107,10107,60100,-274.1631216805889,-2.902298374750202,-2.903591012531085,-2.9034095657936274,-2.9037649519596553,-2.9042791697781305,-2.9035369444323074,-2.903292839706811,-236.68616132628347,-2.3872321237460756,-3.2818127133617105,-2.096317252703581,-2.795207787632632,-2.844124204052627,-2.0993173830842906,-3.6917516068680323,-173.04263249712506|-177.3648122283526|-183.59359801068172|-203.83485762231447|-203.83485762231447|-218.16235942559138|-218.16235942559138|-218.16235942559138|-224.26141882421172|-225.796921758756|-225.796921758756|-233.05294418644075|-253.91088928874495|-253.91088928874495|-257.60314665269135|-260.09125970955984|-260.09125970955984|-260.09125970955984|-260.48148613647083|-260.7254950222765|-262.12914422204136|-265.8502425971574|-266.56661027911855|-267.13497892219885|-267.13497892219885|-269.79886314285017|-270.2214228066555|-271.1043999741746|-271.48537202777885|-271.48537202777885|-271.5262469324204|-271.92722272842263|-272.7148896715879|-272.7148896715879|-272.7148896715879|-272.7148896715879|-273.08131219700215|-273.08131219700215|-273.32352004447057|-273.32352004447057|-273.32352004447057|-273.5446568237408|-273.5446568237408|-273.5446568237408|-273.61677818446515|-273.61677818446515|-273.61677818446515|-273.7138697820614|-273.7138697820614|-273.78599114278575|-273.78599114278575|-273.9057470252398|-273.9057470252398|-273.9057470252398|-273.9057470252398|-273.9057470252398|-273.9057470252398|-273.9057470252398|-273.9057470252398|-273.9057470252398|-273.9465467138671|-273.9465467138671|-273.9465795720072|-273.9465795720072|-274.0187009327315|-274.0187009327315|-274.0187009327315|-274.0187009327315|-274.0257791827587|-274.05950062135884|-274.05950062135884|-274.13665595896515|-274.13665595896515|-274.13665595896515|-274.13665595896515|-274.13665595896515|-274.13665595896515|-274.13665595896515|-274.13665595896515|-274.13665595896515|-274.13665595896515|-274.13665595896515|-274.13665595896515|-274.13680914382996|-274.13680914382996|-274.13680914382996|-274.13680914382996|-274.13680914382996|-274.13680914382996|-274.13680914382996|-274.1419214011506|-274.1419214011506|-274.1419214011506|-274.14207458601544|-274.14207458601544|-274.14207458601544|-274.14207458601544|-274.14207458601544|-274.15291973754984|-274.15291973754984|-274.15291973754984|-274.15291973754984|-274.15291973754984|-274.15307292241465|-274.15307292241465|-274.156429724732|-274.156429724732|-274.156429724732|-274.156429724732|-274.156429724732|-274.156429724732|-274.156429724732|-274.156429724732|-274.156429724732|-274.156429724732|-274.156429724732|-274.156429724732|-274.156429724732|-274.156429724732|-274.156429724732|-274.1592444747765|-274.1592444747765|-274.1592444747765|-274.1592444747765|-274.1592444747765|-274.1592444747765|-274.1592444747765|-274.1592444747765|-274.1592444747765|-274.1592444747765|-274.1597180215164|-274.1597180215164|-274.1597180215164|-274.1597180215164|-274.1597180215164|-274.15983007124885|-274.15983007124885|-274.15983007124885|-274.15983007124885|-274.15983007124885|-274.15983007124885|-274.15983007124885|-274.15983007124885|-274.15983007124885|-274.15983007124885|-274.15983007124885|-274.15983007124885|-274.15983007124885|-274.15983007124885|-274.15983007124885|-274.15983007124885|-274.15983007124885|-274.15983007124885|-274.15983007124885|-274.15983007124885|-274.15983007124885|-274.15983007124885|-274.15983007124885|-274.15983007124885|-274.15983007124885|-274.15983007124885|-274.15983007124885|-274.15983007124885|-274.1600650893368|-274.1600650893368|-274.1600650893368|-274.1600650893368|-274.1600650893368|-274.1600650893368|-274.1600650893368|-274.1600650893368|-274.1600650893368|-274.1600650893368|-274.1600650893368|-274.1600650893368|-274.1624528414511|-274.1624528414511|-274.1624528414511|-274.1624528414511|-274.1624528414511|-274.1624528414511|-274.1624528414511|-274.1624528414511|-274.1624528414511|-274.1624528414511|-274.1624528414511|-274.1624528414511|-274.1624528414511|-274.1624528414511|-274.1624528414511|-274.1624528414511|-274.1624528414511|-274.1624528414511|-274.1624528414511|-274.1624528414511|-274.1624528414511|-274.1624528414511|-274.1624528414511|-274.1630105696116|-274.1630105696116|-274.1630105696116|-274.1630105696116|-274.1630105696116|-274.1630105696116|-274.1630105696116|-274.1630105696116|-274.1630105696116|-274.1630105696116|-274.1630105696116|-274.1630105696116|-274.1630105696116|-274.1630105696116|-274.1630105696116|-274.1630105696116|-274.1630105696116|-274.1630105696116|-274.1630105696116|-274.1630105696116|-274.1630105696116|-274.1630105696116|-274.1630105696116|-274.1630105696116|-274.1630105696116|-274.1630105696116|-274.1630105696116|-274.1630105696116|-274.1630105696116|-274.1630105696116|-274.1630105696116|-274.1630105696116|-274.1630105696116|-274.1630105696116|-274.1630105696116|-274.1630105696116|-274.1630105696116|-274.1630105696116|-274.1630105696116|-274.1630105696116|-274.1630105696116|-274.1630105696116|-274.1630105696116|-274.1630105696116|-274.1630105696116|-274.1630105696116|-274.1630105696116|-274.1630105696116|-274.1630105696116|-274.1630105696116|-274.1630105696116|-274.1630105696116|-274.1630105696116|-274.1630105696116|-274.1630105696116|-274.1630105696116|-274.1630105696116|-274.1630105696116|-274.1630105696116|-274.1630105696116|-274.1630105696116|-274.1630105696116|-274.1630105696116|-274.1630105696116|-274.1630105696116|-274.1630105696116|-274.1630105696116|-274.16301241821157|-274.16301241821157|-274.16301241821157|-274.16301241821157|-274.16301241821157|-274.16301241821157|-274.16301241821157|-274.16301241821157|-274.16301241821157|-274.16301241821157|-274.16301241821157|-274.16301241821157|-274.16301241821157|-274.1630506897725|-274.1630506897725|-274.1630506897725|-274.1630506897725|-274.1630506897725|-274.1630506897725|-274.1630506897725|-274.1630506897725|-274.1630506897725|-274.1630506897725|-274.1630506897725|-274.1630506897725|-274.1630506897725|-274.1630506897725|-274.1630506897725|-274.1630506897725|-274.1630506897725|-274.1630506897725|-274.1630506897725|-274.1630506897725|-274.1630506897725|-274.1630506897725|-274.1630506897725|-274.1630506897725|-274.1630506897725|-274.1630506897725|-274.1630506897725|-274.1630506897725|-274.1630506897725|-274.1630506897725|-274.1630506897725|-274.1630506897725|-274.1630506897725|-274.1630506897725|-274.1630506897725|-274.1630506897725|-274.1630506897725|-274.1630506897725|-274.1630506897725|-274.1630506897725|-274.1630506897725|-274.1630506897725|-274.1630506897725|-274.1630506897725|-274.1630506897725|-274.1630506897725|-274.1630506897725|-274.1630506897725|-274.1630506897725|-274.1630506897725|-274.1630506897725|-274.1630875777247|-274.1630875777247|-274.1630875777247|-274.1630875777247|-274.1630875777247|-274.1630875777247|-274.1630875777247|-274.1630875777247|-274.1630875777247|-274.1630875777247|-274.1630875777247|-274.1630875777247|-274.1630875777247|-274.1630875777247|-274.1630875777247|-274.1630875777247|-274.1630875777247|-274.1630875777247|-274.1630875777247|-274.1630875777247|-274.1630875777247|-274.1630875777247|-274.1630875777247|-274.1630875777247|-274.1630875777247|-274.1630875777247|-274.1630875777247|-274.1630875777247|-274.1630875777247|-274.1630875777247|-274.1630875777247|-274.1630875777247|-274.1630875777247|-274.1630875777247|-274.1630875777247|-274.1630875777247|-274.1630875777247|-274.1630875777247|-274.1630875777247|-274.1630875777247|-274.1630875777247|-274.1630875777247|-274.1630875777247|-274.1630875777247|-274.1630875777247|-274.1630875777247|-274.1630875777247|-274.1630875777247|-274.1630875777247|-274.1630875777247|-274.1630875777247|-274.1630875777247|-274.1630875777247|-274.1630875777247|-274.1630875777247|-274.1630875777247|-274.1630875777247|-274.1630875777247|-274.1630875777247|-274.1630875777247|-274.1630875777247|-274.1630875777247|-274.1630875777247|-274.1630875777247|-274.1630875777247|-274.1630875777247|-274.1630875777247|-274.1630875777247|-274.1630875777247|-274.1630875777247|-274.1630875777247|-274.1630875777247|-274.1630875777247|-274.1630875777247|-274.1630875777247|-274.1630875777247|-274.1630875777247|-274.1630875777247|-274.1630875777247|-274.1630875777247|-274.1630875777247|-274.1630875777247|-274.1630875777247|-274.1630875777247|-274.1630875777247|-274.1630875777247|-274.1630875777247|-274.1630875777247|-274.1630875777247|-274.1630875777247|-274.1630875777247|-274.1630875777247|-274.1630875777247|-274.1630875777247|-274.1630875777247|-274.1630875777247|-274.1630875777247|-274.1630875777247|-274.1630875777247|-274.1630875777247|-274.1630875777247|-274.1630875777247|-274.1630875777247|-274.1630875777247|-274.1630875777247|-274.1630875777247|-274.1630875777247|-274.1630875777247|-274.1630875777247|-274.1630875777247|-274.1630875777247|-274.1630875777247|-274.1630875777247|-274.1630875777247|-274.1630875777247|-274.1630875777247|-274.1630875777247|-274.1630875777247|-274.1630875777247|-274.1630875777247|-274.1630875777247|-274.1630875777247|-274.1630875777247|-274.1630875777247|-274.1630875777247|-274.1630875777247|-274.1630875777247|-274.1630875777247|-274.1630875777247|-274.1630875777247|-274.1630875777247|-274.1630875777247|-274.16309144897195|-274.16309144897195|-274.16309144897195|-274.16309144897195|-274.16309144897195|-274.16309144897195|-274.16309144897195|-274.16309144897195|-274.16309144897195|-274.16309144897195|-274.16309144897195|-274.16309144897195|-274.16309144897195|-274.16309144897195|-274.16309144897195|-274.16309144897195|-274.16309144897195|-274.16309144897195|-274.16309144897195|-274.16309144897195|-274.16309144897195|-274.16309144897195|-274.16309144897195|-274.16309144897195|-274.16309144897195|-274.16309144897195|-274.16309144897195|-274.16309144897195|-274.16309144897195|-274.16309144897195|-274.16309144897195|-274.16309144897195|-274.16309144897195|-274.16309144897195|-274.16309144897195|-274.16309144897195|-274.16309144897195|-274.16309144897195|-274.16309144897195|-274.16309144897195|-274.16309144897195|-274.16309144897195|-274.16309144897195|-274.16309144897195|-274.16309144897195|-274.16309144897195|-274.16309144897195|-274.16309144897195|-274.16309144897195|-274.16309144897195|-274.16309144897195|-274.16309144897195|-274.16309144897195|-274.16309144897195|-274.16309144897195|-274.16309144897195|-274.16309144897195|-274.16309144897195|-274.16309144897195|-274.16309144897195|-274.16309144897195|-274.16309144897195|-274.16309144897195|-274.16309144897195|-274.16309144897195|-274.16309144897195|-274.16309144897195|-274.16309144897195|-274.16309144897195|-274.16309144897195|-274.16309144897195|-274.16309144897195|-274.16309144897195|-274.16309144897195|-274.16309144897195|-274.16309144897195|-274.16309144897195|-274.16309144897195|-274.16309144897195|-274.16309144897195|-274.16309144897195|-274.16309144897195|-274.16309144897195|-274.16309144897195|-274.1631216805889|-274.1631216805889|-274.1631216805889|-274.1631216805889|-274.1631216805889|-274.1631216805889|-274.1631216805889|-274.1631216805889|-274.1631216805889|-274.1631216805889|-274.1631216805889|-274.1631216805889|-274.1631216805889|-274.1631216805889|-274.1631216805889|-274.1631216805889|-274.1631216805889|-274.1631216805889|-274.1631216805889|-274.1631216805889|-274.1631216805889|-274.1631216805889|-274.1631216805889|-274.1631216805889|-274.1631216805889|-274.1631216805889|-274.1631216805889|-274.1631216805889|-274.1631216805889|-274.1631216805889|-274.1631216805889|-274.1631216805889|-274.1631216805889|-274.1631216805889|-274.1631216805889|-274.1631216805889|-274.1631216805889|-274.1631216805889|-274.1631216805889|-274.1631216805889|-274.1631216805889|-274.1631216805889|-274.1631216805889|-274.1631216805889|-274.1631216805889|-274.1631216805889|-274.1631216805889|-274.1631216805889|-274.1631216805889|-274.1631216805889|-274.1631216805889|-274.1631216805889|-274.1631216805889|-274.1631216805889|-274.1631216805889|-274.1631216805889
generations_600,8,100,600,5,0.5,10,70,108,10108,60100,-274.16312500187865,-2.9038178919594624,-2.9030876264457235,-2.9035607575519435,-2.9038491746092863,-2.9047160084267714,-2.9032131183924412,-2.903160816251905,-260.7244236677471,-2.529991828978242,-2.690228874439222,-2.151889209693356,-2.984016909484394,-2.6505393111574413,-2.591545153092878,-2.7313597577875823,-191.8969775632986|-191.8969775632986|-191.8969775632986|-191.8969775632986|-206.3438824740736|-206.3438824740736|-216.99585761157152|-216.99585761157152|-221.1949154296321|-225.42499436548445|-250.0783818651051|-250.0783818651051|-256.459051538258|-256.459051538258|-256.46818344006255|-257.01047075892575|-259.22939808821985|-261.2330422210785|-262.0168702794353|-262.0168702794353|-262.49565784684444|-263.913192183118|-264.0351915741742|-265.4555430167175|-265.4555430167175|-266.9473077655805|-268.29881899990403|-268.29881899990403|-268.8659820932489|-268.8659820932489|-272.285205928963|-272.285205928963|-272.285205928963|-272.285205928963|-272.2919391132209|-272.43253541842694|-273.585903940098|-273.585903940098|-273.585903940098|-273.585903940098|-273.7567965759123|-273.7567965759123|-273.7567965759123|-273.7567965759123|-273.7567965759123|-273.7567965759123|-273.7567965759123|-273.7698941732716|-273.7698941732716|-273.9077604518576|-273.9077604518576|-273.9077604518576|-273.9077604518576|-273.9077604518576|-273.9600761843167|-273.9668093685746|-273.973173781676|-273.973173781676|-273.973173781676|-273.973173781676|-273.973173781676|-273.973173781676|-273.973173781676|-273.973173781676|-273.9914431588994|-273.9914431588994|-274.05349210869394|-274.05349210869394|-274.05349210869394|-274.05349210869394|-274.05349210869394|-274.05349210869394|-274.09629101067725|-274.09629101067725|-274.09629101067725|-274.09629101067725|-274.09629101067725|-274.09629101067725|-274.09629101067725|-274.09629101067725|-274.09629101067725|-274.09629101067725|-274.097674019311|-274.097674019311|-274.097674019311|-274.097674019311|-274.097674019311|-274.097674019311|-274.097674019311|-274.097674019311|-274.097674019311|-274.097674019311|-274.09787363804236|-274.0980616852927|-274.0980616852927|-274.0996443126578|-274.0996443126578|-274.14086539988955|-274.14086539988955|-274.14086539988955|-274.14086539988955|-274.14086539988955|-274.14086539988955|-274.14086539988955|-274.14086539988955|-274.14086539988955|-274.14086539988955|-274.1444035105839|-274.1488439183986|-274.1488439183986|-274.1488439183986|-274.1488439183986|-274.1488439183986|-274.1488439183986|-274.1488439183986|-274.1488439183986|-274.1488439183986|-274.1488439183986|-274.1488439183986|-274.1488439183986|-274.15394028483394|-274.15394028483394|-274.15394028483394|-274.15394028483394|-274.15394028483394|-274.1545666662838|-274.1545666662838|-274.1545666662838|-274.1545666662838|-274.1545666662838|-274.1545666662838|-274.1545666662838|-274.1545666662838|-274.1545666662838|-274.1545666662838|-274.1545666662838|-274.1545666662838|-274.1545666662838|-274.1545666662838|-274.1545666662838|-274.1545666662838|-274.1545666662838|-274.1545666662838|-274.1545666662838|-274.1545666662838|-274.1545666662838|-274.1545666662838|-274.1545666662838|-274.1545666662838|-274.1545666662838|-274.1545666662838|-274.1545666662838|-274.1576167957065|-274.1576167957065|-274.1576167957065|-274.1576167957065|-274.1576167957065|-274.1576167957065|-274.1576167957065|-274.1576167957065|-274.1576167957065|-274.1576167957065|-274.1576167957065|-274.1576167957065|-274.1576167957065|-274.1576167957065|-274.1576167957065|-274.1576167957065|-274.1576494707403|-274.1576494707403|-274.1576494707403|-274.1576494707403|-274.1576494707403|-274.1576494707403|-274.1576494707403|-274.1576494707403|-274.1576494707403|-274.1576494707403|-274.1576494707403|-274.1576494707403|-274.1576494707403|-274.1576494707403|-274.1576494707403|-274.1576494707403|-274.1576494707403|-274.1576494707403|-274.1576494707403|-274.1576494707403|-274.1576494707403|-274.1576494707403|-274.1576494707403|-274.1576494707403|-274.1576494707403|-274.1576494707403|-274.1576494707403|-274.1576494707403|-274.15787873997436|-274.1584577796442|-274.1584577796442|-274.1584577796442|-274.1584577796442|-274.1584577796442|-274.1584577796442|-274.1584577796442|-274.1584577796442|-274.1584577796442|-274.1584577796442|-274.1584577796442|-274.1598543598077|-274.1598543598077|-274.1598543598077|-274.1598543598077|-274.1598543598077|-274.1598543598077|-274.1598543598077|-274.1598543598077|-274.1598543598077|-274.1598543598077|-274.1598543598077|-274.1598543598077|-274.1598543598077|-274.1598543598077|-274.1598543598077|-274.1598543598077|-274.1598543598077|-274.1598543598077|-274.1598543598077|-274.1620747336607|-274.1620747336607|-274.1620747336607|-274.1620747336607|-274.1620747336607|-274.1620747336607|-274.1620747336607|-274.1620747336607|-274.1620747336607|-274.1620747336607|-274.1620747336607|-274.1620747336607|-274.1620747336607|-274.1620747336607|-274.1620747336607|-274.1620747336607|-274.1620747336607|-274.1620747336607|-274.1620747336607|-274.1620747336607|-274.1620747336607|-274.1620747336607|-274.1620747336607|-274.1620747336607|-274.1620747336607|-274.1620747336607|-274.1620747336607|-274.1620747336607|-274.1620747336607|-274.1620747336607|-274.1620747336607|-274.1620747336607|-274.16213645907794|-274.16213645907794|-274.16213645907794|-274.16213645907794|-274.16213645907794|-274.16213645907794|-274.16213645907794|-274.16213645907794|-274.16213645907794|-274.16213645907794|-274.16213645907794|-274.16213645907794|-274.16213645907794|-274.16213645907794|-274.16213645907794|-274.16213645907794|-274.16213645907794|-274.16213645907794|-274.16213645907794|-274.16213645907794|-274.16213645907794|-274.16213645907794|-274.16237527288575|-274.16237527288575|-274.16237527288575|-274.16237527288575|-274.16237527288575|-274.16237527288575|-274.16237527288575|-274.16237527288575|-274.16237527288575|-274.16237527288575|-274.16237527288575|-274.16237527288575|-274.16237527288575|-274.16237527288575|-274.16237527288575|-274.16237527288575|-274.16237527288575|-274.16237527288575|-274.16237527288575|-274.16237527288575|-274.16237527288575|-274.16237527288575|-274.16237527288575|-274.16237527288575|-274.16237527288575|-274.16237527288575|-274.16237527288575|-274.16237527288575|-274.16237527288575|-274.16237527288575|-274.16237527288575|-274.16238867528176|-274.16238867528176|-274.16238867528176|-274.16238867528176|-274.16238867528176|-274.16238867528176|-274.16238867528176|-274.16238867528176|-274.16238867528176|-274.16239802749016|-274.16239802749016|-274.16239802749016|-274.16239802749016|-274.16239802749016|-274.16239802749016|-274.16239802749016|-274.16239802749016|-274.16239802749016|-274.16239802749016|-274.16239802749016|-274.16239802749016|-274.16239802749016|-274.16239802749016|-274.16239802749016|-274.16239802749016|-274.16239802749016|-274.16239802749016|-274.16239802749016|-274.16239802749016|-274.16239802749016|-274.16239802749016|-274.1628068487176|-274.1628068487176|-274.1628068487176|-274.1628068487176|-274.1628068487176|-274.1628068487176|-274.1628449516522|-274.1628449516522|-274.1628449516522|-274.1628449516522|-274.1628449516522|-274.1628449516522|-274.1628449516522|-274.1628449516522|-274.1628449516522|-274.1628449516522|-274.1628449516522|-274.1628449516522|-274.1628449516522|-274.1628449516522|-274.1628449516522|-274.1628449516522|-274.1628449516522|-274.1628449516522|-274.1628449516522|-274.1628449516522|-274.1628449516522|-274.1628449516522|-274.1628449516522|-274.1628449516522|-274.1628449516522|-274.1628449516522|-274.1628449516522|-274.1628449516522|-274.1628449516522|-274.1628847324802|-274.1628847324802|-274.1628847324802|-274.1628847324802|-274.1628847324802|-274.1628847324802|-274.1628847324802|-274.1628847324802|-274.1628847324802|-274.1628847324802|-274.1628847324802|-274.1628847324802|-274.1628847324802|-274.1628847324802|-274.1628847324802|-274.1628847324802|-274.1628847324802|-274.1628847324802|-274.1628847324802|-274.1628847324802|-274.1628847324802|-274.1628847324802|-274.1628847324802|-274.1629094911433|-274.1629094911433|-274.1629094911433|-274.1629094911433|-274.1629094911433|-274.1629094911433|-274.1629094911433|-274.1629094911433|-274.1629094911433|-274.1629094911433|-274.1629094911433|-274.1629094911433|-274.1629094911433|-274.1629094911433|-274.1629094911433|-274.1630308686683|-274.1630308686683|-274.1630308686683|-274.1630308686683|-274.1630308686683|-274.1630308686683|-274.1630308686683|-274.1630308686683|-274.1630308686683|-274.1630308686683|-274.1630308686683|-274.1630308686683|-274.1630308686683|-274.1630308686683|-274.1630308686683|-274.1630308686683|-274.1630308686683|-274.1630308686683|-274.1630308686683|-274.1630308686683|-274.1630308686683|-274.1630308686683|-274.1630308686683|-274.1630308686683|-274.1630308686683|-274.1630308686683|-274.1630308686683|-274.1630308686683|-274.1630308686683|-274.1630308686683|-274.1630308686683|-274.1630308686683|-274.1630308686683|-274.1630308686683|-274.1630308686683|-274.1630308686683|-274.1630308686683|-274.1630308686683|-274.1630308686683|-274.1630308686683|-274.1630308686683|-274.1630308686683|-274.1630308686683|-274.1630308686683|-274.1630308686683|-274.1630308686683|-274.1630308686683|-274.1630308686683|-274.1630331675327|-274.1630331675327|-274.1630331675327|-274.1630331675327|-274.1630331675327|-274.1630331675327|-274.1630331675327|-274.1630331675327|-274.1630331675327|-274.1630331675327|-274.1630331675327|-274.1630331675327|-274.1630331675327|-274.1630331675327|-274.1630331675327|-274.1630331675327|-274.1630331675327|-274.1630331675327|-274.1630331675327|-274.1630331675327|-274.1630331675327|-274.1630331675327|-274.1630331675327|-274.1630331675327|-274.1630331675327|-274.1630331675327|-274.1630331675327|-274.1630331675327|-274.1630331675327|-274.1630331675327|-274.1630331675327|-274.1630331675327|-274.1630331675327|-274.1630331675327|-274.1630331675327|-274.1630331675327|-274.1630331675327|-274.1630331675327|-274.1630331675327|-274.1630331675327|-274.1630331675327|-274.1630331675327|-274.1630331675327|-274.1630331675327|-274.1630331675327|-274.1630331675327|-274.1630331675327|-274.1630331675327|-274.1630331675327|-274.1630331675327|-274.1630331675327|-274.1630331675327|-274.1630331675327|-274.1630331675327|-274.1630331675327|-274.1630331675327|-274.1630331675327|-274.1630331675327|-274.1630331675327|-274.1630331675327|-274.1630331675327|-274.1630331675327|-274.1630331675327|-274.1630331675327|-274.1630331675327|-274.1630331675327|-274.1630331675327|-274.1630331675327|-274.1630331675327|-274.1630331675327|-274.1630331675327|-274.1630331675327|-274.1630331675327|-274.1630331675327|-274.1630331675327|-274.1630331675327|-274.1630331675327|-274.1630331675327|-274.1630331675327|-274.1630331675327|-274.1630331675327|-274.1630331675327|-274.1630331675327|-274.1630331675327|-274.1630331675327|-274.1630331675327|-274.1630331675327|-274.1630331675327|-274.1630331675327|-274.1630331675327|-274.1630331675327|-274.1630331675327|-274.1630331675327|-274.1630331675327|-274.1630331675327|-274.1630331675327|-274.1630331675327|-274.1630331675327|-274.1630331675327|-274.1630331675327|-274.1630331675327|-274.1630331675327|-274.1630331675327|-274.1630331675327|-274.1630331675327|-274.1630331675327|-274.1630331675327|-274.1630331675327|-274.1630331675327|-274.1630331675327|-274.1630331675327|-274.1630331675327|-274.1630331675327|-274.1630331675327|-274.1630331675327|-274.1630331675327|-274.1630331675327|-274.1630331675327|-274.1630331675327|-274.1630331675327|-274.1630331675327|-274.1630331675327|-274.1630331675327|-274.1630331675327|-274.1630331675327|-274.1630331675327|-274.1630331675327|-274.1630331675327|-274.1630331675327|-274.1630331675327|-274.1630331675327|-274.1630331675327|-274.16312500187865|-274.16312500187865|-274.16312500187865|-274.16312500187865|-274.16312500187865
generations_600,9,100,600,5,0.5,10,70,109,10109,60100,-260.02639812434387,-2.9034500655603352,-2.9028991506636443,-2.9037968129407945,-2.9026352353527147,2.7472125535360514,-2.9028655856139713,-2.902761283583973,-246.79102941009864,-2.5559909476007734,-2.9550480953364877,-2.846492736465256,-2.067801461002822,-2.601177614671437,2.9164648999531684,-2.7325366508059634,-175.2647530963705|-175.2647530963705|-193.80045334902888|-193.80045334902888|-193.80045334902888|-212.8512440418933|-213.23514622033161|-221.60238472814652|-221.89023344739076|-225.26828621423903|-234.44794585996672|-234.44794585996672|-234.44794585996672|-236.43436497935875|-246.3030634284365|-246.42109024012402|-246.42109024012402|-249.78318439579365|-249.78318439579365|-250.124437673853|-250.84109392261811|-253.02827724466707|-254.628009233213|-254.66736692294927|-256.07426498483824|-256.77283198358055|-256.79092123360334|-256.79092123360334|-257.5864976729325|-257.5864976729325|-258.44940436623557|-258.44940436623557|-258.44940436623557|-259.40822160303264|-259.40822160303264|-259.40822160303264|-259.40822160303264|-259.40822160303264|-259.40822160303264|-259.40822160303264|-259.40822160303264|-259.75229068930366|-259.75229068930366|-259.75229068930366|-259.75229068930366|-259.75229068930366|-259.75229068930366|-259.75229068930366|-259.75229068930366|-259.75229068930366|-259.8650795196353|-259.8650795196353|-259.8806092873525|-259.8806092873525|-259.8806092873525|-259.8806092873525|-259.9009403214019|-259.90654544486375|-259.90654544486375|-259.90654544486375|-259.922075212581|-259.922075212581|-259.922075212581|-259.922075212581|-259.922075212581|-259.922075212581|-259.9303451996292|-259.9303451996292|-259.9303451996292|-259.9303451996292|-259.9415111862827|-259.94993742301364|-259.94993742301364|-259.94993742301364|-259.94993742301364|-259.94993742301364|-259.9564637813398|-259.9564637813398|-259.9728180387954|-259.97397918052735|-259.97397918052735|-259.97397918052735|-259.99527215466134|-259.99527215466134|-260.0102247497184|-260.0102247497184|-260.0102247497184|-260.0102247497184|-260.0102247497184|-260.0102247497184|-260.0102247497184|-260.0102247497184|-260.0102247497184|-260.0102247497184|-260.0102247497184|-260.0102247497184|-260.0102247497184|-260.0102247497184|-260.0102247497184|-260.0102247497184|-260.0102247497184|-260.0102247497184|-260.0102247497184|-260.0102247497184|-260.0102247497184|-260.0102247497184|-260.0102247497184|-260.0102247497184|-260.0121754570311|-260.0121754570311|-260.0121754570311|-260.0121754570311|-260.0121754570311|-260.0121754570311|-260.0121754570311|-260.0121754570311|-260.0121754570311|-260.01641731377134|-260.01641731377134|-260.01641731377134|-260.01641731377134|-260.01641731377134|-260.01641731377134|-260.01641731377134|-260.01641731377134|-260.01641731377134|-260.01641731377134|-260.01641731377134|-260.01641731377134|-260.01641731377134|-260.01641731377134|-260.01641731377134|-260.01641731377134|-260.01641731377134|-260.0208746190224|-260.0208746190224|-260.0208746190224|-260.0208746190224|-260.0208746190224|-260.0208746190224|-260.0208746190224|-260.0208746190224|-260.0208746190224|-260.0208746190224|-260.0208746190224|-260.0208746190224|-260.0208746190224|-260.0208746190224|-260.0208746190224|-260.0208746190224|-260.0208746190224|-260.0208746190224|-260.0208746190224|-260.0208746190224|-260.0208746190224|-260.0208746190224|-260.0212102951599|-260.0212102951599|-260.02277508679396|-260.02277508679396|-260.02277508679396|-260.02277508679396|-260.02277508679396|-260.02277508679396|-260.02277508679396|-260.02277508679396|-260.02277508679396|-260.02283725574955|-260.02283725574955|-260.02283725574955|-260.02283725574955|-260.02308972019296|-260.02308972019296|-260.0236939391968|-260.0236939391968|-260.0236939391968|-260.0236939391968|-260.0236939391968|-260.0236939391968|-260.0236939391968|-260.0240085725958|-260.0240085725958|-260.0240085725958|-260.0240085725958|-260.0240085725958|-260.0240085725958|-260.0240085725958|-260.0240085725958|-260.0240085725958|-260.02464183515923|-260.02464183515923|-260.02464183515923|-260.02464183515923|-260.02464183515923|-260.02464183515923|-260.02464183515923|-260.02464183515923|-260.02464183515923|-260.02464183515923|-260.02464183515923|-260.02464183515923|-260.02464183515923|-260.02464183515923|-260.02464183515923|-260.02464183515923|-260.02464183515923|-260.02464183515923|-260.02464183515923|-260.02464183515923|-260.02464183515923|-260.02464183515923|-260.02464183515923|-260.02464183515923|-260.02464183515923|-260.02464183515923|-260.02464183515923|-260.02464183515923|-260.0253066234288|-260.0253066234288|-260.0253066234288|-260.0253066234288|-260.0253066234288|-260.0253066234288|-260.0253066234288|-260.0253947918584|-260.0253947918584|-260.0253947918584|-260.0253947918584|-260.0253947918584|-260.0253947918584|-260.0253947918584|-260.0253947918584|-260.0253947918584|-260.0253947918584|-260.0253947918584|-260.0253947918584|-260.0253947918584|-260.0253947918584|-260.0253947918584|-260.0253947918584|-260.0253947918584|-260.0253947918584|-260.0253947918584|-260.0253947918584|-260.0253947918584|-260.0253947918584|-260.0253947918584|-260.0253947918584|-260.0253947918584|-260.0253947918584|-260.0253947918584|-260.0253947918584|-260.0253947918584|-260.0253947918584|-260.0253947918584|-260.0253947918584|-260.0253947918584|-260.0253947918584|-260.0253947918584|-260.0253947918584|-260.0253947918584|-260.0253947918584|-260.0253947918584|-260.0253947918584|-260.0253947918584|-260.0253947918584|-260.0253947918584|-260.0253947918584|-260.0253947918584|-260.0253947918584|-260.0253947918584|-260.0253947918584|-260.0253947918584|-260.0253947918584|-260.0253947918584|-260.0253947918584|-260.0253947918584|-260.0253947918584|-260.0253947918584|-260.0253947918584|-260.0253947918584|-260.0253947918584|-260.0253947918584|-260.0253947918584|-260.0253947918584|-260.0253947918584|-260.0253947918584|-260.0253947918584|-260.0253947918584|-260.0253947918584|-260.0253947918584|-260.0253947918584|-260.0253947918584|-260.0253947918584|-260.0253947918584|-260.02543019984284|-260.02543019984284|-260.02543019984284|-260.02543019984284|-260.02543019984284|-260.02543019984284|-260.02543019984284|-260.02543019984284|-260.02543019984284|-260.02543019984284|-260.0258069492862|-260.0258069492862|-260.0258069492862|-260.0258069492862|-260.0258069492862|-260.0258069492862|-260.0258069492862|-260.0258069492862|-260.0258069492862|-260.0258069492862|-260.0258069492862|-260.0258069492862|-260.0258069492862|-260.0258069492862|-260.0258069492862|-260.0258069492862|-260.0258069492862|-260.025831974533|-260.025831974533|-260.025831974533|-260.025831974533|-260.025831974533|-260.025831974533|-260.025831974533|-260.025831974533|-260.025831974533|-260.025831974533|-260.025831974533|-260.025831974533|-260.025831974533|-260.025831974533|-260.025831974533|-260.025831974533|-260.025831974533|-260.025831974533|-260.025831974533|-260.025831974533|-260.025831974533|-260.025831974533|-260.025831974533|-260.025831974533|-260.025831974533|-260.025831974533|-260.025831974533|-260.025831974533|-260.025831974533|-260.025831974533|-260.025831974533|-260.025831974533|-260.025831974533|-260.025831974533|-260.025831974533|-260.025831974533|-260.025831974533|-260.025831974533|-260.025831974533|-260.025831974533|-260.025831974533|-260.025831974533|-260.025831974533|-260.025831974533|-260.025831974533|-260.025831974533|-260.025831974533|-260.025831974533|-260.025831974533|-260.025831974533|-260.025831974533|-260.025831974533|-260.02596237086664|-260.02596237086664|-260.02596237086664|-260.02596237086664|-260.02596237086664|-260.02596237086664|-260.02596237086664|-260.02596237086664|-260.02596237086664|-260.02596237086664|-260.02596237086664|-260.02596237086664|-260.02596237086664|-260.02596237086664|-260.02596237086664|-260.02596237086664|-260.02596237086664|-260.02596237086664|-260.02596237086664|-260.02596237086664|-260.02596237086664|-260.02596237086664|-260.02596237086664|-260.02596237086664|-260.02596237086664|-260.02596237086664|-260.02596237086664|-260.02596237086664|-260.02596237086664|-260.02596237086664|-260.02596237086664|-260.02596237086664|-260.02596237086664|-260.02596237086664|-260.02596237086664|-260.02596237086664|-260.02596237086664|-260.02596237086664|-260.02596237086664|-260.02596237086664|-260.02596237086664|-260.02596237086664|-260.02596237086664|-260.02596237086664|-260.02596237086664|-260.02596237086664|-260.02596237086664|-260.02596237086664|-260.02596237086664|-260.02596237086664|-260.02596237086664|-260.02596237086664|-260.02596237086664|-260.02596237086664|-260.02596237086664|-260.02596237086664|-260.02596237086664|-260.02596237086664|-260.02596237086664|-260.02596237086664|-260.02596237086664|-260.0259826792899|-260.0259966074561|-260.0259966074561|-260.0259966074561|-260.0259966074561|-260.0260169158793|-260.0260169158793|-260.0260169158793|-260.0260169158793|-260.0260169158793|-260.0260169158793|-260.0260169158793|-260.0260169158793|-260.0260169158793|-260.0260169158793|-260.0260169158793|-260.0260169158793|-260.0260169158793|-260.0260169158793|-260.0260169158793|-260.0260169158793|-260.0260169158793|-260.0260169158793|-260.0260169158793|-260.0260169158793|-260.0260169158793|-260.0260169158793|-260.0260169158793|-260.0260169158793|-260.0260169158793|-260.0260169158793|-260.0260169158793|-260.0260169158793|-260.0260169158793|-260.0260169158793|-260.0260169158793|-260.0260169158793|-260.0260169158793|-260.0260169158793|-260.0260169158793|-260.0260169158793|-260.0260169158793|-260.0260169158793|-260.0260169158793|-260.0260169158793|-260.0260169158793|-260.0260169158793|-260.0260169158793|-260.0260169158793|-260.0260169158793|-260.0260169158793|-260.0260169158793|-260.0260169158793|-260.0260169158793|-260.0260169158793|-260.0260169158793|-260.0260169158793|-260.0260169158793|-260.0260169158793|-260.0260169158793|-260.0260169158793|-260.0260169158793|-260.0260228419565|-260.0260228419565|-260.0260228419565|-260.0260228419565|-260.0260228419565|-260.0260228419565|-260.0260228419565|-260.0260228419565|-260.0260228419565|-260.0260228419565|-260.0260228419565|-260.0260228419565|-260.0260228419565|-260.0260228419565|-260.0260228419565|-260.0260228419565|-260.0260228419565|-260.0260228419565|-260.0260638672314|-260.0260638672314|-260.0263512906479|-260.0263512906479|-260.0263512906479|-260.0263512906479|-260.0263512906479|-260.0263512906479|-260.02639812434387|-260.02639812434387|-260.02639812434387|-260.02639812434387|-260.02639812434387|-260.02639812434387|-260.02639812434387|-260.02639812434387|-260.02639812434387|-260.02639812434387|-260.02639812434387|-260.02639812434387|-260.02639812434387|-260.02639812434387|-260.02639812434387|-260.02639812434387|-260.02639812434387|-260.02639812434387|-260.02639812434387|-260.02639812434387|-260.02639812434387|-260.02639812434387|-260.02639812434387|-260.02639812434387|-260.02639812434387|-260.02639812434387|-260.02639812434387|-260.02639812434387|-260.02639812434387|-260.02639812434387|-260.02639812434387|-260.02639812434387|-260.02639812434387|-260.02639812434387|-260.02639812434387|-260.02639812434387|-260.02639812434387|-260.02639812434387|-260.02639812434387|-260.02639812434387|-260.02639812434387|-260.02639812434387|-260.02639812434387|-260.02639812434387|-260.02639812434387|-260.02639812434387|-260.02639812434387|-260.02639812434387|-260.02639812434387|-260.02639812434387|-260.02639812434387|-260.02639812434387|-260.02639812434387|-260.02639812434387|-260.02639812434387|-260.02639812434387|-260.02639812434387|-260.02639812434387|-260.02639812434387|-260.02639812434387|-260.02639812434387|-260.02639812434387|-260.02639812434387|-260.02639812434387|-260.02639812434387|-260.02639812434387|-260.02639812434387|-260.02639812434387|-260.02639812434387|-260.02639812434387|-260.02639812434387|-260.02639812434387|-260.02639812434387|-260.02639812434387|-260.02639812434387|-260.02639812434387|-260.02639812434387|-260.02639812434387
generations_600,10,100,600,5,0.5,10,70,110,10110,60100,-274.1630093430036,-2.902649457108849,-2.9057940020301745,-2.903064399550576,-2.904863974441016,-2.903962147447442,-2.903193167393569,-2.9042587590879974,-238.077749125171,-2.6273736117730326,-2.569701532276334,-3.5153635684306317,1.8893263271011946,-3.190466062310687,-2.5707823455713164,-2.7639860635032,-194.41130411522406|-201.55801025020259|-215.53433168808732|-222.64663227845978|-251.32177555030646|-251.32177555030646|-251.32177555030646|-254.13955339950226|-254.13955339950226|-254.13955339950226|-255.65032881755528|-263.7387291066036|-263.7387291066036|-267.24023701894424|-267.24023701894424|-267.9162913625254|-267.9162913625254|-267.9162913625254|-269.9461755636333|-269.9461755636333|-269.9461755636333|-270.3051211185948|-270.3051211185948|-270.3051211185948|-270.54089985444796|-271.1252200238125|-271.4870477773653|-271.76573485888764|-271.7944166307099|-271.9210433271577|-272.1124188720784|-272.43569697817674|-272.43569697817674|-272.7213428367935|-273.46784636798463|-273.46784636798463|-273.46784636798463|-273.54601651174|-273.900793543062|-273.900793543062|-273.90116785659086|-273.90116785659086|-273.90140868006927|-273.90140868006927|-273.9045699006522|-273.95315186823046|-273.95315186823046|-274.02235579039234|-274.02235579039234|-274.02235579039234|-274.02235579039234|-274.02235579039234|-274.03868116862384|-274.03868116862384|-274.03868116862384|-274.03868116862384|-274.03868116862384|-274.03868116862384|-274.03868116862384|-274.03868116862384|-274.0704711030093|-274.0851379067777|-274.0851379067777|-274.0851379067777|-274.0882727154513|-274.0882727154513|-274.0882727154513|-274.0882727154513|-274.0882727154513|-274.0882727154513|-274.0882727154513|-274.0882727154513|-274.0882727154513|-274.0882727154513|-274.0882727154513|-274.0882727154513|-274.0882727154513|-274.1060747231225|-274.1060747231225|-274.1103403463543|-274.1103403463543|-274.1103403463543|-274.1267678032196|-274.1267678032196|-274.1310334264514|-274.1310334264514|-274.1310334264514|-274.1310334264514|-274.13395756390827|-274.13395756390827|-274.13395756390827|-274.1343164504813|-274.1343164504813|-274.1343164504813|-274.1353914907735|-274.1353914907735|-274.1353914907735|-274.1353914907735|-274.1353914907735|-274.1353914907735|-274.1353914907735|-274.1353914907735|-274.1353914907735|-274.1415317751394|-274.14855256994684|-274.15319777906535|-274.15319777906535|-274.15319777906535|-274.15319777906535|-274.15319777906535|-274.15319777906535|-274.1555928462873|-274.1555928462873|-274.1555928462873|-274.1555928462873|-274.1555928462873|-274.1555928462873|-274.1555928462873|-274.1555928462873|-274.1555928462873|-274.1555928462873|-274.1555928462873|-274.15613200671805|-274.1585355314198|-274.1585355314198|-274.1585355314198|-274.1585355314198|-274.1585355314198|-274.1585355314198|-274.1585355314198|-274.1585355314198|-274.1585355314198|-274.1585355314198|-274.1585355314198|-274.1585355314198|-274.1585355314198|-274.1585355314198|-274.1585355314198|-274.1585355314198|-274.1585355314198|-274.1585355314198|-274.1585355314198|-274.1585355314198|-274.1585355314198|-274.1585355314198|-274.1585355314198|-274.1585355314198|-274.1585355314198|-274.1585355314198|-274.1585355314198|-274.1585355314198|-274.1585355314198|-274.1585355314198|-274.1585355314198|-274.1585355314198|-274.1585355314198|-274.1585355314198|-274.1585355314198|-274.1585355314198|-274.1585355314198|-274.1585355314198|-274.16145660779864|-274.16145660779864|-274.16145660779864|-274.16145660779864|-274.16145660779864|-274.16145660779864|-274.16145660779864|-274.16145660779864|-274.16145660779864|-274.16145660779864|-274.16145660779864|-274.16145660779864|-274.16145660779864|-274.16145660779864|-274.16145660779864|-274.16145660779864|-274.16145660779864|-274.16145660779864|-274.1616382570604|-274.1616382570604|-274.1616382570604|-274.1616382570604|-274.1616382570604|-274.1616382570604|-274.1616382570604|-274.1616382570604|-274.1616382570604|-274.1616382570604|-274.1616382570604|-274.1616382570604|-274.1616382570604|-274.1616382570604|-274.1617528897134|-274.1617528897134|-274.1617528897134|-274.1617528897134|-274.1617528897134|-274.1617528897134|-274.1617528897134|-274.1617528897134|-274.1617528897134|-274.1617528897134|-274.1617528897134|-274.1617528897134|-274.1617528897134|-274.1617528897134|-274.161910150349|-274.161910150349|-274.161910150349|-274.161910150349|-274.161910150349|-274.161910150349|-274.161910150349|-274.161910150349|-274.161910150349|-274.161910150349|-274.161910150349|-274.161910150349|-274.161910150349|-274.161910150349|-274.161910150349|-274.161910150349|-274.161910150349|-274.161910150349|-274.161910150349|-274.161910150349|-274.161910150349|-274.1619130919159|-274.1619130919159|-274.1619130919159|-274.1619130919159|-274.1619130919159|-274.1619130919159|-274.1619130919159|-274.1619130919159|-274.1619130919159|-274.1619130919159|-274.1619130919159|-274.1619130919159|-274.1619130919159|-274.1619130919159|-274.1619130919159|-274.1619130919159|-274.1619130919159|-274.1619130919159|-274.1619130919159|-274.1619130919159|-274.1619130919159|-274.1619130919159|-274.1619130919159|-274.1619130919159|-274.1619130919159|-274.1619130919159|-274.1619130919159|-274.1619130919159|-274.1619130919159|-274.1619130919159|-274.1619130919159|-274.1619130919159|-274.1619130919159|-274.1619130919159|-274.1619130919159|-274.1619130919159|-274.1619130919159|-274.1619130919159|-274.1619130919159|-274.1619130919159|-274.1619130919159|-274.1619130919159|-274.1619130919159|-274.1619130919159|-274.1619130919159|-274.1619130919159|-274.1619130919159|-274.1619130919159|-274.1619130919159|-274.1619130919159|-274.1619130919159|-274.1619130919159|-274.1619130919159|-274.1619130919159|-274.1619130919159|-274.1619130919159|-274.1619130919159|-274.1619130919159|-274.1619130919159|-274.1619130919159|-274.1619130919159|-274.1619130919159|-274.1619130919159|-274.1619130919159|-274.1619130919159|-274.1619130919159|-274.1619130919159|-274.1619130919159|-274.1619130919159|-274.1619130919159|-274.1619130919159|-274.1619130919159|-274.1619130919159|-274.1619130919159|-274.1619130919159|-274.1619130919159|-274.1619130919159|-274.1619130919159|-274.1619130919159|-274.1619130919159|-274.1619130919159|-274.1619130919159|-274.1619130919159|-274.1619130919159|-274.1619130919159|-274.1621865417616|-274.1621865417616|-274.1621865417616|-274.1621865417616|-274.1621865417616|-274.1621865417616|-274.1621865417616|-274.1621865417616|-274.1621865417616|-274.1621865417616|-274.1621865417616|-274.1621865417616|-274.1621865417616|-274.1621865417616|-274.1625928582522|-274.1625928582522|-274.1625928582522|-274.1625928582522|-274.1625928582522|-274.1625928582522|-274.1625928582522|-274.1625928582522|-274.1625928582522|-274.1625928582522|-274.1625928582522|-274.1625928582522|-274.1625928582522|-274.1625928582522|-274.1625928582522|-274.1625928582522|-274.1625928582522|-274.1625928582522|-274.1626246416958|-274.1626246416958|-274.1626246416958|-274.1626246416958|-274.1626246416958|-274.1626246416958|-274.1626246416958|-274.1629118847024|-274.1629118847024|-274.16294366814594|-274.16294366814594|-274.16294366814594|-274.16294366814594|-274.16294366814594|-274.16294366814594|-274.16294366814594|-274.16294366814594|-274.16294366814594|-274.16294366814594|-274.16294366814594|-274.16294366814594|-274.16294366814594|-274.16299408088|-274.16299408088|-274.16299408088|-274.16299408088|-274.16299408088|-274.16299408088|-274.16299408088|-274.16299408088|-274.16299408088|-274.16299408088|-274.16299408088|-274.16299408088|-274.16299408088|-274.16299408088|-274.16299408088|-274.16299408088|-274.16299408088|-274.16299408088|-274.16299408088|-274.16299408088|-274.16299408088|-274.16299408088|-274.16299408088|-274.16299408088|-274.16299408088|-274.16299408088|-274.16299408088|-274.16299408088|-274.16299408088|-274.16299408088|-274.16299408088|-274.16299408088|-274.16299408088|-274.16299408088|-274.16299408088|-274.16299408088|-274.16299408088|-274.16299408088|-274.16299408088|-274.16299408088|-274.16299408088|-274.16299408088|-274.16299408088|-274.16299408088|-274.16299408088|-274.16299408088|-274.16299408088|-274.16299408088|-274.16299408088|-274.16299408088|-274.16299408088|-274.16299408088|-274.16299408088|-274.16299408088|-274.16299408088|-274.16299408088|-274.16299408088|-274.16299408088|-274.16299408088|-274.16299408088|-274.16299408088|-274.16299408088|-274.16299408088|-274.16299408088|-274.1630093430036|-274.1630093430036|-274.1630093430036|-274.1630093430036|-274.1630093430036|-274.1630093430036|-274.1630093430036|-274.1630093430036|-274.1630093430036|-274.1630093430036|-274.1630093430036|-274.1630093430036|-274.1630093430036|-274.1630093430036|-274.1630093430036|-274.1630093430036|-274.1630093430036|-274.1630093430036|-274.1630093430036|-274.1630093430036|-274.1630093430036|-274.1630093430036|-274.1630093430036|-274.1630093430036|-274.1630093430036|-274.1630093430036|-274.1630093430036|-274.1630093430036|-274.1630093430036|-274.1630093430036|-274.1630093430036|-274.1630093430036|-274.1630093430036|-274.1630093430036|-274.1630093430036|-274.1630093430036|-274.1630093430036|-274.1630093430036|-274.1630093430036|-274.1630093430036|-274.1630093430036|-274.1630093430036|-274.1630093430036|-274.1630093430036|-274.1630093430036|-274.1630093430036|-274.1630093430036|-274.1630093430036|-274.1630093430036|-274.1630093430036|-274.1630093430036|-274.1630093430036|-274.1630093430036|-274.1630093430036|-274.1630093430036|-274.1630093430036|-274.1630093430036|-274.1630093430036|-274.1630093430036|-274.1630093430036|-274.1630093430036|-274.1630093430036|-274.1630093430036|-274.1630093430036|-274.1630093430036|-274.1630093430036|-274.1630093430036|-274.1630093430036|-274.1630093430036|-274.1630093430036|-274.1630093430036|-274.1630093430036|-274.1630093430036|-274.1630093430036|-274.1630093430036|-274.1630093430036|-274.1630093430036|-274.1630093430036|-274.1630093430036|-274.1630093430036|-274.1630093430036|-274.1630093430036|-274.1630093430036|-274.1630093430036|-274.1630093430036|-274.1630093430036|-274.1630093430036|-274.1630093430036|-274.1630093430036|-274.1630093430036|-274.1630093430036|-274.1630093430036|-274.1630093430036|-274.1630093430036|-274.1630093430036|-274.1630093430036|-274.1630093430036|-274.1630093430036|-274.1630093430036|-274.1630093430036|-274.1630093430036|-274.1630093430036|-274.1630093430036|-274.1630093430036|-274.1630093430036|-274.1630093430036|-274.1630093430036|-274.1630093430036|-274.1630093430036|-274.1630093430036|-274.1630093430036|-274.1630093430036|-274.1630093430036|-274.1630093430036|-274.1630093430036|-274.1630093430036|-274.1630093430036|-274.1630093430036|-274.1630093430036|-274.1630093430036|-274.1630093430036|-274.1630093430036|-274.1630093430036|-274.1630093430036|-274.1630093430036|-274.1630093430036|-274.1630093430036|-274.1630093430036|-274.1630093430036|-274.1630093430036|-274.1630093430036|-274.1630093430036|-274.1630093430036|-274.1630093430036|-274.1630093430036|-274.1630093430036|-274.1630093430036|-274.1630093430036|-274.1630093430036|-274.1630093430036|-274.1630093430036|-274.1630093430036|-274.1630093430036|-274.1630093430036|-274.1630093430036|-274.1630093430036|-274.1630093430036|-274.1630093430036|-274.1630093430036|-274.1630093430036|-274.1630093430036|-274.1630093430036|-274.1630093430036|-274.1630093430036|-274.1630093430036|-274.1630093430036|-274.1630093430036|-274.1630093430036|-274.1630093430036|-274.1630093430036|-274.1630093430036|-274.1630093430036|-274.1630093430036|-274.1630093430036|-274.1630093430036|-274.1630093430036|-274.1630093430036|-274.1630093430036|-274.1630093430036|-274.1630093430036
generations_600,11,100,600,5,0.5,10,70,111,10111,60100,-274.1630542527625,-2.9028004846740476,-2.9042063410979813,-2.9049172640566243,-2.9048594441648437,-2.902544358238018,-2.903049530762303,-2.904019449963486,-254.41690016974528,-3.0100992386130443,-2.744821684401637,-3.4458894040991153,-3.244433797702202,-3.4469634701842944,-3.2781653872604033,-2.5410725753605004,-178.65060161169092|-182.13634206291636|-199.7745619506179|-211.09899949391186|-215.80558241346978|-215.80558241346978|-215.80558241346978|-223.98514910623047|-228.74966910838893|-240.85134381948134|-241.94941991682984|-243.0471673544366|-249.0042703072109|-249.0042703072109|-263.117354318625|-263.117354318625|-263.117354318625|-263.117354318625|-264.29095786466655|-268.4241832314184|-268.4241832314184|-268.6652095697084|-268.6652095697084|-268.6652095697084|-270.5376892945295|-270.5376892945295|-271.04859315510964|-271.04859315510964|-271.04859315510964|-271.1337112995821|-271.85746477341326|-271.85746477341326|-272.0351295474872|-272.0351295474872|-272.09524178546604|-272.136235424841|-272.136235424841|-272.661339537116|-272.892797473176|-272.892797473176|-272.892797473176|-272.892797473176|-272.892797473176|-272.8958800618396|-272.9322729657402|-273.2560469958071|-273.2560469958071|-273.2560469958071|-273.33126225824947|-273.5716612617964|-273.5716612617964|-273.5716612617964|-273.5716612617964|-273.5716612617964|-273.5716612617964|-273.65344855776704|-273.65344855776704|-273.9503737629135|-273.9503737629135|-273.9503737629135|-273.9503737629135|-273.9503737629135|-273.95784985293665|-273.95784985293665|-273.95784985293665|-273.95784985293665|-273.95784985293665|-273.95784985293665|-274.00311492261795|-274.00311492261795|-274.00311492261795|-274.00311492261795|-274.00311492261795|-274.00596859453367|-274.01709150210786|-274.01908913887195|-274.01908913887195|-274.0799643470032|-274.0799643470032|-274.0799643470032|-274.0799643470032|-274.0799643470032|-274.0799643470032|-274.10056098136465|-274.10056098136465|-274.10056098136465|-274.10056098136465|-274.10341465328037|-274.10341465328037|-274.1057778130882|-274.1057778130882|-274.1057778130882|-274.1057778130882|-274.1057778130882|-274.1057778130882|-274.1057778130882|-274.1057778130882|-274.1057778130882|-274.1057778130882|-274.1057778130882|-274.13727852925314|-274.13727852925314|-274.13727852925314|-274.13727852925314|-274.1424953609767|-274.1424953609767|-274.1424953609767|-274.1424953609767|-274.1424953609767|-274.1424953609767|-274.1424953609767|-274.1424953609767|-274.1424953609767|-274.1424953609767|-274.1424953609767|-274.1424953609767|-274.1424953609767|-274.1424953609767|-274.1424953609767|-274.14287182757084|-274.1438318051547|-274.1466999631849|-274.1466999631849|-274.1466999631849|-274.1466999631849|-274.1466999631849|-274.1467637840738|-274.1467637840738|-274.1467637840738|-274.1467637840738|-274.1467637840738|-274.1467637840738|-274.1467637840738|-274.1467637840738|-274.1467637840738|-274.1467637840738|-274.1467637840738|-274.14724355341593|-274.14724355341593|-274.14724355341593|-274.14724355341593|-274.14724355341593|-274.14724355341593|-274.15091252634403|-274.15091252634403|-274.15091252634403|-274.15091252634403|-274.15091252634403|-274.15091252634403|-274.15091252634403|-274.15091252634403|-274.15091252634403|-274.1513942723648|-274.1513942723648|-274.1513942723648|-274.15826087377945|-274.15826087377945|-274.15826087377945|-274.15826087377945|-274.15826087377945|-274.15826087377945|-274.15826087377945|-274.15826087377945|-274.15826087377945|-274.15826087377945|-274.15826087377945|-274.15924195523706|-274.15924195523706|-274.15924195523706|-274.15924195523706|-274.15924195523706|-274.15924195523706|-274.15924195523706|-274.15924195523706|-274.15924195523706|-274.15924195523706|-274.15924195523706|-274.1593751606741|-274.1593751606741|-274.1593751606741|-274.1593751606741|-274.1593751606741|-274.1593751606741|-274.1593751606741|-274.1593751606741|-274.1593751606741|-274.1593751606741|-274.1593751606741|-274.1593751606741|-274.1593751606741|-274.1593751606741|-274.1593751606741|-274.1593751606741|-274.1593751606741|-274.1593751606741|-274.1593751606741|-274.1593751606741|-274.1593751606741|-274.1597953794864|-274.1597953794864|-274.1597953794864|-274.1597953794864|-274.1597953794864|-274.1597953794864|-274.1597953794864|-274.1597953794864|-274.1597953794864|-274.15997290615513|-274.15997290615513|-274.15997290615513|-274.15997290615513|-274.15997290615513|-274.15997290615513|-274.15997290615513|-274.15997290615513|-274.15997290615513|-274.15997290615513|-274.15997290615513|-274.15997290615513|-274.15997290615513|-274.15997290615513|-274.15997290615513|-274.15997290615513|-274.15997290615513|-274.15997290615513|-274.15997290615513|-274.15997290615513|-274.15997290615513|-274.15997290615513|-274.15997290615513|-274.15997290615513|-274.15997290615513|-274.15997290615513|-274.15997290615513|-274.15997290615513|-274.16068296814103|-274.16068296814103|-274.16068296814103|-274.16068296814103|-274.16068296814103|-274.16068296814103|-274.16068296814103|-274.16068296814103|-274.16109799106715|-274.16109799106715|-274.16109799106715|-274.16109799106715|-274.16109799106715|-274.16109799106715|-274.16109799106715|-274.16109799106715|-274.16109799106715|-274.16109799106715|-274.16109799106715|-274.16109799106715|-274.16109799106715|-274.16109799106715|-274.16109799106715|-274.16109799106715|-274.16109799106715|-274.16109799106715|-274.16109799106715|-274.16109799106715|-274.16109799106715|-274.16109799106715|-274.16109799106715|-274.16109799106715|-274.16109799106715|-274.16109799106715|-274.16109799106715|-274.16115629753443|-274.16115629753443|-274.16115629753443|-274.16115629753443|-274.16115629753443|-274.16115629753443|-274.16115629753443|-274.16115629753443|-274.16115629753443|-274.16115629753443|-274.16115629753443|-274.16115629753443|-274.16115629753443|-274.16115629753443|-274.16115629753443|-274.16115629753443|-274.1620656805699|-274.1620656805699|-274.1620656805699|-274.1620656805699|-274.1620656805699|-274.1620656805699|-274.16224612656083|-274.16224612656083|-274.16224612656083|-274.16224612656083|-274.16224612656083|-274.16224612656083|-274.16224612656083|-274.16224612656083|-274.16224612656083|-274.16224612656083|-274.16224612656083|-274.16224612656083|-274.16224612656083|-274.16224612656083|-274.16224612656083|-274.16224612656083|-274.16224612656083|-274.16231693122944|-274.1625702739889|-274.1625702739889|-274.1625702739889|-274.1625702739889|-274.1625702739889|-274.1625702739889|-274.1625702739889|-274.1625702739889|-274.1625702739889|-274.1625702739889|-274.1625702739889|-274.1625702739889|-274.1625702739889|-274.1625702739889|-274.1625702739889|-274.1625702739889|-274.1625702739889|-274.1625702739889|-274.1625702739889|-274.1625702739889|-274.1625702739889|-274.1625702739889|-274.1625702739889|-274.1625702739889|-274.1625702739889|-274.1625702739889|-274.1625702739889|-274.1625702739889|-274.1625702739889|-274.1625702739889|-274.1625702739889|-274.1625702739889|-274.1625702739889|-274.1625702739889|-274.1625702739889|-274.1625702739889|-274.1625702739889|-274.1625702739889|-274.1625702739889|-274.1625702739889|-274.1625702739889|-274.1625702739889|-274.1625702739889|-274.1625702739889|-274.1625702739889|-274.1625702739889|-274.1625702739889|-274.1625702739889|-274.1625702739889|-274.1625702739889|-274.1625702739889|-274.1625702739889|-274.1625702739889|-274.1625702739889|-274.1625702739889|-274.1625702739889|-274.1625702739889|-274.1625702739889|-274.1625702739889|-274.1625702739889|-274.1625702739889|-274.1625702739889|-274.1625702739889|-274.1625702739889|-274.1625702739889|-274.1625702739889|-274.1625702739889|-274.1625702739889|-274.1625702739889|-274.1625702739889|-274.1625702739889|-274.1625702739889|-274.1625702739889|-274.1625702739889|-274.1625702739889|-274.1625702739889|-274.1625702739889|-274.1625702739889|-274.1625702739889|-274.1625702739889|-274.1625702739889|-274.1625702739889|-274.1625702739889|-274.1625702739889|-274.1625702739889|-274.1625702739889|-274.1625702739889|-274.1625702739889|-274.1625702739889|-274.1625702739889|-274.1625702739889|-274.1625702739889|-274.1625702739889|-274.1625702739889|-274.1625702739889|-274.1625702739889|-274.1625702739889|-274.1625702739889|-274.1625702739889|-274.1625702739889|-274.1625702739889|-274.1625702739889|-274.1625702739889|-274.1625702739889|-274.1625702739889|-274.1625702739889|-274.1625702739889|-274.1625702739889|-274.1625702739889|-274.1625702739889|-274.1625702739889|-274.1625702739889|-274.1625702739889|-274.1625702739889|-274.1625702739889|-274.1625702739889|-274.1625702739889|-274.1625702739889|-274.1625702739889|-274.1625702739889|-274.1625702739889|-274.1625702739889|-274.1625702739889|-274.1625702739889|-274.1625702739889|-274.1625702739889|-274.1625702739889|-274.1625702739889|-274.1625702739889|-274.1625702739889|-274.1629434953888|-274.1629434953888|-274.1629434953888|-274.1629434953888|-274.1629434953888|-274.1629434953888|-274.1630200209896|-274.1630200209896|-274.1630200209896|-274.1630200209896|-274.1630200209896|-274.1630200209896|-274.1630200209896|-274.1630200209896|-274.1630200209896|-274.1630200209896|-274.1630200209896|-274.1630200209896|-274.1630200209896|-274.1630200209896|-274.1630200209896|-274.1630200209896|-274.1630200209896|-274.1630200209896|-274.1630200209896|-274.1630200209896|-274.1630200209896|-274.1630200209896|-274.1630200209896|-274.1630200209896|-274.1630200209896|-274.1630200209896|-274.1630200209896|-274.1630200209896|-274.1630200209896|-274.1630200209896|-274.1630200209896|-274.1630200209896|-274.1630200209896|-274.1630200209896|-274.1630200209896|-274.1630200209896|-274.1630200209896|-274.1630200209896|-274.1630200209896|-274.1630200209896|-274.1630200209896|-274.1630200209896|-274.1630200209896|-274.1630200209896|-274.1630200209896|-274.1630200209896|-274.1630200209896|-274.1630200209896|-274.1630200209896|-274.1630200209896|-274.1630200209896|-274.1630200209896|-274.1630200209896|-274.1630200209896|-274.1630200209896|-274.1630200209896|-274.1630200209896|-274.1630200209896|-274.1630200209896|-274.1630200209896|-274.1630200209896|-274.1630200209896|-274.1630200209896|-274.1630200209896|-274.1630200209896|-274.1630200209896|-274.1630200209896|-274.1630200209896|-274.1630200209896|-274.1630200209896|-274.1630200209896|-274.1630200209896|-274.1630200209896|-274.1630200209896|-274.1630200209896|-274.1630200209896|-274.1630200209896|-274.1630200209896|-274.1630200209896|-274.1630208760765|-274.1630208760765|-274.1630208760765|-274.1630208760765|-274.1630208760765|-274.1630208760765|-274.1630208760765|-274.1630208760765|-274.1630208760765|-274.1630208760765|-274.1630208760765|-274.1630208760765|-274.1630208760765|-274.1630208760765|-274.1630208760765|-274.1630208760765|-274.1630208760765|-274.1630208760765|-274.1630208760765|-274.1630208760765|-274.1630208760765|-274.1630208760765|-274.1630208760765|-274.1630208760765|-274.1630208760765|-274.1630208760765|-274.1630208760765|-274.1630208760765|-274.1630208760765|-274.1630208760765|-274.1630208760765|-274.1630208760765|-274.1630208760765|-274.1630208760765|-274.1630208760765|-274.1630208760765|-274.1630208760765|-274.1630208760765|-274.1630208760765|-274.1630208760765|-274.1630208760765|-274.1630208760765|-274.1630208760765|-274.1630208760765|-274.1630208760765|-274.1630208760765|-274.1630208760765|-274.1630208760765|-274.1630208760765|-274.1630208760765|-274.1630208760765|-274.1630208760765|-274.1630208760765|-274.1630208760765|-274.1630208760765|-274.1630208760765|-274.1630208760765|-274.1630208760765|-274.1630208760765|-274.1630208760765|-274.1630208760765|-274.1630208760765|-274.1630542527625|-274.1630542527625|-274.1630542527625|-274.1630542527625|-274.1630542527625|-274.1630542527625|-274.1630542527625|-274.1630542527625|-274.1630542527625|-274.1630542527625|-274.1630542527625|-274.1630542527625|-274.1630542527625|-274.1630542527625
generations_600,12,100,600,5,0.5,10,70,112,10112,60100,-274.16294596457544,-2.9038842992752496,-2.9027804755026327,-2.903453925257478,-2.9007643886728034,-2.9049059859464803,-2.902400274803994,-2.9026145570332957,-235.04484693375184,-3.180704893825941,-3.5740721759226624,-2.1959271722445317,-1.821578136488371,-2.6781714232565337,-2.426234146638776,-2.406285907683153,-185.50899122256632|-185.50899122256632|-185.50899122256632|-185.50899122256632|-209.48143193176065|-209.48143193176065|-209.48143193176065|-220.5511200410227|-222.3490712373752|-222.3490712373752|-222.3490712373752|-228.92706109288437|-238.40387032749192|-245.76471040112784|-245.76471040112784|-256.92104455704504|-256.92104455704504|-256.92104455704504|-267.0959097760662|-267.0959097760662|-267.0959097760662|-270.52093319504854|-270.8141258708071|-270.8141258708071|-270.8141258708071|-270.966724917019|-271.1233263559727|-271.1233263559727|-271.1233263559727|-271.1233263559727|-271.5691180779432|-271.5691180779432|-272.28904147853996|-272.83345214087814|-272.83345214087814|-272.83345214087814|-272.83345214087814|-273.306130321666|-273.306130321666|-273.306130321666|-273.306130321666|-273.4255413685293|-273.4255413685293|-273.4255413685293|-273.4255413685293|-273.4255413685293|-273.4255413685293|-273.5436576248362|-273.5436576248362|-273.5436576248362|-273.5941864397477|-273.5941864397477|-273.5941864397477|-273.7379836590088|-273.7379836590088|-273.7379836590088|-273.8520362878768|-273.8520362878768|-273.8520362878768|-273.8520362878768|-273.8520362878768|-273.8520362878768|-273.8520362878768|-273.8520362878768|-273.8520362878768|-273.8520362878768|-273.89205716449914|-273.89205716449914|-273.89205716449914|-273.95041696457025|-273.95041696457025|-273.95041696457025|-273.95041696457025|-273.95041696457025|-273.95041696457025|-273.95041696457025|-273.99555169241086|-273.99555169241086|-273.99555169241086|-273.99555169241086|-273.99555169241086|-273.99555169241086|-273.99936929750953|-273.99936929750953|-273.99936929750953|-273.99936929750953|-273.99936929750953|-274.02213475490464|-274.02213475490464|-274.02213475490464|-274.02213475490464|-274.02213475490464|-274.02213475490464|-274.02213475490464|-274.06206342819405|-274.06206342819405|-274.06206342819405|-274.06206342819405|-274.06621170383255|-274.06621170383255|-274.06621170383255|-274.06621170383255|-274.06621170383255|-274.06621170383255|-274.06621170383255|-274.08268500816456|-274.10514985043056|-274.10514985043056|-274.10514985043056|-274.10514985043056|-274.10514985043056|-274.10653194057545|-274.10653194057545|-274.10653194057545|-274.10653194057545|-274.10653194057545|-274.10653194057545|-274.10653194057545|-274.10653194057545|-274.1138874409809|-274.1138874409809|-274.1138874409809|-274.1138874409809|-274.1138874409809|-274.1138874409809|-274.1138874409809|-274.1138874409809|-274.1178958291515|-274.1178958291515|-274.1178958291515|-274.1178958291515|-274.1178958291515|-274.1178958291515|-274.1178958291515|-274.1355866678633|-274.1355866678633|-274.1355866678633|-274.1355866678633|-274.1355866678633|-274.1355866678633|-274.1355866678633|-274.1355866678633|-274.1433353340801|-274.1433353340801|-274.14537899837455|-274.14537899837455|-274.14537899837455|-274.14537899837455|-274.1467610885195|-274.1467610885195|-274.1467610885195|-274.1467610885195|-274.14698568174015|-274.1532785165632|-274.1532785165632|-274.1532785165632|-274.1532785165632|-274.1532785165632|-274.1532785165632|-274.1532785165632|-274.1560390060338|-274.1560390060338|-274.1560390060338|-274.1560390060338|-274.1560390060338|-274.1562635992545|-274.1562635992545|-274.1562635992545|-274.1562635992545|-274.1562635992545|-274.1562635992545|-274.1562635992545|-274.15904405476863|-274.15904405476863|-274.15904405476863|-274.15904405476863|-274.15904405476863|-274.15904405476863|-274.15904405476863|-274.15904405476863|-274.15904405476863|-274.15904405476863|-274.15904405476863|-274.15904405476863|-274.15904405476863|-274.15904405476863|-274.15904405476863|-274.15904405476863|-274.15904405476863|-274.15904405476863|-274.15904405476863|-274.15904405476863|-274.15904405476863|-274.1599132896823|-274.1599132896823|-274.1599132896823|-274.1599132896823|-274.1599132896823|-274.1599132896823|-274.1599132896823|-274.1600040787922|-274.1600040787922|-274.1600040787922|-274.1600040787922|-274.1600040787922|-274.1600040787922|-274.1600040787922|-274.1600040787922|-274.1600040787922|-274.1600040787922|-274.1600040787922|-274.1600040787922|-274.1600040787922|-274.1600040787922|-274.1600040787922|-274.1600040787922|-274.1600040787922|-274.16093318266064|-274.16093318266064|-274.16093318266064|-274.16093318266064|-274.16093318266064|-274.16093318266064|-274.16093318266064|-274.16093318266064|-274.16093318266064|-274.16093318266064|-274.16093318266064|-274.16093318266064|-274.16093318266064|-274.16093318266064|-274.16093318266064|-274.16093318266064|-274.16093318266064|-274.16093318266064|-274.16093318266064|-274.16093318266064|-274.16093318266064|-274.16093318266064|-274.16093318266064|-274.16093318266064|-274.16093318266064|-274.16093318266064|-274.16117507133464|-274.16117507133464|-274.16117507133464|-274.16117507133464|-274.16117507133464|-274.16117507133464|-274.16117507133464|-274.16117507133464|-274.16117507133464|-274.16117507133464|-274.16117507133464|-274.16117507133464|-274.16117507133464|-274.16117507133464|-274.16117507133464|-274.16117507133464|-274.16117507133464|-274.16117507133464|-274.16117507133464|-274.16117507133464|-274.16117507133464|-274.16117507133464|-274.16117507133464|-274.16117507133464|-274.16117507133464|-274.16117507133464|-274.16117507133464|-274.16117507133464|-274.16117507133464|-274.16117507133464|-274.16117507133464|-274.16117507133464|-274.16117507133464|-274.16117507133464|-274.1616967165722|-274.1616967165722|-274.1616967165722|-274.1616967165722|-274.1616967165722|-274.1616967165722|-274.1616967165722|-274.1616967165722|-274.1616967165722|-274.1616967165722|-274.1616967165722|-274.1616967165722|-274.1616967165722|-274.1616967165722|-274.1616967165722|-274.1616967165722|-274.1616967165722|-274.1616967165722|-274.1616967165722|-274.1616967165722|-274.1616967165722|-274.1616967165722|-274.1616967165722|-274.1616967165722|-274.1616967165722|-274.1616967165722|-274.1616967165722|-274.1616967165722|-274.1616967165722|-274.1616967165722|-274.1616967165722|-274.1616967165722|-274.1616967165722|-274.1616967165722|-274.1616967165722|-274.1617171222427|-274.1617171222427|-274.1617171222427|-274.1617171222427|-274.1617171222427|-274.1617171222427|-274.1617171222427|-274.1617171222427|-274.1617171222427|-274.1617171222427|-274.16249422991456|-274.16249422991456|-274.16249422991456|-274.16249422991456|-274.16249422991456|-274.16249422991456|-274.16249422991456|-274.16253602712715|-274.16253602712715|-274.16253602712715|-274.16253602712715|-274.16253602712715|-274.16253602712715|-274.16253602712715|-274.16253602712715|-274.16253602712715|-274.16253602712715|-274.16253602712715|-274.16253602712715|-274.16253602712715|-274.16253602712715|-274.16253602712715|-274.16253602712715|-274.16253602712715|-274.1627347483363|-274.1627347483363|-274.1627347483363|-274.1627347483363|-274.1627347483363|-274.1627347483363|-274.1627347483363|-274.1627347483363|-274.1627347483363|-274.1627347483363|-274.1627347483363|-274.1627347483363|-274.1627347483363|-274.1627347483363|-274.1627347483363|-274.1627347483363|-274.1627347483363|-274.1627347483363|-274.1627347483363|-274.1627347483363|-274.1627347483363|-274.1627347483363|-274.1627347483363|-274.1627347483363|-274.1627347483363|-274.1627347483363|-274.1627347483363|-274.1627347483363|-274.1627347483363|-274.1627347483363|-274.1627347483363|-274.1627347483363|-274.1627347483363|-274.1627347483363|-274.1627347483363|-274.1627347483363|-274.1627347483363|-274.1627347483363|-274.1627347483363|-274.1627347483363|-274.1627347483363|-274.1627347483363|-274.1627347483363|-274.1627347483363|-274.1627347483363|-274.1627347483363|-274.1627347483363|-274.1627347483363|-274.1627347483363|-274.1627347483363|-274.1627347483363|-274.1627347483363|-274.1627347483363|-274.1627347483363|-274.1627347483363|-274.1627347483363|-274.1627347483363|-274.1627347483363|-274.1627347483363|-274.1627347483363|-274.1627347483363|-274.1627347483363|-274.1627347483363|-274.1627347483363|-274.1627347483363|-274.1627347483363|-274.1627347483363|-274.1627347483363|-274.1627347483363|-274.1627347483363|-274.1627347483363|-274.1627347483363|-274.1627347483363|-274.1627347483363|-274.1627347483363|-274.1627347483363|-274.1627347483363|-274.1627347483363|-274.1627347483363|-274.1627347483363|-274.1627347483363|-274.1627347483363|-274.1627347483363|-274.1627347483363|-274.1627347483363|-274.1627347483363|-274.1627347483363|-274.1627347483363|-274.1627347483363|-274.1627347483363|-274.1627347483363|-274.1627347483363|-274.1627347483363|-274.1627347483363|-274.1627347483363|-274.1627347483363|-274.1627347483363|-274.16278866029313|-274.16278866029313|-274.16278866029313|-274.16278866029313|-274.16278866029313|-274.16278866029313|-274.16278866029313|-274.16278866029313|-274.16278866029313|-274.16278866029313|-274.16278866029313|-274.16278866029313|-274.16278866029313|-274.16278866029313|-274.16278866029313|-274.16278866029313|-274.16278866029313|-274.16278866029313|-274.16278866029313|-274.16278866029313|-274.16278866029313|-274.16278866029313|-274.16278866029313|-274.16278866029313|-274.16278866029313|-274.16278866029313|-274.16278866029313|-274.16278866029313|-274.16278866029313|-274.16278866029313|-274.16278866029313|-274.16278866029313|-274.16278866029313|-274.16278866029313|-274.16278866029313|-274.16278866029313|-274.16278866029313|-274.16278866029313|-274.16278866029313|-274.16278866029313|-274.16278866029313|-274.16278866029313|-274.16278866029313|-274.16278866029313|-274.16278866029313|-274.16278866029313|-274.16278866029313|-274.16278866029313|-274.16278866029313|-274.16278866029313|-274.16278866029313|-274.16278866029313|-274.16278866029313|-274.16278866029313|-274.16278866029313|-274.16278866029313|-274.16278866029313|-274.16278866029313|-274.16278866029313|-274.16278866029313|-274.16278866029313|-274.16278866029313|-274.16278866029313|-274.16278866029313|-274.16278866029313|-274.16278866029313|-274.16278866029313|-274.16278866029313|-274.16278866029313|-274.16278866029313|-274.16278866029313|-274.16278866029313|-274.16278866029313|-274.16278866029313|-274.16278866029313|-274.16278866029313|-274.16278866029313|-274.16278866029313|-274.16278866029313|-274.16278866029313|-274.16278866029313|-274.16278866029313|-274.16278866029313|-274.16278866029313|-274.16278866029313|-274.16278866029313|-274.16278866029313|-274.16278866029313|-274.16278866029313|-274.16278866029313|-274.16278866029313|-274.16278866029313|-274.16278866029313|-274.16278866029313|-274.16278866029313|-274.16278866029313|-274.16278866029313|-274.1629271588188|-274.1629271588188|-274.1629271588188|-274.1629271588188|-274.1629271588188|-274.1629271588188|-274.1629271588188|-274.1629271588188|-274.1629271588188|-274.1629271588188|-274.1629271588188|-274.1629271588188|-274.1629271588188|-274.1629271588188|-274.1629271588188|-274.1629271588188|-274.1629271588188|-274.1629271588188|-274.1629271588188|-274.1629271588188|-274.1629456724286|-274.1629456724286|-274.1629456724286|-274.1629456724286|-274.1629456724286|-274.1629456724286|-274.1629456724286|-274.1629456724286|-274.1629456724286|-274.1629456724286|-274.1629456724286|-274.1629456724286|-274.1629456724286|-274.1629456724286|-274.1629456724286|-274.1629456724286|-274.1629456724286|-274.1629456724286|-274.1629456724286|-274.1629456724286|-274.1629456724286|-274.1629456724286|-274.1629456724286|-274.1629456724286|-274.1629456724286|-274.16294596457544|-274.16294596457544|-274.16294596457544|-274.16294596457544|-274.16294596457544|-274.16294596457544|-274.16294596457544|-274.16294596457544|-274.16294596457544|-274.16294596457544|-274.16294596457544|-274.16294596457544|-274.16294596457544|-274.16294596457544|-274.16294596457544|-274.16294596457544
generations_600,13,100,600,5,0.5,10,70,113,10113,60100,-274.1630995108087,-2.9046745478305676,-2.904712199918358,-2.903111835253429,-2.903459988139425,-2.903598103816242,-2.9030012803244283,-2.902957395522356,-232.84478043758315,-2.2404724816984425,-3.139695771279063,-2.427470000890848,-3.3887659765306033,-3.2328725591125673,-3.7208753254017415,-3.5589490142744484,-184.8545865077731|-184.8545865077731|-188.05407326840202|-216.73101928866024|-216.73101928866024|-216.73101928866024|-216.73101928866024|-230.58623843071922|-230.58623843071922|-245.95400631913603|-246.03918784231908|-246.03918784231908|-247.7877031020115|-252.37699751389056|-257.8587818631806|-258.8092109805529|-266.8368996873101|-266.8368996873101|-267.19800879843444|-270.40492337256313|-272.54585698637027|-272.54585698637027|-272.54585698637027|-272.6274503680333|-272.6274503680333|-272.65031269111245|-272.69224977073213|-272.69224977073213|-272.69224977073213|-272.79545594048477|-272.79545594048477|-273.64020717418464|-273.64020717418464|-273.7239058846355|-273.8463733326688|-273.8463733326688|-273.8463733326688|-273.861474309578|-273.9328035245102|-273.9328035245102|-273.9328035245102|-273.9328035245102|-273.9328035245102|-274.0543089651869|-274.0543089651869|-274.0543089651869|-274.0543089651869|-274.0543089651869|-274.0543089651869|-274.0695733631973|-274.0695733631973|-274.0695733631973|-274.0695733631973|-274.0695733631973|-274.071133276993|-274.071133276993|-274.071133276993|-274.071133276993|-274.071133276993|-274.071133276993|-274.1188448699182|-274.1188448699182|-274.1188448699182|-274.1188448699182|-274.1188448699182|-274.1212964905781|-274.1212964905781|-274.1212964905781|-274.1212964905781|-274.1212964905781|-274.1212964905781|-274.1212964905781|-274.1212964905781|-274.1212964905781|-274.1212964905781|-274.1212964905781|-274.1212964905781|-274.12242640482395|-274.1260869488335|-274.1260869488335|-274.1260869488335|-274.1260869488335|-274.1260869488335|-274.1260869488335|-274.12721686307935|-274.1332154872583|-274.1332154872583|-274.1332154872583|-274.1332154872583|-274.1332154872583|-274.1334891475857|-274.1334891475857|-274.1334891475857|-274.1334891475857|-274.13434540150416|-274.13434540150416|-274.1354224214719|-274.1354224214719|-274.1354224214719|-274.1354224214719|-274.1354224214719|-274.13569608179927|-274.13635777098784|-274.13635777098784|-274.13635777098784|-274.13635777098784|-274.13635777098784|-274.1385647052014|-274.1385647052014|-274.1385647052014|-274.1385647052014|-274.1385647052014|-274.1385647052014|-274.13994337059376|-274.13994337059376|-274.13994337059376|-274.13994337059376|-274.13994337059376|-274.13994337059376|-274.13994337059376|-274.13994337059376|-274.13994337059376|-274.13994337059376|-274.13994337059376|-274.13994337059376|-274.13994337059376|-274.13994337059376|-274.13994337059376|-274.13994337059376|-274.1425304104175|-274.1425304104175|-274.1425304104175|-274.14313341146044|-274.14313341146044|-274.14313341146044|-274.1457204512842|-274.1457204512842|-274.1457204512842|-274.1457204512842|-274.1457204512842|-274.1457204512842|-274.1457204512842|-274.1457204512842|-274.1457204512842|-274.1457204512842|-274.1457204512842|-274.1457204512842|-274.1461170695436|-274.1461170695436|-274.1461170695436|-274.1461170695436|-274.1461170695436|-274.1461170695436|-274.1461170695436|-274.1461170695436|-274.1461170695436|-274.1461170695436|-274.1461170695436|-274.1461170695436|-274.1461170695436|-274.1461170695436|-274.1461170695436|-274.1461170695436|-274.1461170695436|-274.1461170695436|-274.1461170695436|-274.1461170695436|-274.1461170695436|-274.1461170695436|-274.15323851847063|-274.15323851847063|-274.1562221675903|-274.1562221675903|-274.1562221675903|-274.1562221675903|-274.1562221675903|-274.1562221675903|-274.1562221675903|-274.15815127267797|-274.15815127267797|-274.1582397217591|-274.1582397217591|-274.1582397217591|-274.1582397217591|-274.1582397217591|-274.1602485463361|-274.1602485463361|-274.16226610050495|-274.16226610050495|-274.16226610050495|-274.16226610050495|-274.16226610050495|-274.16226610050495|-274.16226610050495|-274.16226610050495|-274.16226610050495|-274.16226610050495|-274.16226610050495|-274.16226610050495|-274.16226610050495|-274.16226610050495|-274.16226610050495|-274.16226610050495|-274.16226610050495|-274.16234181223075|-274.16234181223075|-274.16234181223075|-274.16234181223075|-274.16234181223075|-274.16234181223075|-274.16234181223075|-274.16234181223075|-274.16234181223075|-274.16234181223075|-274.16234181223075|-274.16234181223075|-274.16234181223075|-274.16234181223075|-274.16234181223075|-274.16234181223075|-274.16234181223075|-274.16234181223075|-274.16234181223075|-274.16234181223075|-274.16234181223075|-274.16234181223075|-274.16234181223075|-274.16234181223075|-274.16234181223075|-274.16234181223075|-274.16234181223075|-274.16234181223075|-274.16234181223075|-274.16234181223075|-274.16234181223075|-274.16234181223075|-274.16234181223075|-274.16234181223075|-274.16234181223075|-274.16234181223075|-274.16234181223075|-274.16234181223075|-274.16234181223075|-274.16234181223075|-274.16234181223075|-274.16234181223075|-274.16234181223075|-274.16234181223075|-274.16234181223075|-274.16234181223075|-274.16234181223075|-274.16234181223075|-274.16234181223075|-274.162884404084|-274.162884404084|-274.162884404084|-274.162884404084|-274.162884404084|-274.162884404084|-274.162884404084|-274.162884404084|-274.162884404084|-274.162884404084|-274.162884404084|-274.162884404084|-274.162884404084|-274.162884404084|-274.162884404084|-274.16303617049624|-274.16303617049624|-274.16303617049624|-274.16303617049624|-274.16303617049624|-274.16303617049624|-274.16303617049624|-274.16303617049624|-274.16303617049624|-274.16303617049624|-274.16303617049624|-274.16303617049624|-274.16303617049624|-274.16303617049624|-274.16303617049624|-274.16303617049624|-274.16303617049624|-274.16303617049624|-274.16303617049624|-274.16303617049624|-274.16303617049624|-274.16303617049624|-274.16303617049624|-274.16303617049624|-274.16303617049624|-274.16303617049624|-274.16303617049624|-274.16303617049624|-274.16303617049624|-274.16303617049624|-274.16303617049624|-274.16303617049624|-274.16303617049624|-274.16303617049624|-274.16303617049624|-274.16303617049624|-274.16303617049624|-274.16303617049624|-274.16303617049624|-274.16303617049624|-274.16303617049624|-274.16303617049624|-274.16303617049624|-274.16303617049624|-274.16303617049624|-274.16303617049624|-274.16303617049624|-274.16303617049624|-274.16303617049624|-274.16303617049624|-274.16303617049624|-274.16303617049624|-274.16303617049624|-274.16303617049624|-274.16303617049624|-274.16303617049624|-274.16303617049624|-274.16303617049624|-274.16303617049624|-274.16303617049624|-274.16303617049624|-274.16303617049624|-274.16303617049624|-274.16303617049624|-274.16303617049624|-274.16303617049624|-274.16303617049624|-274.16303617049624|-274.16303617049624|-274.1630904665324|-274.1630904665324|-274.1630904665324|-274.1630904665324|-274.1630904665324|-274.1630904665324|-274.1630904665324|-274.1630904665324|-274.1630904665324|-274.1630904665324|-274.1630904665324|-274.1630904665324|-274.1630904665324|-274.1630904665324|-274.1630904665324|-274.1630904665324|-274.1630904665324|-274.1630904665324|-274.1630904665324|-274.1630904665324|-274.1630904665324|-274.1630904665324|-274.1630904665324|-274.1630904665324|-274.1630904665324|-274.1630904665324|-274.1630904665324|-274.1630904665324|-274.1630904665324|-274.1630904665324|-274.1630904665324|-274.1630904665324|-274.1630904665324|-274.1630904665324|-274.1630904665324|-274.1630904665324|-274.1630904665324|-274.1630904665324|-274.1630904665324|-274.1630904665324|-274.1630904665324|-274.1630904665324|-274.1630904665324|-274.1630904665324|-274.1630904665324|-274.1630904665324|-274.1630904665324|-274.1630904665324|-274.1630904665324|-274.1630904665324|-274.1630904665324|-274.1630904665324|-274.1630904665324|-274.1630904665324|-274.1630904665324|-274.1630904665324|-274.1630904665324|-274.1630928687427|-274.1630928687427|-274.1630928687427|-274.1630928687427|-274.1630928687427|-274.1630928687427|-274.1630928687427|-274.1630928687427|-274.1630928687427|-274.1630928687427|-274.1630928687427|-274.1630928687427|-274.1630928687427|-274.1630928687427|-274.1630928687427|-274.1630928687427|-274.1630928687427|-274.1630928687427|-274.1630928687427|-274.1630928687427|-274.1630928687427|-274.1630928687427|-274.1630928687427|-274.1630928687427|-274.1630928687427|-274.1630928687427|-274.1630928687427|-274.1630928687427|-274.1630928687427|-274.1630928687427|-274.1630928687427|-274.1630928687427|-274.1630928687427|-274.1630928687427|-274.1630928687427|-274.1630928687427|-274.1630928687427|-274.1630928687427|-274.1630928687427|-274.1630928687427|-274.1630928687427|-274.1630928687427|-274.1630928687427|-274.1630928687427|-274.1630928687427|-274.1630928687427|-274.1630928687427|-274.1630928687427|-274.1630928687427|-274.1630928687427|-274.1630928687427|-274.1630928687427|-274.1630928687427|-274.1630928687427|-274.1630928687427|-274.1630928687427|-274.1630928687427|-274.1630928687427|-274.1630928687427|-274.1630928687427|-274.1630928687427|-274.1630928687427|-274.1630928687427|-274.1630928687427|-274.1630928687427|-274.1630928687427|-274.1630928687427|-274.1630928687427|-274.1630928687427|-274.1630928687427|-274.1630928687427|-274.1630928687427|-274.1630928687427|-274.1630928687427|-274.1630928687427|-274.1630928687427|-274.1630928687427|-274.1630928687427|-274.1630928687427|-274.1630928687427|-274.1630928687427|-274.1630928687427|-274.1630928687427|-274.1630928687427|-274.1630928687427|-274.1630928687427|-274.1630928687427|-274.1630928687427|-274.1630928687427|-274.1630928687427|-274.1630928687427|-274.1630928687427|-274.1630928687427|-274.1630928687427|-274.1630928687427|-274.1630928687427|-274.1630928687427|-274.1630928687427|-274.1630928687427|-274.1630928687427|-274.1630928687427|-274.1630928687427|-274.1630928687427|-274.1630928687427|-274.1630928687427|-274.1630928687427|-274.1630928687427|-274.1630928687427|-274.1630928687427|-274.1630928687427|-274.1630928687427|-274.1630928687427|-274.1630928687427|-274.1630995108087|-274.1630995108087|-274.1630995108087|-274.1630995108087|-274.1630995108087|-274.1630995108087|-274.1630995108087|-274.1630995108087|-274.1630995108087|-274.1630995108087|-274.1630995108087|-274.1630995108087|-274.1630995108087|-274.1630995108087|-274.1630995108087|-274.1630995108087|-274.1630995108087|-274.1630995108087|-274.1630995108087|-274.1630995108087|-274.1630995108087|-274.1630995108087|-274.1630995108087|-274.1630995108087|-274.1630995108087|-274.1630995108087|-274.1630995108087|-274.1630995108087|-274.1630995108087|-274.1630995108087|-274.1630995108087|-274.1630995108087|-274.1630995108087|-274.1630995108087|-274.1630995108087|-274.1630995108087|-274.1630995108087|-274.1630995108087|-274.1630995108087|-274.1630995108087|-274.1630995108087|-274.1630995108087|-274.1630995108087|-274.1630995108087|-274.1630995108087|-274.1630995108087|-274.1630995108087|-274.1630995108087|-274.1630995108087|-274.1630995108087|-274.1630995108087|-274.1630995108087|-274.1630995108087|-274.1630995108087|-274.1630995108087|-274.1630995108087|-274.1630995108087|-274.1630995108087|-274.1630995108087|-274.1630995108087|-274.1630995108087|-274.1630995108087|-274.1630995108087|-274.1630995108087|-274.1630995108087|-274.1630995108087|-274.1630995108087|-274.1630995108087|-274.1630995108087|-274.1630995108087|-274.1630995108087|-274.1630995108087|-274.1630995108087|-274.1630995108087|-274.1630995108087|-274.1630995108087|-274.1630995108087|-274.1630995108087|-274.1630995108087|-274.1630995108087|-274.1630995108087|-274.1630995108087|-274.1630995108087|-274.1630995108087|-274.1630995108087|-274.1630995108087|-274.1630995108087|-274.1630995108087|-274.1630995108087|-274.1630995108087|-274.1630995108087|-274.1630995108087|-274.1630995108087|-274.1630995108087
generations_600,14,100,600,5,0.5,10,70,114,10114,60100,-260.02631454518956,-2.9053607798791847,-2.904892802048406,2.7467387539679886,-2.9031661544180816,-2.902483718210741,-2.9044371613635596,-2.903284168341695,-245.9518765055567,-2.4239254952861558,-2.2035733739100136,-2.7216831698818855,-2.7183747659969293,2.6782961962393266,-2.978628524104999,-2.465349014144129,-179.5285921604804|-179.5285921604804|-179.5285921604804|-182.66193419754694|-209.7900497393441|-209.7900497393441|-209.7900497393441|-210.1327216758603|-216.44149269253296|-220.58799058257364|-231.65195045825612|-231.65195045825612|-245.5511086002022|-247.8392537591996|-247.8392537591996|-249.31240413810318|-249.31240413810318|-251.33769982503844|-255.24291264144526|-255.24291264144526|-255.24291264144526|-255.24291264144526|-256.38436904340864|-257.73861150226406|-257.73861150226406|-257.73861150226406|-257.73861150226406|-257.73861150226406|-257.799985341864|-258.1729944569143|-258.1729944569143|-258.1729944569143|-258.7126258956705|-258.87675325738763|-258.87675325738763|-258.87675325738763|-258.87675325738763|-259.46233335198997|-259.46233335198997|-259.46233335198997|-259.46233335198997|-259.46233335198997|-259.46233335198997|-259.7259846721106|-259.7259846721106|-259.7259846721106|-259.73743384866134|-259.73743384866134|-259.73743384866134|-259.73743384866134|-259.79863117259987|-259.83708147291367|-259.83708147291367|-259.88874117800043|-259.88874117800043|-259.9284691813434|-259.9284691813434|-259.9318014079373|-259.93875684410773|-259.93875684410773|-259.93875684410773|-259.93875684410773|-259.94208907070157|-259.94208907070157|-259.94208907070157|-259.94208907070157|-259.94208907070157|-259.94208907070157|-259.98181707404456|-259.98181707404456|-259.98181707404456|-259.98181707404456|-259.98181707404456|-259.9986977693899|-259.9986977693899|-259.9986977693899|-259.9986977693899|-259.9986977693899|-259.9986977693899|-260.0007084853248|-260.0007084853248|-260.0007084853248|-260.0007084853248|-260.0007084853248|-260.0021539547795|-260.0021539547795|-260.0021539547795|-260.0021539547795|-260.0021539547795|-260.0021539547795|-260.0021539547795|-260.0021539547795|-260.0021539547795|-260.0021539547795|-260.0047360430617|-260.0047360430617|-260.0047360430617|-260.0047360430617|-260.0047360430617|-260.0047360430617|-260.0047360430617|-260.01417836048046|-260.01417836048046|-260.01507878120964|-260.01507878120964|-260.01507878120964|-260.01507878120964|-260.01507878120964|-260.01507878120964|-260.01507878120964|-260.01507878120964|-260.01507878120964|-260.02204504101564|-260.02204504101564|-260.02204504101564|-260.02204504101564|-260.02204504101564|-260.02204504101564|-260.02204504101564|-260.02204504101564|-260.02204504101564|-260.02204504101564|-260.0225566130369|-260.0225566130369|-260.0225566130369|-260.0225566130369|-260.0225566130369|-260.0225566130369|-260.0225566130369|-260.0225566130369|-260.0225566130369|-260.0225566130369|-260.0225566130369|-260.0225566130369|-260.0225566130369|-260.0225566130369|-260.0225566130369|-260.0225566130369|-260.0225566130369|-260.0225566130369|-260.0225566130369|-260.023573617851|-260.023573617851|-260.023573617851|-260.023573617851|-260.023573617851|-260.023573617851|-260.0236418504845|-260.0236418504845|-260.02444748231557|-260.02444748231557|-260.02444748231557|-260.02444748231557|-260.02444748231557|-260.02444748231557|-260.02444748231557|-260.02444748231557|-260.02444748231557|-260.02444748231557|-260.02444748231557|-260.02444748231557|-260.02444748231557|-260.02444748231557|-260.02444748231557|-260.02444748231557|-260.02444748231557|-260.02444748231557|-260.02444748231557|-260.02444748231557|-260.02444748231557|-260.02444748231557|-260.02444748231557|-260.02444748231557|-260.02444748231557|-260.02444748231557|-260.02444748231557|-260.02444748231557|-260.02444748231557|-260.02444748231557|-260.02444748231557|-260.02444748231557|-260.02444748231557|-260.02444748231557|-260.02444748231557|-260.02444748231557|-260.02444748231557|-260.02444748231557|-260.02444748231557|-260.02444748231557|-260.02444748231557|-260.02444748231557|-260.02444748231557|-260.02444748231557|-260.02444748231557|-260.02444748231557|-260.02444748231557|-260.02444748231557|-260.02444748231557|-260.02444748231557|-260.02444748231557|-260.02444748231557|-260.02444748231557|-260.02444748231557|-260.02444748231557|-260.02444748231557|-260.0246800056396|-260.0246800056396|-260.0246800056396|-260.0246800056396|-260.0246800056396|-260.0246800056396|-260.0246800056396|-260.0246800056396|-260.0246800056396|-260.0246800056396|-260.0246800056396|-260.0246800056396|-260.0246800056396|-260.0246800056396|-260.0246800056396|-260.0246800056396|-260.0246800056396|-260.0246800056396|-260.0246800056396|-260.0246800056396|-260.0246800056396|-260.0246800056396|-260.0246800056396|-260.0246800056396|-260.0246800056396|-260.0246800056396|-260.0246800056396|-260.0246800056396|-260.0246800056396|-260.0246800056396|-260.0246800056396|-260.0246800056396|-260.0246800056396|-260.0246800056396|-260.0246800056396|-260.0246800056396|-260.0246800056396|-260.0246800056396|-260.0246800056396|-260.02561747389524|-260.02561747389524|-260.02561747389524|-260.02561747389524|-260.02561747389524|-260.02561747389524|-260.02561747389524|-260.02561747389524|-260.02561747389524|-260.02561747389524|-260.02561747389524|-260.02561747389524|-260.02561747389524|-260.02561747389524|-260.02561747389524|-260.02561747389524|-260.02561747389524|-260.02561747389524|-260.0257416680204|-260.0257416680204|-260.0257416680204|-260.0257416680204|-260.0257416680204|-260.0257416680204|-260.0257416680204|-260.0257416680204|-260.0257416680204|-260.0257416680204|-260.0257416680204|-260.0257416680204|-260.0257416680204|-260.0257907148212|-260.0257907148212|-260.0257907148212|-260.0257907148212|-260.0257907148212|-260.0257907148212|-260.0257907148212|-260.0257907148212|-260.0257907148212|-260.0257907148212|-260.0257907148212|-260.0257907148212|-260.0257907148212|-260.0257907148212|-260.0257907148212|-260.0257907148212|-260.0257907148212|-260.0257907148212|-260.0257907148212|-260.0257907148212|-260.0257907148212|-260.0257907148212|-260.0257907148212|-260.0257907148212|-260.0257907148212|-260.0259404838337|-260.0259404838337|-260.0259404838337|-260.0259404838337|-260.0259404838337|-260.0259404838337|-260.0259404838337|-260.0259404838337|-260.0259404838337|-260.0259404838337|-260.0259404838337|-260.0259404838337|-260.0259404838337|-260.0259404838337|-260.0259404838337|-260.0259404838337|-260.0259404838337|-260.0259404838337|-260.0259404838337|-260.0259404838337|-260.0259404838337|-260.0259404838337|-260.0259404838337|-260.0259404838337|-260.0259404838337|-260.0259404838337|-260.0259404838337|-260.0259404838337|-260.0259404838337|-260.0259404838337|-260.0259404838337|-260.0259404838337|-260.0259404838337|-260.0259404838337|-260.0259404838337|-260.0259404838337|-260.0259404838337|-260.0259404838337|-260.0259404838337|-260.0259404838337|-260.0259404838337|-260.0259404838337|-260.0259404838337|-260.0259404838337|-260.0259404838337|-260.0259404838337|-260.0259404838337|-260.0259404838337|-260.0259404838337|-260.02594648589957|-260.02594648589957|-260.0260045126279|-260.0260045126279|-260.0260045126279|-260.0260045126279|-260.0260045126279|-260.0260045126279|-260.0260045126279|-260.0260045126279|-260.0260045126279|-260.0260204243663|-260.0260204243663|-260.0260204243663|-260.0260204243663|-260.0260204243663|-260.0260204243663|-260.0260204243663|-260.0260204243663|-260.0260204243663|-260.0260204243663|-260.0260204243663|-260.0260204243663|-260.0260204243663|-260.0260204243663|-260.0260204243663|-260.0260204243663|-260.0260204243663|-260.02604539338154|-260.02604539338154|-260.02604539338154|-260.02604539338154|-260.02604539338154|-260.02604539338154|-260.02604539338154|-260.02604539338154|-260.02604539338154|-260.02604539338154|-260.02604539338154|-260.02604539338154|-260.02604539338154|-260.02604539338154|-260.02617952223653|-260.02617952223653|-260.02617952223653|-260.02617952223653|-260.02617952223653|-260.02617952223653|-260.02617952223653|-260.02617952223653|-260.02617952223653|-260.02617952223653|-260.02617952223653|-260.02617952223653|-260.02617952223653|-260.02617952223653|-260.02617952223653|-260.02617952223653|-260.02617952223653|-260.02617952223653|-260.02617952223653|-260.02617952223653|-260.02617952223653|-260.02617952223653|-260.02617952223653|-260.02617952223653|-260.02617952223653|-260.02617952223653|-260.02617952223653|-260.02617952223653|-260.02617952223653|-260.02617952223653|-260.02617952223653|-260.02617952223653|-260.02617952223653|-260.02617952223653|-260.02617952223653|-260.02617952223653|-260.02617952223653|-260.02617952223653|-260.02617952223653|-260.02617952223653|-260.02617952223653|-260.02617952223653|-260.02617952223653|-260.02617952223653|-260.02617952223653|-260.02617952223653|-260.02617952223653|-260.02617952223653|-260.02617952223653|-260.02617952223653|-260.02617952223653|-260.02617952223653|-260.02617952223653|-260.02617952223653|-260.02617952223653|-260.02617952223653|-260.02617952223653|-260.02617952223653|-260.02617952223653|-260.02617952223653|-260.02617952223653|-260.02617952223653|-260.02617952223653|-260.02617952223653|-260.02617952223653|-260.02617952223653|-260.02617952223653|-260.02617952223653|-260.02617952223653|-260.02617952223653|-260.02617952223653|-260.02617952223653|-260.02617952223653|-260.02617952223653|-260.02617952223653|-260.02617952223653|-260.02617952223653|-260.02617952223653|-260.02617952223653|-260.02617952223653|-260.02617952223653|-260.02617952223653|-260.02617952223653|-260.02617952223653|-260.026307380296|-260.026307380296|-260.026307380296|-260.026307380296|-260.026307380296|-260.026307380296|-260.026307380296|-260.026307380296|-260.026307380296|-260.026307380296|-260.026307380296|-260.02631454518956|-260.02631454518956|-260.02631454518956|-260.02631454518956|-260.02631454518956|-260.02631454518956|-260.02631454518956|-260.02631454518956|-260.02631454518956|-260.02631454518956|-260.02631454518956|-260.02631454518956|-260.02631454518956|-260.02631454518956|-260.02631454518956|-260.02631454518956|-260.02631454518956|-260.02631454518956|-260.02631454518956|-260.02631454518956|-260.02631454518956|-260.02631454518956|-260.02631454518956|-260.02631454518956|-260.02631454518956|-260.02631454518956|-260.02631454518956|-260.02631454518956|-260.02631454518956|-260.02631454518956|-260.02631454518956|-260.02631454518956|-260.02631454518956|-260.02631454518956|-260.02631454518956|-260.02631454518956|-260.02631454518956|-260.02631454518956|-260.02631454518956|-260.02631454518956|-260.02631454518956|-260.02631454518956|-260.02631454518956|-260.02631454518956|-260.02631454518956|-260.02631454518956|-260.02631454518956|-260.02631454518956|-260.02631454518956|-260.02631454518956|-260.02631454518956|-260.02631454518956|-260.02631454518956|-260.02631454518956|-260.02631454518956|-260.02631454518956|-260.02631454518956|-260.02631454518956|-260.02631454518956|-260.02631454518956|-260.02631454518956|-260.02631454518956|-260.02631454518956|-260.02631454518956|-260.02631454518956|-260.02631454518956|-260.02631454518956|-260.02631454518956|-260.02631454518956|-260.02631454518956|-260.02631454518956|-260.02631454518956|-260.02631454518956|-260.02631454518956|-260.02631454518956|-260.02631454518956|-260.02631454518956|-260.02631454518956|-260.02631454518956|-260.02631454518956|-260.02631454518956|-260.02631454518956|-260.02631454518956|-260.02631454518956|-260.02631454518956|-260.02631454518956|-260.02631454518956|-260.02631454518956|-260.02631454518956|-260.02631454518956|-260.02631454518956|-260.02631454518956|-260.02631454518956|-260.02631454518956|-260.02631454518956|-260.02631454518956|-260.02631454518956|-260.02631454518956|-260.02631454518956|-260.02631454518956|-260.02631454518956|-260.02631454518956|-260.02631454518956|-260.02631454518956|-260.02631454518956|-260.02631454518956|-260.02631454518956|-260.02631454518956|-260.02631454518956|-260.02631454518956|-260.02631454518956|-260.02631454518956|-260.02631454518956|-260.02631454518956|-260.02631454518956
generations_600,15,100,600,5,0.5,10,70,115,10115,60100,-274.1630816520559,-2.9031531776073747,-2.902054915129464,-2.904757538681763,-2.902867784642181,-2.9036782548861293,-2.903155779683307,-2.9032343488341406,-241.67435533711705,-3.5664419777788456,-2.5246407850510213,-3.142126528817748,-3.275017421943595,-2.1525112261069257,-2.0345848354847984,-3.004762312439989,-175.1475876360307|-188.4076433887329|-188.4076433887329|-188.41628065908444|-195.1664163652693|-203.24874154829638|-214.96163004856294|-223.852278008509|-223.852278008509|-225.22148666524322|-234.41524417792795|-235.21046541284608|-238.3455508948119|-239.15743145115766|-254.6412359621877|-257.35325178345096|-257.35325178345096|-257.35325178345096|-264.2916671881477|-265.2380092390361|-267.051605238029|-267.051605238029|-268.06242261900536|-268.26269689784255|-270.61465171424356|-270.61465171424356|-270.61465171424356|-270.61465171424356|-272.07458949765896|-272.07458949765896|-272.2666610652677|-272.47873099628407|-272.47873099628407|-272.5675995036439|-272.5675995036439|-272.5675995036439|-273.3265131432223|-273.3265131432223|-273.3265131432223|-273.3265131432223|-273.3265131432223|-273.71421370221924|-273.71421370221924|-273.71421370221924|-273.731822772046|-273.731822772046|-273.731822772046|-273.731822772046|-273.731822772046|-273.89695858413245|-273.89695858413245|-273.9210989161814|-273.9210989161814|-274.0298918298586|-274.0298918298586|-274.0481732295367|-274.0481732295367|-274.07287781360696|-274.07287781360696|-274.07287781360696|-274.07287781360696|-274.08538318476644|-274.08538318476644|-274.08538318476644|-274.08538318476644|-274.08538318476644|-274.092615278495|-274.1121174318557|-274.1121174318557|-274.1121174318557|-274.1121174318557|-274.119114214057|-274.119114214057|-274.119114214057|-274.119114214057|-274.119114214057|-274.119114214057|-274.119114214057|-274.13616510586303|-274.13616510586303|-274.13616510586303|-274.13616510586303|-274.13616510586303|-274.13616510586303|-274.13616510586303|-274.13616510586303|-274.13616510586303|-274.13616510586303|-274.13616510586303|-274.13616510586303|-274.13616510586303|-274.13616510586303|-274.13616510586303|-274.13751517444194|-274.13751517444194|-274.13751517444194|-274.13751517444194|-274.13751517444194|-274.1379264748665|-274.1379264748665|-274.1379264748665|-274.1379264748665|-274.1379264748665|-274.1379264748665|-274.1444635726856|-274.1444635726856|-274.1444635726856|-274.1444635726856|-274.1444635726856|-274.1444635726856|-274.1444635726856|-274.1444635726856|-274.1444635726856|-274.1444635726856|-274.14622494168907|-274.14622494168907|-274.14622494168907|-274.14622494168907|-274.14622494168907|-274.14622494168907|-274.14622494168907|-274.1462394179926|-274.1462394179926|-274.1462394179926|-274.1462394179926|-274.1462394179926|-274.1462394179926|-274.1462394179926|-274.1462394179926|-274.1462394179926|-274.1462394179926|-274.1462394179926|-274.1462394179926|-274.1462394179926|-274.1462394179926|-274.1462394179926|-274.1462394179926|-274.1485148663744|-274.1485148663744|-274.1485148663744|-274.1485148663744|-274.1485148663744|-274.1485148663744|-274.1485148663744|-274.1485148663744|-274.1485148663744|-274.1485148663744|-274.1485148663744|-274.1485148663744|-274.1485148663744|-274.1485148663744|-274.1485148663744|-274.1485148663744|-274.1485148663744|-274.1485148663744|-274.1485148663744|-274.1485148663744|-274.1485148663744|-274.1485148663744|-274.1485148663744|-274.1515521820337|-274.1515521820337|-274.1515521820337|-274.1515521820337|-274.1515521820337|-274.1515521820337|-274.1515521820337|-274.1515521820337|-274.1515521820337|-274.1515521820337|-274.1515521820337|-274.1515521820337|-274.1515521820337|-274.1520304492438|-274.1520304492438|-274.1520304492438|-274.1520304492438|-274.1520304492438|-274.1520304492438|-274.1520304492438|-274.1520304492438|-274.1520304492438|-274.1520304492438|-274.1520304492438|-274.1551830598881|-274.1551830598881|-274.1551830598881|-274.1551830598881|-274.1551830598881|-274.1551830598881|-274.1551830598881|-274.1551830598881|-274.1551830598881|-274.1551830598881|-274.1551830598881|-274.1551830598881|-274.1551830598881|-274.1551830598881|-274.1551830598881|-274.1551830598881|-274.1551830598881|-274.1551830598881|-274.15893470788325|-274.15893470788325|-274.15893470788325|-274.15893470788325|-274.15893470788325|-274.15893470788325|-274.15893470788325|-274.15893470788325|-274.15893470788325|-274.15893470788325|-274.15893470788325|-274.15893470788325|-274.15893470788325|-274.15893470788325|-274.15893470788325|-274.15893470788325|-274.15893470788325|-274.15893470788325|-274.15893470788325|-274.15893470788325|-274.15893470788325|-274.15893470788325|-274.15893470788325|-274.15893470788325|-274.15893470788325|-274.15973929533953|-274.15973929533953|-274.15973929533953|-274.15973929533953|-274.15973929533953|-274.16031837283066|-274.16031837283066|-274.16031837283066|-274.16066510583255|-274.16066510583255|-274.16066510583255|-274.16066510583255|-274.1612441833237|-274.1612441833237|-274.162073089173|-274.162073089173|-274.162073089173|-274.162073089173|-274.162073089173|-274.162073089173|-274.162073089173|-274.162073089173|-274.162073089173|-274.162073089173|-274.162073089173|-274.162073089173|-274.162073089173|-274.162073089173|-274.162073089173|-274.162073089173|-274.162073089173|-274.162073089173|-274.16211456378727|-274.16211456378727|-274.16211456378727|-274.16211456378727|-274.16211456378727|-274.16211456378727|-274.16211456378727|-274.16211456378727|-274.16211456378727|-274.16211456378727|-274.16211456378727|-274.16211456378727|-274.16211456378727|-274.16211456378727|-274.16211456378727|-274.16234925874255|-274.16234925874255|-274.16234925874255|-274.16234925874255|-274.16234925874255|-274.16234925874255|-274.16234925874255|-274.16234925874255|-274.16234925874255|-274.1625552591808|-274.1625552591808|-274.1625552591808|-274.1625552591808|-274.1627899541361|-274.1627899541361|-274.1627899541361|-274.1627899541361|-274.1627899541361|-274.1627899541361|-274.1627899541361|-274.1627899541361|-274.1627899541361|-274.1627899541361|-274.1627899541361|-274.1627899541361|-274.1627899541361|-274.1627899541361|-274.1627899541361|-274.1627899541361|-274.1627899541361|-274.1627899541361|-274.1627899541361|-274.1627899541361|-274.1627899541361|-274.1627899541361|-274.1627899541361|-274.1627899541361|-274.1627899541361|-274.1627899541361|-274.1627899541361|-274.1627899541361|-274.1627899541361|-274.1627899541361|-274.1627899541361|-274.1627899541361|-274.1627899541361|-274.1627899541361|-274.1627899541361|-274.1627899541361|-274.1627899541361|-274.1627899541361|-274.1627899541361|-274.1627899541361|-274.1627899541361|-274.1627899541361|-274.1627899541361|-274.1627899541361|-274.1627899541361|-274.1627899541361|-274.1627899541361|-274.1627899541361|-274.1627899541361|-274.1627899541361|-274.1627899541361|-274.1627899541361|-274.1627899541361|-274.1627899541361|-274.1627899541361|-274.1627899541361|-274.1627899541361|-274.1627899541361|-274.1627899541361|-274.1627899541361|-274.1627899541361|-274.1627899541361|-274.1627899541361|-274.1627899541361|-274.1627899541361|-274.1627899541361|-274.1627899541361|-274.1627899541361|-274.1627899541361|-274.1627899541361|-274.1628815698523|-274.1628815698523|-274.1628815698523|-274.1628815698523|-274.1628815698523|-274.1628815698523|-274.1628815698523|-274.1628815698523|-274.1628815698523|-274.1629252798661|-274.1629252798661|-274.1629252798661|-274.1629417380645|-274.1629417380645|-274.1629417380645|-274.1629417380645|-274.1629417380645|-274.1629662369439|-274.1629662369439|-274.1629662369439|-274.1629662369439|-274.1629662369439|-274.1629662369439|-274.1629662369439|-274.1629662369439|-274.1629662369439|-274.1629662369439|-274.1629662369439|-274.1629662369439|-274.1629662369439|-274.1629662369439|-274.1629662369439|-274.1629662369439|-274.1629662369439|-274.1629662369439|-274.1629662369439|-274.1629662369439|-274.1629662369439|-274.1629662369439|-274.1629662369439|-274.1629662369439|-274.1629662369439|-274.1629662369439|-274.1629662369439|-274.1629662369439|-274.1629662369439|-274.1629662369439|-274.1629662369439|-274.1629662369439|-274.1629662369439|-274.1629662369439|-274.1629662369439|-274.1629662369439|-274.1629662369439|-274.1629662369439|-274.1629662369439|-274.1629662369439|-274.1629662369439|-274.1629662369439|-274.1629662369439|-274.1629662369439|-274.1629662369439|-274.1629662369439|-274.1629662369439|-274.1629662369439|-274.1629662369439|-274.1629662369439|-274.1629662369439|-274.1629662369439|-274.1629662369439|-274.1629662369439|-274.1629662369439|-274.1629662369439|-274.1629662369439|-274.1629662369439|-274.1629662369439|-274.1629662369439|-274.1629662369439|-274.1629662369439|-274.1629662369439|-274.1629662369439|-274.1629662369439|-274.1629662369439|-274.1629662369439|-274.1629662369439|-274.1629662369439|-274.1629662369439|-274.1629662369439|-274.1629662369439|-274.1629662369439|-274.1629662369439|-274.1629662369439|-274.1629662369439|-274.1629662369439|-274.1629662369439|-274.1629662369439|-274.1629662369439|-274.1629662369439|-274.1629662369439|-274.16300422210224|-274.16300422210224|-274.16300422210224|-274.16300422210224|-274.16300422210224|-274.16300422210224|-274.16300422210224|-274.16300422210224|-274.16300422210224|-274.16300422210224|-274.16300422210224|-274.16300422210224|-274.16300422210224|-274.16300422210224|-274.16302640368536|-274.16302640368536|-274.16302640368536|-274.16302640368536|-274.16302640368536|-274.16302640368536|-274.16302640368536|-274.16302640368536|-274.16302640368536|-274.16302640368536|-274.16302640368536|-274.16302640368536|-274.16302640368536|-274.16302640368536|-274.16302640368536|-274.16302640368536|-274.16302640368536|-274.16302640368536|-274.16302640368536|-274.16302640368536|-274.16302640368536|-274.16302640368536|-274.16302640368536|-274.16302640368536|-274.16302640368536|-274.16302640368536|-274.16302640368536|-274.16302640368536|-274.16302640368536|-274.16302640368536|-274.16302640368536|-274.16302640368536|-274.16302640368536|-274.16302640368536|-274.16302640368536|-274.16302640368536|-274.16302640368536|-274.16302640368536|-274.16302640368536|-274.16302640368536|-274.16302640368536|-274.16302640368536|-274.16302640368536|-274.16302640368536|-274.16302640368536|-274.16302640368536|-274.16302640368536|-274.16302640368536|-274.16302640368536|-274.16302640368536|-274.16302640368536|-274.16302640368536|-274.16302640368536|-274.16302640368536|-274.16302640368536|-274.16302640368536|-274.16302640368536|-274.16302640368536|-274.16302640368536|-274.16302640368536|-274.16302640368536|-274.16302640368536|-274.16302640368536|-274.16302640368536|-274.16302640368536|-274.16302640368536|-274.16302640368536|-274.16302640368536|-274.16302640368536|-274.16302640368536|-274.16302640368536|-274.16302640368536|-274.16302640368536|-274.16302640368536|-274.16302640368536|-274.16302640368536|-274.1630816520559|-274.1630816520559|-274.1630816520559|-274.1630816520559|-274.1630816520559|-274.1630816520559|-274.1630816520559|-274.1630816520559|-274.1630816520559|-274.1630816520559|-274.1630816520559|-274.1630816520559|-274.1630816520559|-274.1630816520559|-274.1630816520559|-274.1630816520559|-274.1630816520559|-274.1630816520559|-274.1630816520559|-274.1630816520559|-274.1630816520559|-274.1630816520559|-274.1630816520559|-274.1630816520559|-274.1630816520559|-274.1630816520559|-274.1630816520559|-274.1630816520559|-274.1630816520559|-274.1630816520559|-274.1630816520559|-274.1630816520559|-274.1630816520559|-274.1630816520559|-274.1630816520559|-274.1630816520559|-274.1630816520559|-274.1630816520559|-274.1630816520559|-274.1630816520559|-274.1630816520559|-274.1630816520559|-274.1630816520559|-274.1630816520559|-274.1630816520559|-274.1630816520559|-274.1630816520559|-274.1630816520559|-274.1630816520559|-274.1630816520559|-274.1630816520559|-274.1630816520559|-274.1630816520559|-274.1630816520559|-274.1630816520559
generations_600,16,100,600,5,0.5,10,70,116,10116,60100,-274.16287065339776,-2.9030719350056526,-2.90056251727854,-2.9058021402676637,-2.903751547423909,-2.9036922300021635,-2.902014330310242,-2.903941073630538,-235.5559587302933,-2.869093547895959,-2.9291389857800887,-2.8767203205261724,-2.650166786916457,1.9316563863706415,-3.243686786019373,2.6784385475079677,-197.08920064126744|-197.08920064126744|-197.08920064126744|-236.2020140516075|-236.2020140516075|-236.2020140516075|-236.2020140516075|-241.36582881331404|-241.36582881331404|-255.57493716243025|-259.9579201588932|-263.84437297839554|-263.84437297839554|-269.07687668765124|-269.07687668765124|-269.07687668765124|-269.07687668765124|-271.23613298516784|-271.23613298516784|-271.8915563853715|-271.8915563853715|-271.8915563853715|-272.14068399868745|-272.9248941404597|-272.9248941404597|-273.4378085706404|-273.4378085706404|-273.4378085706404|-273.7690761775948|-273.77149460914086|-273.77149460914086|-273.77149460914086|-273.77149460914086|-273.8231283334229|-273.8231283334229|-273.8916652076774|-273.94571736350554|-273.9608559649746|-273.9608559649746|-273.9608559649746|-273.9608559649746|-273.9608559649746|-273.96398934079593|-274.04366005717134|-274.04366005717134|-274.04366005717134|-274.11832648471346|-274.11832648471346|-274.11832648471346|-274.11832648471346|-274.11832648471346|-274.11832648471346|-274.11832648471346|-274.11832648471346|-274.11832648471346|-274.11832648471346|-274.11832648471346|-274.11832648471346|-274.11832648471346|-274.1292607040187|-274.1292607040187|-274.1292607040187|-274.1292607040187|-274.1292607040187|-274.1292607040187|-274.1292607040187|-274.1292607040187|-274.1292607040187|-274.13196317436973|-274.13196317436973|-274.13196317436973|-274.13418011372465|-274.13619213046576|-274.1422328670619|-274.1422328670619|-274.1422328670619|-274.1422328670619|-274.1422328670619|-274.1422328670619|-274.1422328670619|-274.1422328670619|-274.15262568468756|-274.15262568468756|-274.15262568468756|-274.15262568468756|-274.15262568468756|-274.15262568468756|-274.15262568468756|-274.15262568468756|-274.15262568468756|-274.15262568468756|-274.15262568468756|-274.15262568468756|-274.15262568468756|-274.15262568468756|-274.15262568468756|-274.15262568468756|-274.15262568468756|-274.15262568468756|-274.15262568468756|-274.15262568468756|-274.15262568468756|-274.1544035520462|-274.1544035520462|-274.1544035520462|-274.1544035520462|-274.1544035520462|-274.1544035520462|-274.1544035520462|-274.1544035520462|-274.1544035520462|-274.1544035520462|-274.1544035520462|-274.1544035520462|-274.1544035520462|-274.1544035520462|-274.1598884872136|-274.1598884872136|-274.1598884872136|-274.1598884872136|-274.1598884872136|-274.1598884872136|-274.1598884872136|-274.1598884872136|-274.1598884872136|-274.1598884872136|-274.1598884872136|-274.1598884872136|-274.1598884872136|-274.1598884872136|-274.1598884872136|-274.1598884872136|-274.1598884872136|-274.1598884872136|-274.1598884872136|-274.1598884872136|-274.1598884872136|-274.1598884872136|-274.1598884872136|-274.1598884872136|-274.1598884872136|-274.1598884872136|-274.1598884872136|-274.1598884872136|-274.1598884872136|-274.1598884872136|-274.1598884872136|-274.1598884872136|-274.1598884872136|-274.1598884872136|-274.1598884872136|-274.1598884872136|-274.1598884872136|-274.1598884872136|-274.1598884872136|-274.1598884872136|-274.1598884872136|-274.1598884872136|-274.1598884872136|-274.1598884872136|-274.1598884872136|-274.1598884872136|-274.1598884872136|-274.1598884872136|-274.1598884872136|-274.1598884872136|-274.1599034912431|-274.1599034912431|-274.1599034912431|-274.1599034912431|-274.1599034912431|-274.1599034912431|-274.1599034912431|-274.1599034912431|-274.1599034912431|-274.1599034912431|-274.1599034912431|-274.1599034912431|-274.1599034912431|-274.1599034912431|-274.1599034912431|-274.1599034912431|-274.1599034912431|-274.16042506061257|-274.16042506061257|-274.16042506061257|-274.16042506061257|-274.16042506061257|-274.16042506061257|-274.16042506061257|-274.16042506061257|-274.16042506061257|-274.16042506061257|-274.16042506061257|-274.16042506061257|-274.16042506061257|-274.16042506061257|-274.16042506061257|-274.16042506061257|-274.16042506061257|-274.16042506061257|-274.16042506061257|-274.16042506061257|-274.16042506061257|-274.16042506061257|-274.16042506061257|-274.16042506061257|-274.16042506061257|-274.16042506061257|-274.16042506061257|-274.16042506061257|-274.16042506061257|-274.16042506061257|-274.16042506061257|-274.16042506061257|-274.16042506061257|-274.16042506061257|-274.16042506061257|-274.16042506061257|-274.16042506061257|-274.16042506061257|-274.16042506061257|-274.16042506061257|-274.16042506061257|-274.16042506061257|-274.16042506061257|-274.16042506061257|-274.16042506061257|-274.16042506061257|-274.16042506061257|-274.16042506061257|-274.16042506061257|-274.16042506061257|-274.16042506061257|-274.16042506061257|-274.1613344715641|-274.1613344715641|-274.1613344715641|-274.1613344715641|-274.1613344715641|-274.1613344715641|-274.1613344715641|-274.1613344715641|-274.1613344715641|-274.1613344715641|-274.1613344715641|-274.1613344715641|-274.1613344715641|-274.1613344715641|-274.1613344715641|-274.1613344715641|-274.1613344715641|-274.1613344715641|-274.1613344715641|-274.1613344715641|-274.1613344715641|-274.1613344715641|-274.1613344715641|-274.1613344715641|-274.1613344715641|-274.1613344715641|-274.1613344715641|-274.1613344715641|-274.1613344715641|-274.1613344715641|-274.1613344715641|-274.16177298605396|-274.16177298605396|-274.16177298605396|-274.16177298605396|-274.16177298605396|-274.16181409774737|-274.16181409774737|-274.16225261223724|-274.16225261223724|-274.16225261223724|-274.16225261223724|-274.16225261223724|-274.16225261223724|-274.16225261223724|-274.16225261223724|-274.16225261223724|-274.16225261223724|-274.16225261223724|-274.16225261223724|-274.16225261223724|-274.16225261223724|-274.16225261223724|-274.16225261223724|-274.16225261223724|-274.16225261223724|-274.16225261223724|-274.16225261223724|-274.16225261223724|-274.16225261223724|-274.16225261223724|-274.16225261223724|-274.16225261223724|-274.16225261223724|-274.16225261223724|-274.16225261223724|-274.16225261223724|-274.16225261223724|-274.16225261223724|-274.16225261223724|-274.16225261223724|-274.1624445204192|-274.1624445204192|-274.1624445204192|-274.1624445204192|-274.1624445204192|-274.1624445204192|-274.1624445204192|-274.1624445204192|-274.1624445204192|-274.1624445204192|-274.1624445204192|-274.1624445204192|-274.1624445204192|-274.1624445204192|-274.1624445204192|-274.1624445204192|-274.1624445204192|-274.1624445204192|-274.1624445204192|-274.1624445204192|-274.1624445204192|-274.1624445204192|-274.16250101481626|-274.16250101481626|-274.16250101481626|-274.16250101481626|-274.16250101481626|-274.16250101481626|-274.16250101481626|-274.16250101481626|-274.16250101481626|-274.16250101481626|-274.16250101481626|-274.16250101481626|-274.16250101481626|-274.16250101481626|-274.16250101481626|-274.16250101481626|-274.1625172838508|-274.1625172838508|-274.1625172838508|-274.1625172838508|-274.1625172838508|-274.1625172838508|-274.1625172838508|-274.1625172838508|-274.1625172838508|-274.1625172838508|-274.1625172838508|-274.1625172838508|-274.1625172838508|-274.1625172838508|-274.1625172838508|-274.1625172838508|-274.1625172838508|-274.1625172838508|-274.1625172838508|-274.1625172838508|-274.1625172838508|-274.1625172838508|-274.1625172838508|-274.1625172838508|-274.1625172838508|-274.1625172838508|-274.1625172838508|-274.1625172838508|-274.1625172838508|-274.1625172838508|-274.1625172838508|-274.1625172838508|-274.1625172838508|-274.1625172838508|-274.1625172838508|-274.1625172838508|-274.16252338303605|-274.16252338303605|-274.16252338303605|-274.16252338303605|-274.16252338303605|-274.16252338303605|-274.16252338303605|-274.16252338303605|-274.16252338303605|-274.16252338303605|-274.16252338303605|-274.16252338303605|-274.16252338303605|-274.16252338303605|-274.16252338303605|-274.16252338303605|-274.16252338303605|-274.16252338303605|-274.16252338303605|-274.16252338303605|-274.16252338303605|-274.16252338303605|-274.16252338303605|-274.16252338303605|-274.16252338303605|-274.16252338303605|-274.16252338303605|-274.16252338303605|-274.16252338303605|-274.16252338303605|-274.16252338303605|-274.16252338303605|-274.16252338303605|-274.16252338303605|-274.16252338303605|-274.16252338303605|-274.16252338303605|-274.16252338303605|-274.16252338303605|-274.16252338303605|-274.16252338303605|-274.16252338303605|-274.16252338303605|-274.16252338303605|-274.16252338303605|-274.16252338303605|-274.16252338303605|-274.16252338303605|-274.16252338303605|-274.16252338303605|-274.16252338303605|-274.16252338303605|-274.16252338303605|-274.16252338303605|-274.16252338303605|-274.16252338303605|-274.16252338303605|-274.16252338303605|-274.16252338303605|-274.16252338303605|-274.16252338303605|-274.16252338303605|-274.16252338303605|-274.16252338303605|-274.16252338303605|-274.16252338303605|-274.16266631469784|-274.16266631469784|-274.16266631469784|-274.16266631469784|-274.16266631469784|-274.16266631469784|-274.16266631469784|-274.16266631469784|-274.16266631469784|-274.16266631469784|-274.16266631469784|-274.16266631469784|-274.16266631469784|-274.16266631469784|-274.16266631469784|-274.16266631469784|-274.16266631469784|-274.16266631469784|-274.16266631469784|-274.16266631469784|-274.16266631469784|-274.16266631469784|-274.16266631469784|-274.16266631469784|-274.16266631469784|-274.16266631469784|-274.16266631469784|-274.16266631469784|-274.16266631469784|-274.16266631469784|-274.16266631469784|-274.16266631469784|-274.16266631469784|-274.16266631469784|-274.16266631469784|-274.16266631469784|-274.16266631469784|-274.16266631469784|-274.16266631469784|-274.16266631469784|-274.16266631469784|-274.16266631469784|-274.16266631469784|-274.16266631469784|-274.16266631469784|-274.16266631469784|-274.16266631469784|-274.16266631469784|-274.16266631469784|-274.16287065339776|-274.16287065339776|-274.16287065339776|-274.16287065339776|-274.16287065339776|-274.16287065339776|-274.16287065339776|-274.16287065339776|-274.16287065339776|-274.16287065339776|-274.16287065339776|-274.16287065339776|-274.16287065339776|-274.16287065339776|-274.16287065339776|-274.16287065339776|-274.16287065339776|-274.16287065339776|-274.16287065339776|-274.16287065339776|-274.16287065339776|-274.16287065339776|-274.16287065339776|-274.16287065339776|-274.16287065339776|-274.16287065339776|-274.16287065339776|-274.16287065339776|-274.16287065339776|-274.16287065339776|-274.16287065339776|-274.16287065339776|-274.16287065339776|-274.16287065339776|-274.16287065339776|-274.16287065339776|-274.16287065339776|-274.16287065339776|-274.16287065339776|-274.16287065339776|-274.16287065339776|-274.16287065339776|-274.16287065339776|-274.16287065339776|-274.16287065339776|-274.16287065339776|-274.16287065339776|-274.16287065339776|-274.16287065339776|-274.16287065339776|-274.16287065339776|-274.16287065339776|-274.16287065339776|-274.16287065339776|-274.16287065339776|-274.16287065339776|-274.16287065339776|-274.16287065339776|-274.16287065339776|-274.16287065339776|-274.16287065339776|-274.16287065339776|-274.16287065339776|-274.16287065339776|-274.16287065339776|-274.16287065339776|-274.16287065339776|-274.16287065339776|-274.16287065339776|-274.16287065339776|-274.16287065339776|-274.16287065339776|-274.16287065339776|-274.16287065339776|-274.16287065339776|-274.16287065339776|-274.16287065339776|-274.16287065339776|-274.16287065339776|-274.16287065339776|-274.16287065339776|-274.16287065339776|-274.16287065339776|-274.16287065339776|-274.16287065339776|-274.16287065339776|-274.16287065339776|-274.16287065339776|-274.16287065339776|-274.16287065339776|-274.16287065339776|-274.16287065339776|-274.16287065339776|-274.16287065339776|-274.16287065339776|-274.16287065339776|-274.16287065339776|-274.16287065339776|-274.16287065339776|-274.16287065339776|-274.16287065339776|-274.16287065339776|-274.16287065339776|-274.16287065339776|-274.16287065339776|-274.16287065339776
generations_600,17,100,600,5,0.5,10,70,117,10117,60100,-260.0257012464744,-2.903308264034928,-2.9022672577970794,-2.9028068085018117,-2.9042068625686652,-2.897538224542744,-2.9044826212533428,2.7487945823542885,-236.42835638028427,-3.1025292405040017,-2.671570470966592,2.2204883552699437,-2.4397780267212967,2.8341867529175886,-3.1593198156136335,-2.9666901106257537,-177.24859898109594|-177.24859898109594|-190.65976101132935|-190.65976101132935|-231.61048356280853|-231.61048356280853|-235.37620586461372|-241.73792949023712|-241.73792949023712|-241.73792949023712|-243.74299432210663|-244.15717421921244|-244.15717421921244|-246.33572269884505|-249.46377102522123|-255.068336013448|-255.69999222096286|-256.15753971199445|-256.15753971199445|-256.15753971199445|-256.2426748675699|-257.8760423944648|-257.8760423944648|-258.4187250410718|-258.4187250410718|-258.4187250410718|-258.4187250410718|-258.4187250410718|-258.8276241983483|-258.8276241983483|-258.9186419494229|-259.21754003182104|-259.21754003182104|-259.21754003182104|-259.5614633446726|-259.5614633446726|-259.5614633446726|-259.5614633446726|-259.5614633446726|-259.5614633446726|-259.5614633446726|-259.68338807020433|-259.68338807020433|-259.68338807020433|-259.68338807020433|-259.68338807020433|-259.8315054299969|-259.8315054299969|-259.8315054299969|-259.8583927391327|-259.8583927391327|-259.8633425703289|-259.8633425703289|-259.8633425703289|-259.8633425703289|-259.89020022709474|-259.9043957318198|-259.9043957318198|-259.9043957318198|-259.9043957318198|-259.9043957318198|-259.9043957318198|-259.9043957318198|-259.9043957318198|-259.9043957318198|-259.9043957318198|-259.9043957318198|-259.9043957318198|-259.93112894269063|-259.93112894269063|-259.93112894269063|-259.9338968651131|-259.9338968651131|-259.94027502687845|-259.94027502687845|-259.94027502687845|-259.9535667598569|-259.9535667598569|-259.9697761601718|-259.9697761601718|-259.9697761601718|-259.9697761601718|-259.9697761601718|-259.9697761601718|-259.9894460549156|-259.9894460549156|-259.9894460549156|-259.9894460549156|-259.9894460549156|-259.9894460549156|-259.9894460549156|-259.9894460549156|-259.9894460549156|-259.9894460549156|-259.9894460549156|-259.9894460549156|-259.9894460549156|-259.9894460549156|-259.9894460549156|-259.9894460549156|-259.9894460549156|-259.9894460549156|-259.9894460549156|-259.9894460549156|-259.9894460549156|-259.9894460549156|-259.9894460549156|-259.9894460549156|-259.9894460549156|-259.996319912187|-259.996319912187|-259.99918018714044|-259.99918018714044|-259.99918018714044|-259.99918018714044|-259.99918018714044|-260.0060540444118|-260.0060540444118|-260.0060540444118|-260.0060540444118|-260.0060540444118|-260.0060540444118|-260.0060540444118|-260.0060540444118|-260.0060540444118|-260.0060540444118|-260.0117118338695|-260.0117118338695|-260.0117118338695|-260.0117118338695|-260.0117118338695|-260.0117118338695|-260.0117118338695|-260.0117118338695|-260.0117118338695|-260.0147407484948|-260.0147407484948|-260.0147407484948|-260.0147407484948|-260.0147407484948|-260.0147407484948|-260.01860875981436|-260.01860875981436|-260.01860875981436|-260.01860875981436|-260.01860875981436|-260.01860875981436|-260.01860875981436|-260.01860875981436|-260.01860875981436|-260.01860875981436|-260.01860875981436|-260.01860875981436|-260.01860875981436|-260.01860875981436|-260.0198861008903|-260.0198861008903|-260.0198861008903|-260.0198861008903|-260.02000339919726|-260.02000339919726|-260.02000339919726|-260.02000339919726|-260.02000339919726|-260.02000339919726|-260.02000339919726|-260.02000339919726|-260.02000339919726|-260.02000339919726|-260.02000339919726|-260.02000339919726|-260.02000339919726|-260.02000339919726|-260.02000339919726|-260.02000339919726|-260.02000339919726|-260.02000339919726|-260.0201795790693|-260.0201795790693|-260.0201795790693|-260.0201795790693|-260.0201795790693|-260.0201795790693|-260.0201795790693|-260.0201795790693|-260.0201795790693|-260.0201795790693|-260.0201795790693|-260.0201795790693|-260.0219272745673|-260.0219272745673|-260.0222782099226|-260.0222782099226|-260.0222782099226|-260.0222782099226|-260.0222782099226|-260.0231645980671|-260.0231645980671|-260.0231645980671|-260.0231645980671|-260.0231645980671|-260.0231645980671|-260.0231645980671|-260.0231645980671|-260.0231645980671|-260.0231645980671|-260.02348609955584|-260.02348609955584|-260.02348609955584|-260.02348609955584|-260.02348609955584|-260.02348609955584|-260.02348609955584|-260.02348609955584|-260.02348609955584|-260.02348609955584|-260.02348609955584|-260.02348609955584|-260.02348609955584|-260.02348609955584|-260.02348609955584|-260.02348609955584|-260.0234998912587|-260.0234998912587|-260.0234998912587|-260.0234998912587|-260.0234998912587|-260.0234998912587|-260.0234998912587|-260.0234998912587|-260.0234998912587|-260.0234998912587|-260.0234998912587|-260.0234998912587|-260.0234998912587|-260.0234998912587|-260.0234998912587|-260.0234998912587|-260.0234998912587|-260.0234998912587|-260.0234998912587|-260.0234998912587|-260.0234998912587|-260.0234998912587|-260.0234998912587|-260.0234998912587|-260.0236851627921|-260.0236851627921|-260.0236851627921|-260.0236851627921|-260.023838293852|-260.023838293852|-260.02464772656435|-260.02464772656435|-260.02464772656435|-260.0249861291577|-260.0249861291577|-260.0249861291577|-260.0249861291577|-260.0249861291577|-260.0251714006911|-260.0251714006911|-260.0251714006911|-260.0251714006911|-260.0251714006911|-260.0251714006911|-260.0251714006911|-260.0251714006911|-260.0251714006911|-260.0251714006911|-260.0251714006911|-260.0251714006911|-260.0251714006911|-260.0251714006911|-260.0251714006911|-260.0251714006911|-260.0251714006911|-260.0253543714959|-260.0253543714959|-260.0253543714959|-260.0253543714959|-260.0253543714959|-260.0253543714959|-260.0253543714959|-260.0253543714959|-260.0253543714959|-260.0253543714959|-260.0253543714959|-260.0253543714959|-260.0253543714959|-260.0253543714959|-260.0253543714959|-260.0253543714959|-260.0253543714959|-260.0253543714959|-260.0253543714959|-260.0253543714959|-260.0253543714959|-260.0253543714959|-260.0253543714959|-260.0253543714959|-260.0253543714959|-260.0253543714959|-260.0253543714959|-260.0253543714959|-260.0253543714959|-260.0253543714959|-260.0253543714959|-260.0253543714959|-260.0253543714959|-260.0253543714959|-260.0253543714959|-260.0253543714959|-260.0253543714959|-260.0253543714959|-260.0253543714959|-260.0253543714959|-260.0253543714959|-260.0253543714959|-260.0253543714959|-260.0253543714959|-260.0253543714959|-260.0253543714959|-260.0253543714959|-260.0253543714959|-260.0253543714959|-260.0253543714959|-260.0253543714959|-260.0253543714959|-260.0253543714959|-260.0253543714959|-260.0253543714959|-260.0253543714959|-260.0253543714959|-260.0253543714959|-260.0253543714959|-260.0253543714959|-260.0253543714959|-260.0253543714959|-260.0253543714959|-260.0253543714959|-260.0253543714959|-260.0253543714959|-260.0253543714959|-260.0253543714959|-260.0253543714959|-260.0253543714959|-260.0253543714959|-260.0253543714959|-260.0253543714959|-260.0253543714959|-260.0253543714959|-260.0253543714959|-260.0253543714959|-260.0253543714959|-260.0253543714959|-260.0253543714959|-260.0253543714959|-260.0253543714959|-260.0253543714959|-260.0253543714959|-260.0253543714959|-260.0253543714959|-260.0253543714959|-260.0253543714959|-260.0253543714959|-260.0253543714959|-260.0253543714959|-260.0253543714959|-260.0253543714959|-260.0253543714959|-260.0253543714959|-260.02544053405626|-260.02544053405626|-260.02544053405626|-260.02544053405626|-260.02544053405626|-260.02544053405626|-260.02544053405626|-260.02544053405626|-260.02544053405626|-260.02544053405626|-260.02544053405626|-260.02544053405626|-260.02544053405626|-260.02544053405626|-260.02544053405626|-260.02544053405626|-260.02544053405626|-260.02544053405626|-260.02544053405626|-260.02544053405626|-260.02544053405626|-260.0255927261673|-260.0255927261673|-260.0255927261673|-260.0255927261673|-260.0255927261673|-260.0255927261673|-260.0255927261673|-260.0255927261673|-260.0255927261673|-260.0255927261673|-260.0255927261673|-260.0255927261673|-260.0255927261673|-260.0255927261673|-260.0255927261673|-260.0255927261673|-260.0255927261673|-260.0255927261673|-260.0255927261673|-260.0255927261673|-260.0255927261673|-260.0255927261673|-260.0255927261673|-260.0255927261673|-260.0255927261673|-260.0255927261673|-260.0255927261673|-260.0255927261673|-260.0255927261673|-260.0255927261673|-260.0255927261673|-260.0255927261673|-260.0255927261673|-260.0255927261673|-260.0255927261673|-260.0255927261673|-260.0255927261673|-260.0255927261673|-260.0255927261673|-260.0255927261673|-260.0255927261673|-260.0255927261673|-260.0255927261673|-260.0255927261673|-260.0255927261673|-260.0255927261673|-260.0255927261673|-260.0255927261673|-260.0255927261673|-260.0255927261673|-260.0255927261673|-260.0255927261673|-260.0255927261673|-260.0255927261673|-260.0255927261673|-260.0255927261673|-260.0255927261673|-260.0255927261673|-260.0255927261673|-260.0255927261673|-260.0255927261673|-260.0255927261673|-260.0255927261673|-260.0255927261673|-260.0255927261673|-260.0255927261673|-260.0255927261673|-260.0255927261673|-260.0255927261673|-260.0255927261673|-260.0255927261673|-260.0255927261673|-260.0255927261673|-260.0255927261673|-260.0255927261673|-260.0255927261673|-260.0255927261673|-260.0255927261673|-260.0255927261673|-260.0255927261673|-260.0255927261673|-260.0255927261673|-260.0255927261673|-260.0255927261673|-260.0255927261673|-260.0255927261673|-260.0255927261673|-260.0255927261673|-260.0255927261673|-260.0255927261673|-260.0255927261673|-260.0255927261673|-260.0255927261673|-260.0255927261673|-260.0255927261673|-260.0255927261673|-260.0255927261673|-260.0255927261673|-260.0255927261673|-260.0255927261673|-260.0255927261673|-260.0255927261673|-260.0255927261673|-260.0255927261673|-260.0255927261673|-260.0255927261673|-260.0255927261673|-260.0255927261673|-260.0255927261673|-260.0255927261673|-260.02566385101954|-260.02566385101954|-260.02566385101954|-260.02566385101954|-260.02566385101954|-260.02566385101954|-260.02566385101954|-260.02566385101954|-260.02566385101954|-260.02566385101954|-260.02566385101954|-260.02566385101954|-260.02566385101954|-260.02566385101954|-260.02566385101954|-260.02566385101954|-260.02566385101954|-260.02566385101954|-260.02566385101954|-260.02566385101954|-260.02566385101954|-260.02566385101954|-260.02566385101954|-260.02566385101954|-260.02566385101954|-260.02566385101954|-260.02566385101954|-260.02566385101954|-260.02566385101954|-260.02566385101954|-260.02566385101954|-260.0256666897716|-260.0256666897716|-260.0256666897716|-260.0256666897716|-260.0256666897716|-260.0256666897716|-260.0256666897716|-260.0256666897716|-260.0256666897716|-260.0256666897716|-260.0256666897716|-260.0256666897716|-260.0256666897716|-260.0256666897716|-260.0256666897716|-260.0256666897716|-260.0256666897716|-260.0256666897716|-260.0256666897716|-260.0256666897716|-260.0256666897716|-260.0256666897716|-260.0256666897716|-260.0256666897716|-260.0256666897716|-260.0256666897716|-260.0256666897716|-260.0256666897716|-260.0256666897716|-260.0256666897716|-260.0256666897716|-260.0256666897716|-260.0256666897716|-260.0256666897716|-260.0257012464744|-260.0257012464744|-260.0257012464744|-260.0257012464744|-260.0257012464744|-260.0257012464744|-260.0257012464744|-260.0257012464744|-260.0257012464744|-260.0257012464744|-260.0257012464744|-260.0257012464744|-260.0257012464744|-260.0257012464744|-260.0257012464744|-260.0257012464744|-260.0257012464744|-260.0257012464744|-260.0257012464744|-260.0257012464744|-260.0257012464744|-260.0257012464744|-260.0257012464744|-260.0257012464744|-260.0257012464744|-260.0257012464744|-260.0257012464744|-260.0257012464744|-260.0257012464744|-260.0257012464744|-260.0257012464744|-260.0257012464744|-260.0257012464744
generations_600,18,100,600,5,0.5,10,70,118,10118,60100,-274.16312017640485,-2.904533934619963,-2.9032926109338475,-2.903027816501086,-2.903461275341863,-2.9045096471371448,-2.9036678057976864,-2.9036280731337847,-236.46323752881253,-1.7259147277115505,2.981593113363946,-3.0449036810722516,-3.083201554547631,-2.2381977368359705,-2.820038990655951,-2.8218480246707256,-182.38327608215334|-182.38327608215334|-182.38327608215334|-182.38327608215334|-211.35442691003252|-211.35442691003252|-213.3247463833026|-231.76775192673625|-231.76775192673625|-231.76775192673625|-236.48177891923677|-246.40671031727325|-246.40671031727325|-246.40671031727325|-246.40671031727325|-249.4855186963034|-253.1181395935178|-258.1270408723344|-258.1270408723344|-261.4816162661226|-261.4816162661226|-263.0957732165639|-263.0957732165639|-263.2131673733646|-265.7817146324826|-265.7817146324826|-269.89124242503124|-270.3707899424237|-270.3707899424237|-270.3707899424237|-270.4883897903552|-271.15456386092256|-271.15456386092256|-271.15456386092256|-271.5434539912622|-271.5434539912622|-272.21208141264367|-272.70683415191246|-272.7213131762181|-272.7213131762181|-272.7213131762181|-273.0284573554092|-273.0284573554092|-273.0284573554092|-273.0284573554092|-273.0284573554092|-273.0284573554092|-273.7101525209305|-273.7101525209305|-273.7101525209305|-273.7596820356976|-273.7596820356976|-273.7741610600032|-273.7741610600032|-273.7741610600032|-273.7881175551|-273.8294747441074|-273.96235079286714|-273.96235079286714|-273.96235079286714|-273.96235079286714|-274.00163398986143|-274.00163398986143|-274.00163398986143|-274.00163398986143|-274.0084204306423|-274.0084204306423|-274.0084204306423|-274.0300695092638|-274.0300695092638|-274.0300695092638|-274.0477036276365|-274.0477036276365|-274.0477036276365|-274.0477036276365|-274.0477036276365|-274.0477036276365|-274.0477036276365|-274.0477036276365|-274.0477036276365|-274.0477036276365|-274.0477036276365|-274.0477036276365|-274.0849690648173|-274.0849690648173|-274.0849690648173|-274.0849690648173|-274.0849690648173|-274.0849690648173|-274.0849690648173|-274.0849690648173|-274.0849690648173|-274.10534486723145|-274.10534486723145|-274.10534486723145|-274.10534486723145|-274.10534486723145|-274.1073206026981|-274.127134924278|-274.127134924278|-274.127134924278|-274.127134924278|-274.127134924278|-274.127134924278|-274.13977444594695|-274.13977444594695|-274.13977444594695|-274.13977444594695|-274.13977444594695|-274.13977444594695|-274.13977444594695|-274.1417501814136|-274.1417501814136|-274.1417501814136|-274.1417501814136|-274.1417501814136|-274.1417501814136|-274.1430126473854|-274.1446872822461|-274.1446872822461|-274.1466386377423|-274.1466386377423|-274.1466386377423|-274.14666301771274|-274.14666301771274|-274.14666301771274|-274.14666301771274|-274.14666301771274|-274.14861437320894|-274.1488913515029|-274.1488913515029|-274.1488913515029|-274.1488913515029|-274.1488913515029|-274.1488913515029|-274.15084270699913|-274.15084270699913|-274.15084270699913|-274.15084270699913|-274.15084270699913|-274.1565345003573|-274.1565345003573|-274.1579158240066|-274.15989155947324|-274.15989155947324|-274.15989155947324|-274.15989155947324|-274.15989155947324|-274.15989155947324|-274.15989155947324|-274.15996911472354|-274.15996911472354|-274.15996911472354|-274.15996911472354|-274.15996911472354|-274.15996911472354|-274.15996911472354|-274.15996911472354|-274.15996911472354|-274.15996911472354|-274.15996911472354|-274.15996911472354|-274.15996911472354|-274.15996911472354|-274.15996911472354|-274.15996911472354|-274.15996911472354|-274.15996911472354|-274.15996911472354|-274.15996911472354|-274.15996911472354|-274.15996911472354|-274.15996911472354|-274.15996911472354|-274.15996911472354|-274.15996911472354|-274.15996911472354|-274.15996911472354|-274.16061926132664|-274.16061926132664|-274.16061926132664|-274.16061926132664|-274.16061926132664|-274.16061926132664|-274.16074146709536|-274.16074146709536|-274.16074146709536|-274.16074146709536|-274.16074146709536|-274.16074146709536|-274.16074146709536|-274.16074473722745|-274.16074473722745|-274.16074473722745|-274.16074473722745|-274.16074473722745|-274.1607561102585|-274.1607561102585|-274.1607561102585|-274.1607561102585|-274.1607561102585|-274.1607561102585|-274.1607561102585|-274.1607593803906|-274.1607593803906|-274.1607593803906|-274.1607593803906|-274.1607593803906|-274.1607593803906|-274.1607593803906|-274.1607593803906|-274.1608121948941|-274.1608121948941|-274.1608121948941|-274.1608121948941|-274.1608121948941|-274.1608121948941|-274.1608121948941|-274.16097887356455|-274.16097887356455|-274.16137130233227|-274.16137130233227|-274.16165691026606|-274.16165691026606|-274.16165691026606|-274.16165691026606|-274.16165691026606|-274.16165691026606|-274.16165691026606|-274.16165691026606|-274.16165691026606|-274.16165691026606|-274.16165691026606|-274.16165691026606|-274.16165691026606|-274.16165691026606|-274.16165691026606|-274.16165691026606|-274.16165691026606|-274.16165691026606|-274.16165691026606|-274.16165691026606|-274.16165691026606|-274.16165691026606|-274.16165691026606|-274.16165691026606|-274.16165691026606|-274.16165691026606|-274.16165691026606|-274.16165691026606|-274.16165691026606|-274.16165691026606|-274.16165691026606|-274.16165691026606|-274.16165691026606|-274.16165691026606|-274.16165691026606|-274.16165691026606|-274.16165691026606|-274.16165691026606|-274.16165691026606|-274.16165691026606|-274.16165691026606|-274.16165691026606|-274.16165691026606|-274.16165691026606|-274.16165691026606|-274.16165691026606|-274.16165691026606|-274.16165691026606|-274.16165691026606|-274.16165691026606|-274.16165691026606|-274.16165691026606|-274.16165691026606|-274.16165691026606|-274.16165691026606|-274.16165691026606|-274.16165691026606|-274.16165691026606|-274.16165691026606|-274.16165691026606|-274.16165691026606|-274.16165691026606|-274.16165691026606|-274.16165691026606|-274.16165691026606|-274.16165691026606|-274.16165691026606|-274.16165691026606|-274.16165691026606|-274.16165691026606|-274.16165691026606|-274.16165691026606|-274.16165691026606|-274.16165691026606|-274.16165691026606|-274.16165691026606|-274.16165691026606|-274.16165691026606|-274.16165691026606|-274.16165691026606|-274.16165691026606|-274.16165691026606|-274.16224666345204|-274.16224666345204|-274.16224666345204|-274.16224666345204|-274.16224666345204|-274.16224666345204|-274.16224666345204|-274.16224666345204|-274.16224666345204|-274.16224666345204|-274.16224666345204|-274.16224666345204|-274.16224666345204|-274.16224666345204|-274.16224666345204|-274.16224666345204|-274.16224666345204|-274.16224666345204|-274.16224666345204|-274.16224666345204|-274.16224666345204|-274.16224666345204|-274.16224666345204|-274.16224666345204|-274.16224666345204|-274.16224666345204|-274.16224666345204|-274.16224666345204|-274.16224666345204|-274.16224666345204|-274.16224666345204|-274.16224666345204|-274.16224666345204|-274.16224666345204|-274.16224666345204|-274.16224666345204|-274.16224666345204|-274.16224666345204|-274.16224666345204|-274.16224666345204|-274.16224666345204|-274.16250956172945|-274.16250956172945|-274.16250956172945|-274.16250956172945|-274.16250956172945|-274.16250956172945|-274.16250956172945|-274.16250956172945|-274.16250956172945|-274.16250956172945|-274.16250956172945|-274.16250956172945|-274.16250956172945|-274.16250956172945|-274.16250956172945|-274.16250956172945|-274.16250956172945|-274.16250956172945|-274.16285695374404|-274.16285695374404|-274.16285695374404|-274.16285695374404|-274.16285695374404|-274.16285695374404|-274.16285695374404|-274.16285695374404|-274.16285695374404|-274.16285695374404|-274.16285695374404|-274.16285695374404|-274.16285695374404|-274.16285695374404|-274.16285695374404|-274.16285695374404|-274.16285695374404|-274.16285695374404|-274.16285695374404|-274.16285695374404|-274.16285695374404|-274.16285695374404|-274.16285695374404|-274.16285695374404|-274.16285695374404|-274.16285695374404|-274.16285695374404|-274.16285695374404|-274.16285695374404|-274.16285695374404|-274.16285695374404|-274.16285695374404|-274.16285695374404|-274.16285695374404|-274.16285695374404|-274.16285695374404|-274.16285695374404|-274.16285695374404|-274.16285695374404|-274.16285695374404|-274.16285695374404|-274.16285695374404|-274.16285695374404|-274.16285695374404|-274.16285695374404|-274.16285695374404|-274.16285695374404|-274.16285695374404|-274.16285695374404|-274.16285695374404|-274.16285695374404|-274.16285695374404|-274.16285695374404|-274.16285695374404|-274.16285695374404|-274.16285695374404|-274.16285695374404|-274.16285695374404|-274.16285695374404|-274.1629751105761|-274.1629751105761|-274.1629751105761|-274.1629751105761|-274.1629751105761|-274.1629751105761|-274.1629751105761|-274.1629751105761|-274.1629762070775|-274.1629762070775|-274.1629762070775|-274.1629762070775|-274.1629762070775|-274.1629762070775|-274.1629762070775|-274.1629762070775|-274.1629762070775|-274.1629762070775|-274.1629762070775|-274.1629762070775|-274.1629762070775|-274.1629762070775|-274.1629762070775|-274.1629762070775|-274.1629762070775|-274.1629762070775|-274.1629762070775|-274.1629762070775|-274.1629762070775|-274.1629762070775|-274.1629762070775|-274.1629762070775|-274.1629762070775|-274.1629762070775|-274.1629762070775|-274.1629762070775|-274.1629762070775|-274.1629762070775|-274.1629762070775|-274.1629762070775|-274.1629762070775|-274.1629762070775|-274.1629762070775|-274.1629762070775|-274.1629762070775|-274.1629762070775|-274.1629762070775|-274.1629762070775|-274.1629762070775|-274.1629762070775|-274.1629762070775|-274.1629762070775|-274.1629762070775|-274.1629762070775|-274.1629762070775|-274.1629762070775|-274.1629762070775|-274.1629762070775|-274.1629762070775|-274.1629762070775|-274.1629762070775|-274.1629762070775|-274.1629762070775|-274.1629762070775|-274.1629762070775|-274.1629762070775|-274.1629762070775|-274.1629762070775|-274.1629762070775|-274.1629762070775|-274.1629762070775|-274.1629762070775|-274.1629762070775|-274.1629762070775|-274.1629762070775|-274.1629762070775|-274.1629762070775|-274.1629762070775|-274.1629762070775|-274.1629762070775|-274.1629762070775|-274.1629762070775|-274.1629762070775|-274.1629762070775|-274.1629762070775|-274.1629762070775|-274.1629762070775|-274.1629762070775|-274.1629762070775|-274.1629762070775|-274.1629762070775|-274.1629762070775|-274.1629762070775|-274.1629762070775|-274.1629762070775|-274.1629762070775|-274.1629762070775|-274.1629762070775|-274.1629762070775|-274.1629762070775|-274.1629762070775|-274.1629762070775|-274.1629762070775|-274.1629762070775|-274.1630667484903|-274.1630667484903|-274.1630667484903|-274.1630667484903|-274.1630667484903|-274.1630667484903|-274.16307193577046|-274.16307193577046|-274.16307193577046|-274.16307193577046|-274.16307193577046|-274.16307193577046|-274.16307193577046|-274.16307193577046|-274.16307193577046|-274.16307193577046|-274.16307193577046|-274.16307193577046|-274.16307193577046|-274.16307193577046|-274.16307193577046|-274.16308099138064|-274.16308099138064|-274.16308099138064|-274.16308099138064|-274.16308099138064|-274.16308099138064|-274.16308099138064|-274.16308099138064|-274.16308099138064|-274.16308099138064|-274.16308099138064|-274.16308099138064|-274.16308099138064|-274.16308099138064|-274.16308099138064|-274.16312017640485|-274.16312017640485|-274.16312017640485|-274.16312017640485|-274.16312017640485|-274.16312017640485|-274.16312017640485|-274.16312017640485|-274.16312017640485|-274.16312017640485|-274.16312017640485|-274.16312017640485|-274.16312017640485|-274.16312017640485|-274.16312017640485|-274.16312017640485|-274.16312017640485|-274.16312017640485|-274.16312017640485|-274.16312017640485|-274.16312017640485|-274.16312017640485|-274.16312017640485|-274.16312017640485|-274.16312017640485|-274.16312017640485|-274.16312017640485|-274.16312017640485|-274.16312017640485|-274.16312017640485|-274.16312017640485|-274.16312017640485|-274.16312017640485|-274.16312017640485|-274.16312017640485|-274.16312017640485|-274.16312017640485|-274.16312017640485|-274.16312017640485
generations_600,19,100,600,5,0.5,10,70,119,10119,60100,-274.163001323895,-2.902760678733908,-2.904349993050251,-2.9014010333845803,-2.9050802465044887,-2.9040421288792135,-2.9031877381916296,-2.9043032246322746,-231.50654256582976,-2.44541153570775,-2.424569308549743,-3.1686956656030487,-3.0600567785043498,3.202563858103435,-2.4959773498604134,2.8233570586426895,-188.68264485593804|-188.68264485593804|-193.50638668337496|-217.4825619373965|-220.31526142508793|-239.03451981262467|-239.03451981262467|-247.1331590327829|-247.1331590327829|-248.48312477819252|-249.15684740240545|-254.1240044350464|-254.9519984419699|-256.1476928046689|-259.977886791938|-262.89344565476597|-263.00137609674664|-263.00137609674664|-264.31052289286816|-267.7795494564707|-267.7795494564707|-267.7795494564707|-268.75613230095996|-270.1765282412462|-270.1765282412462|-270.1765282412462|-272.1398633297788|-272.1474969604892|-272.1474969604892|-272.1474969604892|-272.35284529167603|-272.35284529167603|-272.35284529167603|-272.91982374802717|-272.91982374802717|-272.91982374802717|-272.91982374802717|-273.1214755428445|-273.1214755428445|-273.3914231359345|-273.3914231359345|-273.53745069198584|-273.53745069198584|-273.5870693041625|-273.59013417624453|-273.8376699579813|-273.8376699579813|-273.8376699579813|-273.8376699579813|-274.02606370133003|-274.02606370133003|-274.02606370133003|-274.02606370133003|-274.02606370133003|-274.02606370133003|-274.02606370133003|-274.02606370133003|-274.02606370133003|-274.02606370133003|-274.02606370133003|-274.02606370133003|-274.0303164345787|-274.0580586650393|-274.0580586650393|-274.07989945554976|-274.07989945554976|-274.07989945554976|-274.0841521887985|-274.11625911951455|-274.11625911951455|-274.11625911951455|-274.12051185276323|-274.14235264327374|-274.14235264327374|-274.14235264327374|-274.14235264327374|-274.14235264327374|-274.14235264327374|-274.14235264327374|-274.14235264327374|-274.14235264327374|-274.14571626776734|-274.14571626776734|-274.14571626776734|-274.14571626776734|-274.14571626776734|-274.14571626776734|-274.14771042938753|-274.14771042938753|-274.14771042938753|-274.14771042938753|-274.14771042938753|-274.14771042938753|-274.14771042938753|-274.14771042938753|-274.14771042938753|-274.14771042938753|-274.14771042938753|-274.14771042938753|-274.14771042938753|-274.14771042938753|-274.14771042938753|-274.14771042938753|-274.14771042938753|-274.14771042938753|-274.14771042938753|-274.14771042938753|-274.14771042938753|-274.14771042938753|-274.14771042938753|-274.14771042938753|-274.14771042938753|-274.14771042938753|-274.14771042938753|-274.1486367069069|-274.1486367069069|-274.1486367069069|-274.15150066488115|-274.15150066488115|-274.15150066488115|-274.15150066488115|-274.15150066488115|-274.1524269424006|-274.1524269424006|-274.1524269424006|-274.1524269424006|-274.1524269424006|-274.1524269424006|-274.1524269424006|-274.1564382442752|-274.1564382442752|-274.1564382442752|-274.1564382442752|-274.1564382442752|-274.1564382442752|-274.1564382442752|-274.1578571975634|-274.1578571975634|-274.1578571975634|-274.1578571975634|-274.1578571975634|-274.1578571975634|-274.1578571975634|-274.1578571975634|-274.1578571975634|-274.1578571975634|-274.1578571975634|-274.1578571975634|-274.1578571975634|-274.1578571975634|-274.1578571975634|-274.1578571975634|-274.1578571975634|-274.1578571975634|-274.1578571975634|-274.1578571975634|-274.1578571975634|-274.1578571975634|-274.1578571975634|-274.1578571975634|-274.1578571975634|-274.1578571975634|-274.1578571975634|-274.1578571975634|-274.1578571975634|-274.1578571975634|-274.1578571975634|-274.1578571975634|-274.1578571975634|-274.1578571975634|-274.1578571975634|-274.1578571975634|-274.1578571975634|-274.1578571975634|-274.15932114954586|-274.15932114954586|-274.15932114954586|-274.15932114954586|-274.15932114954586|-274.15932114954586|-274.15932114954586|-274.15932114954586|-274.15932114954586|-274.15932114954586|-274.15932114954586|-274.15932114954586|-274.15932114954586|-274.15932114954586|-274.15932114954586|-274.15932114954586|-274.15932114954586|-274.15932114954586|-274.15932114954586|-274.1595237284958|-274.1595237284958|-274.1595237284958|-274.1595237284958|-274.1595237284958|-274.1595237284958|-274.1595237284958|-274.1595237284958|-274.1595237284958|-274.1595237284958|-274.1595237284958|-274.1595237284958|-274.1595237284958|-274.1595237284958|-274.1595237284958|-274.1596337944319|-274.1596337944319|-274.160180220711|-274.1602727565436|-274.1602727565436|-274.1602727565436|-274.1602902866471|-274.1602902866471|-274.1602902866471|-274.1602902866471|-274.1602902866471|-274.1602902866471|-274.1602902866471|-274.1602902866471|-274.1602902866471|-274.1602902866471|-274.1602902866471|-274.1602902866471|-274.1602902866471|-274.1602902866471|-274.1602902866471|-274.1602902866471|-274.1602902866471|-274.1602902866471|-274.1602902866471|-274.1602902866471|-274.1602902866471|-274.1602902866471|-274.1602902866471|-274.1602902866471|-274.1602902866471|-274.1602902866471|-274.1602902866471|-274.1602902866471|-274.1602902866471|-274.1602902866471|-274.1602902866471|-274.1602902866471|-274.1602902866471|-274.1602902866471|-274.1602902866471|-274.1602902866471|-274.1602902866471|-274.1602902866471|-274.1602902866471|-274.1602902866471|-274.1602902866471|-274.1602902866471|-274.1602902866471|-274.1602902866471|-274.1602902866471|-274.1602902866471|-274.1602902866471|-274.1602902866471|-274.1602902866471|-274.1602902866471|-274.1602902866471|-274.1602902866471|-274.1602902866471|-274.1602902866471|-274.1602902866471|-274.1602902866471|-274.1602902866471|-274.1602902866471|-274.1602902866471|-274.1602902866471|-274.1602902866471|-274.1602902866471|-274.1602902866471|-274.1602902866471|-274.1602902866471|-274.1602902866471|-274.1604581591177|-274.1604581591177|-274.1604581591177|-274.1604581591177|-274.1604581591177|-274.1604581591177|-274.1604581591177|-274.1604581591177|-274.1604581591177|-274.1604581591177|-274.1607069971108|-274.1607069971108|-274.1607069971108|-274.1607069971108|-274.1607069971108|-274.1607069971108|-274.1607069971108|-274.1607069971108|-274.1607069971108|-274.1607069971108|-274.1607069971108|-274.1607069971108|-274.1607069971108|-274.1607069971108|-274.1607069971108|-274.1607069971108|-274.1608864027644|-274.1608864027644|-274.1608864027644|-274.1608864027644|-274.1608864027644|-274.1608864027644|-274.1608864027644|-274.1608864027644|-274.1608864027644|-274.1608864027644|-274.1608864027644|-274.1608864027644|-274.1608864027644|-274.1608864027644|-274.1608864027644|-274.1608864027644|-274.1608864027644|-274.1608864027644|-274.1608864027644|-274.1608864027644|-274.1608864027644|-274.1608864027644|-274.1608864027644|-274.1608864027644|-274.1608864027644|-274.16091116044004|-274.16091116044004|-274.16091116044004|-274.16091116044004|-274.16091116044004|-274.16091116044004|-274.16091116044004|-274.16091116044004|-274.16091116044004|-274.16091116044004|-274.16091116044004|-274.161542773831|-274.161542773831|-274.161542773831|-274.161542773831|-274.161542773831|-274.161542773831|-274.161542773831|-274.161542773831|-274.161542773831|-274.161542773831|-274.161542773831|-274.161542773831|-274.161542773831|-274.161547156456|-274.161547156456|-274.161547156456|-274.161547156456|-274.161547156456|-274.161547156456|-274.161547156456|-274.161547156456|-274.161547156456|-274.161547156456|-274.161547156456|-274.161547156456|-274.161547156456|-274.161547156456|-274.161547156456|-274.161547156456|-274.161547156456|-274.161547156456|-274.161547156456|-274.161547156456|-274.161547156456|-274.161547156456|-274.161547156456|-274.161547156456|-274.161547156456|-274.161547156456|-274.161547156456|-274.161547156456|-274.161547156456|-274.161547156456|-274.161547156456|-274.161547156456|-274.161547156456|-274.161547156456|-274.161547156456|-274.161547156456|-274.161547156456|-274.161547156456|-274.161547156456|-274.161547156456|-274.161547156456|-274.161547156456|-274.161547156456|-274.161547156456|-274.161547156456|-274.161547156456|-274.161547156456|-274.161547156456|-274.161547156456|-274.161547156456|-274.161547156456|-274.161547156456|-274.161547156456|-274.161547156456|-274.161547156456|-274.161547156456|-274.161547156456|-274.161547156456|-274.161547156456|-274.161547156456|-274.161547156456|-274.161547156456|-274.161547156456|-274.161547156456|-274.161547156456|-274.161547156456|-274.161547156456|-274.161547156456|-274.161547156456|-274.161547156456|-274.161547156456|-274.161547156456|-274.161547156456|-274.161547156456|-274.161547156456|-274.161547156456|-274.161547156456|-274.161547156456|-274.161547156456|-274.161547156456|-274.161547156456|-274.161547156456|-274.161547156456|-274.161547156456|-274.161547156456|-274.161547156456|-274.161547156456|-274.161547156456|-274.161547156456|-274.161547156456|-274.161547156456|-274.161547156456|-274.161547156456|-274.161547156456|-274.161547156456|-274.161547156456|-274.161547156456|-274.161547156456|-274.161547156456|-274.161547156456|-274.161547156456|-274.161547156456|-274.161547156456|-274.161547156456|-274.161547156456|-274.1618332369229|-274.1618332369229|-274.1618332369229|-274.1618332369229|-274.1618332369229|-274.1618332369229|-274.1618332369229|-274.1618332369229|-274.1618332369229|-274.1618332369229|-274.1618332369229|-274.1618332369229|-274.1618332369229|-274.1618332369229|-274.1618332369229|-274.1618332369229|-274.1618332369229|-274.1618332369229|-274.1618332369229|-274.1618332369229|-274.1618332369229|-274.1618332369229|-274.1618332369229|-274.1618332369229|-274.1618332369229|-274.1618332369229|-274.1618332369229|-274.1618332369229|-274.1618332369229|-274.1618332369229|-274.1618332369229|-274.1618332369229|-274.1618332369229|-274.1618332369229|-274.1618332369229|-274.1618332369229|-274.1618332369229|-274.1618332369229|-274.1618332369229|-274.1618332369229|-274.1618332369229|-274.1618332369229|-274.1618332369229|-274.1618332369229|-274.1618332369229|-274.1618332369229|-274.1618332369229|-274.1618332369229|-274.1618332369229|-274.1618332369229|-274.1618332369229|-274.1618332369229|-274.1618332369229|-274.1618332369229|-274.1618332369229|-274.1618332369229|-274.1618332369229|-274.1618332369229|-274.1618332369229|-274.1618332369229|-274.1618332369229|-274.1618332369229|-274.1618332369229|-274.1618332369229|-274.1618332369229|-274.1618332369229|-274.1618332369229|-274.1618332369229|-274.1618332369229|-274.1618332369229|-274.1618332369229|-274.1618332369229|-274.1618332369229|-274.1618332369229|-274.1618332369229|-274.1618332369229|-274.1618332369229|-274.1618332369229|-274.1618332369229|-274.1618332369229|-274.1618332369229|-274.1618332369229|-274.1618332369229|-274.1618332369229|-274.1618332369229|-274.1618332369229|-274.1618332369229|-274.1618332369229|-274.1618332369229|-274.1618332369229|-274.1618332369229|-274.1618332369229|-274.1618332369229|-274.16272511726095|-274.16272511726095|-274.16272511726095|-274.16272511726095|-274.16272511726095|-274.16272511726095|-274.16272511726095|-274.16272511726095|-274.16272511726095|-274.16272511726095|-274.16272511726095|-274.16272511726095|-274.16272511726095|-274.16272511726095|-274.16272511726095|-274.16272511726095|-274.16272511726095|-274.16272511726095|-274.1628049920331|-274.1628049920331|-274.1628049920331|-274.1628049920331|-274.1628049920331|-274.1628049920331|-274.1628049920331|-274.1628049920331|-274.1628049920331|-274.16282470963654|-274.16282470963654|-274.16282470963654|-274.16282470963654|-274.16282470963654|-274.16282470963654|-274.16298160629157|-274.16298160629157|-274.16298160629157|-274.16298160629157|-274.16298160629157|-274.16298160629157|-274.163001323895|-274.163001323895|-274.163001323895|-274.163001323895|-274.163001323895|-274.163001323895|-274.163001323895|-274.163001323895|-274.163001323895
generations_600,20,100,600,5,0.5,10,70,120,10120,60100,-274.16304617134494,-2.9031855137049347,-2.9047770211553465,-2.905347767914256,-2.903583963447963,-2.903152945113706,-2.9046539483470104,-2.9040003409773054,-250.43273829498628,-3.427857845836426,-3.2930389776203395,-3.0008916015197973,-2.48207606130205,-2.08165099876479,-2.4057452591293185,-2.8707185682875167,-155.75181778820064|-155.80679218365813|-188.61240460441215|-188.61240460441215|-196.51333424332694|-208.48424740792746|-208.95437203041678|-208.95437203041678|-223.29587903530603|-223.59273968519656|-233.17313163333245|-233.17313163333245|-233.23601845052096|-233.23601845052096|-242.12738665882648|-255.96496867197325|-259.2829057648805|-259.39877503356377|-261.0102210068103|-264.48878819904235|-266.3634485817286|-268.0206454183816|-268.0206454183816|-268.46954281647487|-269.0246744681808|-269.0246744681808|-270.2479468676235|-270.5111590779756|-270.5111590779756|-270.5111590779756|-271.74943452700217|-272.1033749320595|-272.15461010735646|-272.1564411664506|-272.6065441540442|-272.6065441540442|-272.6065441540442|-272.64951045847454|-272.7997438669103|-272.85357150278685|-272.85357150278685|-273.5172214126965|-273.5172214126965|-273.6581143488054|-273.6581143488054|-273.6581143488054|-273.6581143488054|-273.7514815090069|-273.7514815090069|-273.7514815090069|-273.7514815090069|-273.873902036284|-273.873902036284|-273.8752572151674|-273.8752572151674|-273.9976777424444|-273.9976777424444|-273.9976777424444|-273.9976777424444|-273.9976777424444|-273.9976777424444|-273.9976777424444|-273.9976777424444|-273.9976777424444|-274.006533524079|-274.006533524079|-274.023601011967|-274.023601011967|-274.023601011967|-274.023601011967|-274.023601011967|-274.03514768583057|-274.03514768583057|-274.03514768583057|-274.03514768583057|-274.0522151737186|-274.06107095535316|-274.06107095535316|-274.06107095535316|-274.067594382574|-274.067594382574|-274.067594382574|-274.067594382574|-274.067594382574|-274.067594382574|-274.09686569156173|-274.09686569156173|-274.09686569156173|-274.09686569156173|-274.09686569156173|-274.09686569156173|-274.09686569156173|-274.09686569156173|-274.09686569156173|-274.12486190000254|-274.12486190000254|-274.12486190000254|-274.12486190000254|-274.1372663907639|-274.1372663907639|-274.1372663907639|-274.1372663907639|-274.1372663907639|-274.1372663907639|-274.15124932833334|-274.15124932833334|-274.15124932833334|-274.15124932833334|-274.15124932833334|-274.15124932833334|-274.15124932833334|-274.15124932833334|-274.15124932833334|-274.15124932833334|-274.15124932833334|-274.15124932833334|-274.15124932833334|-274.15124932833334|-274.15124932833334|-274.15124932833334|-274.15124932833334|-274.15124932833334|-274.15124932833334|-274.15124932833334|-274.15124932833334|-274.15124932833334|-274.15124932833334|-274.15124932833334|-274.15124932833334|-274.1515322027935|-274.1515322027935|-274.1515322027935|-274.1515322027935|-274.1570597299681|-274.1570597299681|-274.1570597299681|-274.1570597299681|-274.1570597299681|-274.1570597299681|-274.1570597299681|-274.1570597299681|-274.1570597299681|-274.1570597299681|-274.15941801322725|-274.15941801322725|-274.15941801322725|-274.15941801322725|-274.15941801322725|-274.15941801322725|-274.15941801322725|-274.15941801322725|-274.15941801322725|-274.15941801322725|-274.15941801322725|-274.15941801322725|-274.15941801322725|-274.15941801322725|-274.15941801322725|-274.15941801322725|-274.15941801322725|-274.15941801322725|-274.15941801322725|-274.15941801322725|-274.15941801322725|-274.15941801322725|-274.15941801322725|-274.15941801322725|-274.15941801322725|-274.15941801322725|-274.15941801322725|-274.15941801322725|-274.15941801322725|-274.15941801322725|-274.15941801322725|-274.15941801322725|-274.1596893083825|-274.1596893083825|-274.1596893083825|-274.1596893083825|-274.1596893083825|-274.1596893083825|-274.1596893083825|-274.1596893083825|-274.1596893083825|-274.1596893083825|-274.1596893083825|-274.1596893083825|-274.1596893083825|-274.1596893083825|-274.1596893083825|-274.1596893083825|-274.1601053926267|-274.1601053926267|-274.1601053926267|-274.1601053926267|-274.1601053926267|-274.1601053926267|-274.1601053926267|-274.1601053926267|-274.1601053926267|-274.1601053926267|-274.1601053926267|-274.1601053926267|-274.1601053926267|-274.1601053926267|-274.1601053926267|-274.1601053926267|-274.1601053926267|-274.1601053926267|-274.1601053926267|-274.1601053926267|-274.1601053926267|-274.1601053926267|-274.1601053926267|-274.1601053926267|-274.1601053926267|-274.1601053926267|-274.1601053926267|-274.1615833852477|-274.1615833852477|-274.1615833852477|-274.1615833852477|-274.1615833852477|-274.1615833852477|-274.1615833852477|-274.1615833852477|-274.1615833852477|-274.1624181476045|-274.1624181476045|-274.1624181476045|-274.1624181476045|-274.1624181476045|-274.1624181476045|-274.1624181476045|-274.1624181476045|-274.1624181476045|-274.1624181476045|-274.1624181476045|-274.1624181476045|-274.1624181476045|-274.1624181476045|-274.1624181476045|-274.1624181476045|-274.1624181476045|-274.1624181476045|-274.1624181476045|-274.1624181476045|-274.1624181476045|-274.1624181476045|-274.1624181476045|-274.1624181476045|-274.1624181476045|-274.1624181476045|-274.1624181476045|-274.1624181476045|-274.1624181476045|-274.1624181476045|-274.1624181476045|-274.1624181476045|-274.1624181476045|-274.1624181476045|-274.1624181476045|-274.1624181476045|-274.1624181476045|-274.1624181476045|-274.16249414601083|-274.16249414601083|-274.16249414601083|-274.16249414601083|-274.16249414601083|-274.16249414601083|-274.16249414601083|-274.16249414601083|-274.16249414601083|-274.16249414601083|-274.16249414601083|-274.16249414601083|-274.16249414601083|-274.16249414601083|-274.16249414601083|-274.16249414601083|-274.16249414601083|-274.16249414601083|-274.16249414601083|-274.16249414601083|-274.16249414601083|-274.16249414601083|-274.16249414601083|-274.16249414601083|-274.16249414601083|-274.16249414601083|-274.16249414601083|-274.16249414601083|-274.16249414601083|-274.16249414601083|-274.16249414601083|-274.16249414601083|-274.16249414601083|-274.16249414601083|-274.16249414601083|-274.16249414601083|-274.16249414601083|-274.16249414601083|-274.16249414601083|-274.16249414601083|-274.16249414601083|-274.16249508452455|-274.16249508452455|-274.16249508452455|-274.16249508452455|-274.16249508452455|-274.16249508452455|-274.16249508452455|-274.16249508452455|-274.16249508452455|-274.16249508452455|-274.16249508452455|-274.16249508452455|-274.16249508452455|-274.16249508452455|-274.16249508452455|-274.16249508452455|-274.16249508452455|-274.16249508452455|-274.16249508452455|-274.16249508452455|-274.16249508452455|-274.16249508452455|-274.16249508452455|-274.16249508452455|-274.16249508452455|-274.16249508452455|-274.16249508452455|-274.16249508452455|-274.16249508452455|-274.16249508452455|-274.16249508452455|-274.16249508452455|-274.16249508452455|-274.16253000841095|-274.16253000841095|-274.16253000841095|-274.16253000841095|-274.16253000841095|-274.16253000841095|-274.16253000841095|-274.16253000841095|-274.16253000841095|-274.16253000841095|-274.16253000841095|-274.16253000841095|-274.16253000841095|-274.16253000841095|-274.16253000841095|-274.16253000841095|-274.16253000841095|-274.16253000841095|-274.16253000841095|-274.16253000841095|-274.16253000841095|-274.16253000841095|-274.16253000841095|-274.16253000841095|-274.16253000841095|-274.16253000841095|-274.16253000841095|-274.16253000841095|-274.16253000841095|-274.16253000841095|-274.16253000841095|-274.16253000841095|-274.16253000841095|-274.16253000841095|-274.16253000841095|-274.16253000841095|-274.16253000841095|-274.16253000841095|-274.16253000841095|-274.16253000841095|-274.16253000841095|-274.16253000841095|-274.16253000841095|-274.16253000841095|-274.16253000841095|-274.16253000841095|-274.16253000841095|-274.16253000841095|-274.16253000841095|-274.16253000841095|-274.16253000841095|-274.16253000841095|-274.16253000841095|-274.16253000841095|-274.16253000841095|-274.16253000841095|-274.1627091564235|-274.1627091564235|-274.1627091564235|-274.1627091564235|-274.1627091564235|-274.1627091564235|-274.1627091564235|-274.1627091564235|-274.1627091564235|-274.1627091564235|-274.1627091564235|-274.1627091564235|-274.1627091564235|-274.1627091564235|-274.1627091564235|-274.1627091564235|-274.1627091564235|-274.1627091564235|-274.1627091564235|-274.1627091564235|-274.1627091564235|-274.1627091564235|-274.1627091564235|-274.1627091564235|-274.1627091564235|-274.1627091564235|-274.1627091564235|-274.1627091564235|-274.1627091564235|-274.1627091564235|-274.1627091564235|-274.1627091564235|-274.1627091564235|-274.1627091564235|-274.16303134577254|-274.16303134577254|-274.16303134577254|-274.16303134577254|-274.16303134577254|-274.16303134577254|-274.16303134577254|-274.16303134577254|-274.16303134577254|-274.16303134577254|-274.16303134577254|-274.16303134577254|-274.16303134577254|-274.16303134577254|-274.16303134577254|-274.16304617134494|-274.16304617134494|-274.16304617134494|-274.16304617134494|-274.16304617134494|-274.16304617134494|-274.16304617134494|-274.16304617134494|-274.16304617134494|-274.16304617134494|-274.16304617134494|-274.16304617134494|-274.16304617134494|-274.16304617134494|-274.16304617134494|-274.16304617134494|-274.16304617134494|-274.16304617134494|-274.16304617134494|-274.16304617134494|-274.16304617134494|-274.16304617134494|-274.16304617134494|-274.16304617134494|-274.16304617134494|-274.16304617134494|-274.16304617134494|-274.16304617134494|-274.16304617134494|-274.16304617134494|-274.16304617134494|-274.16304617134494|-274.16304617134494|-274.16304617134494|-274.16304617134494|-274.16304617134494|-274.16304617134494|-274.16304617134494|-274.16304617134494|-274.16304617134494|-274.16304617134494|-274.16304617134494|-274.16304617134494|-274.16304617134494|-274.16304617134494|-274.16304617134494|-274.16304617134494|-274.16304617134494|-274.16304617134494|-274.16304617134494|-274.16304617134494|-274.16304617134494|-274.16304617134494|-274.16304617134494|-274.16304617134494|-274.16304617134494|-274.16304617134494|-274.16304617134494|-274.16304617134494|-274.16304617134494|-274.16304617134494|-274.16304617134494|-274.16304617134494|-274.16304617134494|-274.16304617134494|-274.16304617134494|-274.16304617134494|-274.16304617134494|-274.16304617134494|-274.16304617134494|-274.16304617134494|-274.16304617134494|-274.16304617134494|-274.16304617134494|-274.16304617134494|-274.16304617134494|-274.16304617134494|-274.16304617134494|-274.16304617134494|-274.16304617134494|-274.16304617134494|-274.16304617134494|-274.16304617134494|-274.16304617134494|-274.16304617134494|-274.16304617134494|-274.16304617134494|-274.16304617134494|-274.16304617134494|-274.16304617134494|-274.16304617134494|-274.16304617134494|-274.16304617134494|-274.16304617134494|-274.16304617134494|-274.16304617134494|-274.16304617134494|-274.16304617134494|-274.16304617134494|-274.16304617134494|-274.16304617134494|-274.16304617134494|-274.16304617134494|-274.16304617134494|-274.16304617134494|-274.16304617134494|-274.16304617134494|-274.16304617134494|-274.16304617134494|-274.16304617134494|-274.16304617134494|-274.16304617134494|-274.16304617134494|-274.16304617134494|-274.16304617134494|-274.16304617134494|-274.16304617134494|-274.16304617134494|-274.16304617134494|-274.16304617134494|-274.16304617134494|-274.16304617134494|-274.16304617134494|-274.16304617134494|-274.16304617134494|-274.16304617134494|-274.16304617134494|-274.16304617134494|-274.16304617134494|-274.16304617134494|-274.16304617134494|-274.16304617134494|-274.16304617134494|-274.16304617134494|-274.16304617134494|-274.16304617134494|-274.16304617134494|-274.16304617134494|-274.16304617134494|-274.16304617134494|-274.16304617134494|-274.16304617134494|-274.16304617134494|-274.16304617134494|-274.16304617134494|-274.16304617134494|-274.16304617134494|-274.16304617134494|-274.16304617134494|-274.16304617134494|-274.16304617134494|-274.16304617134494|-274.16304617134494|-274.16304617134494|-274.16304617134494|-274.16304617134494|-274.16304617134494
population_50,1,50,300,5,0.5,10,70,101,10101,15050,-231.75091507713572,2.7492258127398164,-2.9044351409286664,2.7544912346480115,2.7550317072088553,-2.9046634200917003,-2.9039746618333404,-2.9059447977564195,-233.1109124885795,2.6766859261044074,-3.0556863190105963,-3.1514009372378213,-2.334043260282134,-2.7223867837864324,3.127319428873239,-2.4070952071215057,-151.7622002145425|-176.69953812636416|-176.69953812636416|-187.03417369054196|-187.03417369054196|-187.3744442600698|-194.27591158571522|-200.92089074034726|-200.92089074034726|-203.66829369696495|-205.65598788481816|-212.29087400664343|-212.29087400664343|-213.56974751900037|-223.38862338066582|-223.38862338066582|-226.07184404397265|-226.07184404397265|-226.07184404397265|-226.742426704925|-226.742426704925|-227.70247029560682|-227.70247029560682|-228.31624039240467|-228.31624039240467|-228.82872204354987|-229.36328034722865|-229.36328034722865|-229.91372770512618|-231.50401608521017|-231.50401608521017|-231.50401608521017|-231.50401608521017|-231.50401608521017|-231.55610083103173|-231.55610083103173|-231.55610083103173|-231.55610083103173|-231.5592428039942|-231.5592428039942|-231.5592428039942|-231.5592428039942|-231.5592428039942|-231.5592428039942|-231.5592428039942|-231.634598220809|-231.634598220809|-231.634598220809|-231.634598220809|-231.634598220809|-231.634598220809|-231.68668296663057|-231.68668296663057|-231.68668296663057|-231.68668296663057|-231.68668296663057|-231.68668296663057|-231.68668296663057|-231.68668296663057|-231.68668296663057|-231.68668296663057|-231.68668296663057|-231.68668296663057|-231.69704461070464|-231.69704461070464|-231.70700760251637|-231.70700760251637|-231.70700760251637|-231.70700760251637|-231.70700760251637|-231.70700760251637|-231.70700760251637|-231.70700760251637|-231.70700760251637|-231.70700760251637|-231.70700760251637|-231.70700760251637|-231.72400675623885|-231.72400675623885|-231.72400675623885|-231.72400675623885|-231.7269076800381|-231.7269076800381|-231.7269076800381|-231.7269076800381|-231.7269076800381|-231.72739910681452|-231.72739910681452|-231.72739910681452|-231.72739910681452|-231.72739910681452|-231.72739910681452|-231.74028816617175|-231.74028816617175|-231.74156250975904|-231.74156250975904|-231.74196738594165|-231.74196738594165|-231.74196738594165|-231.74196738594165|-231.74734033282436|-231.74734033282436|-231.74734033282436|-231.74774520900698|-231.74774520900698|-231.74774520900698|-231.74774520900698|-231.74774520900698|-231.74774520900698|-231.74774520900698|-231.74774520900698|-231.74774520900698|-231.74774520900698|-231.74774520900698|-231.74774520900698|-231.74774520900698|-231.74774520900698|-231.74774520900698|-231.74774520900698|-231.74774520900698|-231.74774520900698|-231.74774520900698|-231.74774520900698|-231.74774520900698|-231.74774520900698|-231.74879092480413|-231.7496735879116|-231.7496735879116|-231.7496735879116|-231.7496735879116|-231.7496735879116|-231.74989340078616|-231.74989340078616|-231.74989340078616|-231.74989340078616|-231.74989340078616|-231.74989340078616|-231.74989340078616|-231.74989340078616|-231.74989340078616|-231.74989340078616|-231.74989340078616|-231.74989340078616|-231.74989340078616|-231.74989340078616|-231.74989340078616|-231.74989340078616|-231.74989340078616|-231.74989340078616|-231.74989340078616|-231.74989340078616|-231.74989340078616|-231.74989340078616|-231.74989340078616|-231.74989340078616|-231.74989340078616|-231.74989340078616|-231.74989340078616|-231.74989340078616|-231.74989340078616|-231.74989340078616|-231.74989340078616|-231.74989340078616|-231.74989340078616|-231.74989340078616|-231.74989340078616|-231.74989340078616|-231.74989340078616|-231.74989340078616|-231.74989340078616|-231.74989340078616|-231.74989340078616|-231.74989340078616|-231.74989340078616|-231.74989340078616|-231.74989340078616|-231.74989340078616|-231.74989340078616|-231.74989340078616|-231.74989340078616|-231.74989340078616|-231.74989340078616|-231.74989340078616|-231.74989340078616|-231.74989340078616|-231.74989340078616|-231.74989340078616|-231.74989340078616|-231.74989340078616|-231.74989340078616|-231.74989340078616|-231.74989340078616|-231.74989340078616|-231.74989340078616|-231.74989340078616|-231.74989340078616|-231.74989340078616|-231.74989340078616|-231.74989340078616|-231.74989340078616|-231.75002868455482|-231.75002868455482|-231.75002868455482|-231.75002868455482|-231.75002868455482|-231.75002868455482|-231.75002868455482|-231.75002868455482|-231.75002868455482|-231.75002868455482|-231.75002868455482|-231.75002868455482|-231.75002868455482|-231.75002868455482|-231.75002868455482|-231.75002868455482|-231.75002868455482|-231.75002868455482|-231.75002868455482|-231.75002868455482|-231.75002868455482|-231.75002868455482|-231.75002868455482|-231.75002868455482|-231.75002868455482|-231.75002868455482|-231.75002868455482|-231.75002868455482|-231.75002868455482|-231.75002868455482|-231.75002868455482|-231.75002868455482|-231.75002868455482|-231.75002868455482|-231.75002868455482|-231.75002868455482|-231.75002868455482|-231.75002868455482|-231.75002868455482|-231.75002868455482|-231.75002868455482|-231.75052182814682|-231.75052182814682|-231.75052182814682|-231.75052182814682|-231.75052182814682|-231.75052182814682|-231.75052182814682|-231.75052182814682|-231.75052182814682|-231.75052182814682|-231.75052182814682|-231.75052182814682|-231.75052182814682|-231.75052182814682|-231.75052182814682|-231.75052182814682|-231.75052182814682|-231.75052182814682|-231.75052182814682|-231.75052182814682|-231.75052182814682|-231.75052182814682|-231.75052182814682|-231.75052182814682|-231.75052182814682|-231.75052182814682|-231.75052182814682|-231.75052182814682|-231.75052182814682|-231.75052182814682|-231.75052182814682|-231.75052182814682|-231.75052182814682|-231.75052182814682|-231.75052182814682|-231.75052182814682|-231.75052182814682|-231.75052182814682|-231.75052182814682|-231.75052182814682|-231.75052182814682|-231.75052182814682|-231.75052182814682|-231.75052182814682|-231.75052182814682|-231.75052182814682|-231.75052182814682|-231.75052182814682|-231.75052182814682|-231.75052182814682|-231.75052182814682|-231.75052182814682|-231.75052182814682|-231.75052182814682|-231.75052182814682|-231.75052182814682|-231.75052182814682|-231.75052182814682|-231.75052182814682|-231.75091507713572
population_50,2,50,300,5,0.5,10,70,102,10102,15050,-274.16296167949287,-2.9019120110706105,-2.9035560284421673,-2.905357357232826,-2.9019546608600613,-2.9045087784328505,-2.9027423520094096,-2.9023344922553207,-242.48928865247274,-3.3988275045404883,-2.872576170835326,-2.0339069079036562,-2.999106127945522,-2.9059399054307744,-1.6722642989710979,-2.737734226852313,-183.26682859162497|-183.26682859162497|-183.26682859162497|-193.90244938270598|-194.04251620735343|-213.33249702162246|-217.41033107832493|-218.06831744456593|-221.20106790575255|-250.03754129612622|-250.03754129612622|-250.03754129612622|-250.03754129612622|-255.79888532751409|-255.79888532751409|-255.79888532751409|-255.79888532751409|-255.79888532751409|-255.79888532751409|-256.4160253988423|-257.23927619821745|-257.23927619821745|-257.64209427839074|-260.82724480963566|-266.45338756628917|-266.6368266088494|-268.195763465215|-268.59691458999265|-269.3935966868155|-269.3935966868155|-269.3935966868155|-270.9484641812471|-270.9484641812471|-272.1440652975723|-272.1440652975723|-272.2670566040322|-272.2670566040322|-272.2670566040322|-273.00874689055576|-273.00874689055576|-273.00874689055576|-273.00874689055576|-273.5167582286758|-273.576285265299|-273.63048435886265|-273.63048435886265|-273.68710972503857|-273.68710972503857|-273.8472727264248|-273.8472727264248|-273.8472727264248|-273.8472727264248|-273.8472727264248|-273.8472727264248|-273.8472727264248|-273.8472727264248|-273.8477121324237|-273.8477121324237|-273.8477121324237|-273.8477121324237|-273.856291149581|-273.856291149581|-273.856291149581|-273.95658115852586|-273.95658115852586|-273.95658115852586|-273.95658115852586|-273.95658115852586|-273.95812083859704|-273.95812083859704|-273.95812083859704|-273.95812083859704|-273.95812083859704|-273.95812083859704|-273.95812083859704|-274.1094981107927|-274.1094981107927|-274.11103779086386|-274.11103779086386|-274.11103779086386|-274.12005621402005|-274.12005621402005|-274.12005621402005|-274.1244943296343|-274.1244943296343|-274.1244943296343|-274.13037165384264|-274.13037165384264|-274.13037165384264|-274.13037165384264|-274.13037165384264|-274.13037165384264|-274.13037165384264|-274.13038391957195|-274.1351411652387|-274.1351411652387|-274.1351411652387|-274.1351411652387|-274.1351411652387|-274.13986554024405|-274.13986554024405|-274.13986554024405|-274.13986554024405|-274.13986554024405|-274.13986554024405|-274.13987691188373|-274.13987691188373|-274.13987691188373|-274.13987691188373|-274.13987691188373|-274.13987691188373|-274.1402181416497|-274.1402181416497|-274.1402181416497|-274.1402181416497|-274.1402181416497|-274.1402181416497|-274.1402181416497|-274.1402181416497|-274.1544887461929|-274.1544887461929|-274.1544887461929|-274.1544887461929|-274.1544887461929|-274.1544887461929|-274.1544887461929|-274.1544887461929|-274.1544887461929|-274.1544887461929|-274.1544887461929|-274.1544887461929|-274.1544887461929|-274.1544887461929|-274.1544887461929|-274.1544887461929|-274.1544887461929|-274.1544887461929|-274.1544887461929|-274.1544887461929|-274.1544887461929|-274.1544887461929|-274.1544887461929|-274.1544887461929|-274.1544887461929|-274.1544887461929|-274.1544887461929|-274.1544887461929|-274.1544887461929|-274.1544887461929|-274.1544887461929|-274.1544887461929|-274.1544887461929|-274.1544887461929|-274.1544887461929|-274.1544887461929|-274.1544887461929|-274.1544887461929|-274.1544887461929|-274.1544887461929|-274.1544887461929|-274.1544887461929|-274.1544887461929|-274.1544887461929|-274.1544887461929|-274.1544887461929|-274.16234745821754|-274.16234745821754|-274.16234745821754|-274.16234745821754|-274.16234745821754|-274.1627462744405|-274.1627462744405|-274.1627462744405|-274.1627462744405|-274.1627462744405|-274.1627462744405|-274.1627462744405|-274.1627462744405|-274.1627462744405|-274.1627462744405|-274.1627462744405|-274.1627462744405|-274.1627462744405|-274.1627462744405|-274.1627462744405|-274.1627462744405|-274.1627462744405|-274.1627462744405|-274.1627462744405|-274.1627462744405|-274.1627462744405|-274.1627462744405|-274.1627462744405|-274.1627462744405|-274.1627462744405|-274.1627462744405|-274.1627462744405|-274.1627462744405|-274.1627462744405|-274.1627462744405|-274.1627462744405|-274.1627462744405|-274.1627462744405|-274.1627462744405|-274.1627462744405|-274.1627462744405|-274.1627462744405|-274.1627462744405|-274.1627462744405|-274.1627462744405|-274.1627462744405|-274.1627748403284|-274.1627748403284|-274.1627748403284|-274.1627748403284|-274.1627748403284|-274.1627748403284|-274.1627748403284|-274.1627748403284|-274.1627748403284|-274.1627748403284|-274.1627748403284|-274.1627748403284|-274.1627748403284|-274.1627748403284|-274.1627748403284|-274.1627748403284|-274.1627748403284|-274.1627748403284|-274.1627748403284|-274.1627748403284|-274.1627748403284|-274.1627748403284|-274.1627748403284|-274.1627748403284|-274.1627748403284|-274.1627748403284|-274.1627748403284|-274.1627748403284|-274.1627748403284|-274.1627748403284|-274.1627748403284|-274.1627748403284|-274.1627748403284|-274.1627748403284|-274.1627748403284|-274.1627748403284|-274.1627748403284|-274.1627748403284|-274.1627748403284|-274.1627748403284|-274.1627748403284|-274.1627748403284|-274.1627748403284|-274.1627748403284|-274.1627748403284|-274.1627748403284|-274.1627748403284|-274.1627748403284|-274.1627748403284|-274.1627748403284|-274.16287345519316|-274.16287345519316|-274.16287345519316|-274.16287345519316|-274.16287345519316|-274.16287345519316|-274.16287345519316|-274.16287345519316|-274.16287345519316|-274.16287345519316|-274.16287345519316|-274.16287345519316|-274.16287345519316|-274.16287345519316|-274.16287345519316|-274.16287345519316|-274.16287345519316|-274.16287345519316|-274.16287345519316|-274.16287345519316|-274.16287345519316|-274.16287345519316|-274.16287345519316|-274.16296167949287|-274.16296167949287|-274.16296167949287|-274.16296167949287|-274.16296167949287|-274.16296167949287|-274.16296167949287|-274.16296167949287|-274.16296167949287|-274.16296167949287|-274.16296167949287|-274.16296167949287|-274.16296167949287|-274.16296167949287|-274.16296167949287|-274.16296167949287|-274.16296167949287
population_50,3,50,300,5,0.5,10,70,103,10103,15050,-245.8888187032133,-2.9041316249293407,2.7458268117166944,2.7441672728463886,-2.9000933538621236,-2.9085975404218933,-2.9007987912819355,-2.903074079382244,-233.63541076647886,-1.7305113429911154,2.6763631207621428,-2.523586085162828,-3.426972367650726,-2.7337039136813033,-3.274439631613888,-2.9151493269276485,-177.2510376971332|-177.2510376971332|-200.34757175764594|-205.38256414181149|-205.38256414181149|-205.38256414181149|-221.2735766626712|-222.78035877913658|-229.07880512068505|-229.07880512068505|-233.01029667322086|-237.44516150229975|-237.44516150229975|-237.44516150229975|-237.44516150229975|-237.6665195912094|-237.6969591528502|-242.37538186911286|-242.37538186911286|-242.37538186911286|-243.46348199154994|-243.46348199154994|-244.44144190819586|-244.47607710584063|-244.47607710584063|-244.47607710584063|-244.47607710584063|-244.47607710584063|-245.04111439633178|-245.06205838404694|-245.06205838404694|-245.14990437707206|-245.14990437707206|-245.14990437707206|-245.23197214238746|-245.41491305404801|-245.41491305404801|-245.41491305404801|-245.41491305404801|-245.41491305404801|-245.50121416019016|-245.50695357986183|-245.50695357986183|-245.52944245446|-245.5853949128145|-245.5853949128145|-245.5853949128145|-245.59547572942057|-245.59547572942057|-245.65142818777508|-245.65142818777508|-245.65142818777508|-245.74068584446084|-245.80671911942142|-245.80671911942142|-245.80671911942142|-245.80671911942142|-245.80671911942142|-245.85667069825826|-245.85667069825826|-245.85667069825826|-245.85667069825826|-245.85667069825826|-245.86344225755695|-245.86344225755695|-245.86344225755695|-245.86344225755695|-245.86344225755695|-245.86344225755695|-245.86344225755695|-245.86344225755695|-245.86344225755695|-245.86344225755695|-245.86344225755695|-245.86439717913257|-245.86439717913257|-245.86439717913257|-245.86439717913257|-245.86439717913257|-245.86439717913257|-245.86439717913257|-245.86439717913257|-245.86439717913257|-245.86439717913257|-245.86439717913257|-245.86439717913257|-245.86439717913257|-245.86439717913257|-245.86439717913257|-245.86439717913257|-245.86439717913257|-245.86439717913257|-245.86439717913257|-245.86439717913257|-245.86439717913257|-245.86439717913257|-245.86439717913257|-245.86439717913257|-245.86439717913257|-245.86439717913257|-245.86439717913257|-245.86439717913257|-245.86439717913257|-245.86439717913257|-245.86439717913257|-245.86439717913257|-245.86439717913257|-245.86439717913257|-245.86439717913257|-245.86439717913257|-245.86439717913257|-245.86439717913257|-245.86439717913257|-245.86439717913257|-245.86439717913257|-245.86439717913257|-245.86439717913257|-245.86439717913257|-245.86439717913257|-245.86439717913257|-245.86601067423183|-245.86601067423183|-245.86601067423183|-245.86601067423183|-245.86601067423183|-245.86601067423183|-245.86601067423183|-245.86601067423183|-245.86601067423183|-245.86601067423183|-245.86601067423183|-245.86601067423183|-245.86615366527306|-245.86615366527306|-245.86615366527306|-245.86615366527306|-245.87372163212882|-245.87372163212882|-245.87372163212882|-245.87372163212882|-245.87372163212882|-245.87372163212882|-245.87386462317005|-245.87559086405935|-245.87559086405935|-245.87559086405935|-245.87559086405935|-245.87559086405935|-245.87559086405935|-245.87559086405935|-245.87559086405935|-245.87559086405935|-245.87559086405935|-245.87559086405935|-245.87559086405935|-245.87559086405935|-245.87559086405935|-245.87559086405935|-245.87559086405935|-245.88667209038334|-245.88667209038334|-245.88667209038334|-245.88667209038334|-245.88667209038334|-245.88667209038334|-245.88667209038334|-245.88667209038334|-245.88667209038334|-245.88667209038334|-245.88667209038334|-245.88667209038334|-245.88667209038334|-245.88667209038334|-245.88667209038334|-245.88667209038334|-245.88667209038334|-245.88667209038334|-245.88667209038334|-245.88667209038334|-245.88667209038334|-245.88667209038334|-245.88667209038334|-245.88667209038334|-245.88667209038334|-245.88667209038334|-245.88667209038334|-245.88667209038334|-245.88667209038334|-245.88667209038334|-245.88667209038334|-245.88667209038334|-245.88667209038334|-245.88667209038334|-245.8872258493288|-245.8872258493288|-245.8872258493288|-245.8872258493288|-245.8872258493288|-245.8872258493288|-245.8872258493288|-245.8872258493288|-245.8872258493288|-245.8872258493288|-245.88800971525507|-245.88800971525507|-245.88800971525507|-245.88800971525507|-245.88800971525507|-245.88800971525507|-245.88800971525507|-245.88800971525507|-245.88800971525507|-245.88800971525507|-245.88800971525507|-245.88800971525507|-245.88800971525507|-245.88800971525507|-245.88800971525507|-245.88800971525507|-245.88800971525507|-245.88800971525507|-245.88800971525507|-245.88800971525507|-245.88800971525507|-245.88804201318024|-245.88804201318024|-245.88811444573287|-245.88811444573287|-245.88811444573287|-245.88811444573287|-245.88811444573287|-245.88811444573287|-245.88811444573287|-245.88811444573287|-245.88811444573287|-245.88811444573287|-245.88811444573287|-245.88811444573287|-245.88811444573287|-245.88811444573287|-245.88811444573287|-245.88811444573287|-245.88830128848525|-245.88830128848525|-245.88830128848525|-245.88830128848525|-245.88830128848525|-245.88830128848525|-245.88830128848525|-245.88830128848525|-245.88830128848525|-245.88830128848525|-245.88830128848525|-245.88830128848525|-245.88830128848525|-245.88830128848525|-245.88830128848525|-245.88830128848525|-245.88830128848525|-245.88830128848525|-245.88830128848525|-245.88830128848525|-245.88830128848525|-245.88830128848525|-245.88830128848525|-245.8888187032133|-245.8888187032133|-245.8888187032133|-245.8888187032133|-245.8888187032133|-245.8888187032133|-245.8888187032133|-245.8888187032133|-245.8888187032133|-245.8888187032133|-245.8888187032133|-245.8888187032133|-245.8888187032133|-245.8888187032133|-245.8888187032133|-245.8888187032133|-245.8888187032133|-245.8888187032133|-245.8888187032133|-245.8888187032133|-245.8888187032133|-245.8888187032133|-245.8888187032133|-245.8888187032133|-245.8888187032133|-245.8888187032133|-245.8888187032133|-245.8888187032133|-245.8888187032133|-245.8888187032133|-245.8888187032133|-245.8888187032133|-245.8888187032133|-245.8888187032133|-245.8888187032133|-245.8888187032133
population_50,4,50,300,5,0.5,10,70,104,10104,15050,-245.88913675028752,-2.90541085681879,-2.9068345660493846,2.744829527894393,-2.9006244637962233,-2.903885669040237,-2.9009792749613927,2.74789533543757,-234.75317508985512,-2.5905881922114125,-3.2664909536606315,-3.3727497288289143,-3.6001741224608654,-2.863488486083652,-2.5915214798390274,3.2657770111065396,-194.50791746980252|-194.50791746980252|-212.2890991604527|-212.2890991604527|-212.2890991604527|-212.49681884833893|-218.3650514261919|-218.3650514261919|-218.3650514261919|-218.43986506153064|-222.2506159222526|-222.2506159222526|-223.01462974308012|-223.01462974308012|-228.18412802318727|-230.7811182477094|-230.7811182477094|-237.7729225049307|-237.7729225049307|-237.7729225049307|-237.7729225049307|-237.7729225049307|-240.8812534844556|-240.8812534844556|-241.3334374407321|-241.3334374407321|-243.00366951455734|-243.00366951455734|-243.00366951455734|-243.12154856280836|-243.14736138481484|-243.24645230361722|-243.31750334120235|-243.31750334120235|-243.31750334120235|-243.31750334120235|-243.31750334120235|-243.31750334120235|-243.5564829010128|-243.87067942337546|-244.274540220385|-244.274540220385|-244.274540220385|-244.274540220385|-244.64722917564103|-244.64722917564103|-244.64722917564103|-244.74722699195027|-244.74722699195027|-244.9213410059291|-245.07998155826192|-245.07998155826192|-245.07998155826192|-245.0839394266361|-245.0839394266361|-245.0839394266361|-245.0839394266361|-245.0839394266361|-245.0839394266361|-245.38686375997406|-245.38686375997406|-245.38686375997406|-245.38686375997406|-245.38686375997406|-245.45488777927068|-245.45488777927068|-245.45488777927068|-245.45488777927068|-245.45488777927068|-245.45488777927068|-245.45488777927068|-245.49710750910805|-245.49710750910805|-245.49710750910805|-245.5195081727358|-245.5195081727358|-245.5195081727358|-245.5195081727358|-245.583526238067|-245.583526238067|-245.583526238067|-245.63837315081122|-245.63838600211253|-245.63838600211253|-245.63838600211253|-245.63838600211253|-245.6607866657403|-245.6607866657403|-245.6607866657403|-245.6607866657403|-245.67690910350456|-245.67690910350456|-245.67690910350456|-245.67690910350456|-245.67690910350456|-245.67690910350456|-245.67690910350456|-245.67690910350456|-245.67690910350456|-245.6984422234331|-245.78465622718988|-245.78465622718988|-245.78465622718988|-245.78465622718988|-245.78538947506104|-245.78663724472068|-245.78663724472068|-245.78663724472068|-245.8061893471184|-245.8061893471184|-245.8061893471184|-245.8061893471184|-245.80817036464921|-245.80817036464921|-245.80817036464921|-245.80817036464921|-245.80817036464921|-245.82145504683126|-245.82145504683126|-245.82145504683126|-245.82343606436208|-245.82343606436208|-245.82343606436208|-245.82343606436208|-245.82343606436208|-245.82343606436208|-245.82343606436208|-245.82343606436208|-245.82343606436208|-245.82466379003714|-245.82466379003714|-245.82466379003714|-245.82466379003714|-245.82466379003714|-245.82466379003714|-245.82466379003714|-245.82466379003714|-245.82466379003714|-245.82466379003714|-245.8316095250868|-245.8316095250868|-245.8316095250868|-245.8316095250868|-245.8316095250868|-245.8316095250868|-245.8316095250868|-245.8316095250868|-245.8316095250868|-245.83315958856943|-245.83315958856943|-245.83315958856943|-245.83315958856943|-245.8354988305791|-245.8354988305791|-245.8354988305791|-245.8354988305791|-245.8354988305791|-245.8354988305791|-245.8354988305791|-245.8354988305791|-245.8354988305791|-245.8354988305791|-245.8354988305791|-245.8354988305791|-245.8354988305791|-245.8354988305791|-245.8354988305791|-245.8354988305791|-245.8354988305791|-245.8354988305791|-245.8354988305791|-245.8354988305791|-245.87998083258077|-245.87998083258077|-245.87998083258077|-245.87998083258077|-245.87998083258077|-245.87998083258077|-245.88216592865078|-245.88216592865078|-245.88216592865078|-245.88216592865078|-245.88216592865078|-245.88216592865078|-245.88216592865078|-245.88216592865078|-245.88216592865078|-245.88216592865078|-245.8846018631533|-245.8846018631533|-245.8846018631533|-245.8846018631533|-245.8846018631533|-245.8846018631533|-245.8846018631533|-245.8846018631533|-245.8846018631533|-245.8846018631533|-245.88536883679913|-245.88536883679913|-245.88536883679913|-245.88536883679913|-245.88536883679913|-245.88536883679913|-245.88536883679913|-245.88536883679913|-245.88536883679913|-245.88536883679913|-245.88536883679913|-245.88630115509687|-245.88630115509687|-245.88630115509687|-245.88630115509687|-245.88630115509687|-245.88630115509687|-245.88630115509687|-245.88630115509687|-245.88630115509687|-245.88630115509687|-245.88725642861766|-245.88725642861766|-245.88725642861766|-245.88725642861766|-245.88725642861766|-245.88725642861766|-245.88725642861766|-245.88725642861766|-245.88725642861766|-245.88725642861766|-245.88725642861766|-245.88725642861766|-245.88725642861766|-245.88725642861766|-245.88725642861766|-245.88725642861766|-245.88725642861766|-245.88725642861766|-245.88725642861766|-245.88725642861766|-245.88725642861766|-245.88725642861766|-245.88725642861766|-245.88725642861766|-245.88857495384318|-245.88857495384318|-245.88857495384318|-245.88857495384318|-245.88857495384318|-245.88857495384318|-245.88857495384318|-245.88857495384318|-245.88857495384318|-245.88857495384318|-245.88857495384318|-245.88911056771224|-245.88911056771224|-245.88911056771224|-245.88911056771224|-245.88911056771224|-245.88911056771224|-245.88911056771224|-245.88911056771224|-245.88911056771224|-245.88911056771224|-245.88911056771224|-245.88911056771224|-245.88911056771224|-245.88911056771224|-245.88911056771224|-245.88911056771224|-245.88913675028752|-245.88913675028752|-245.88913675028752|-245.88913675028752|-245.88913675028752|-245.88913675028752|-245.88913675028752|-245.88913675028752|-245.88913675028752|-245.88913675028752|-245.88913675028752|-245.88913675028752|-245.88913675028752|-245.88913675028752|-245.88913675028752|-245.88913675028752|-245.88913675028752|-245.88913675028752|-245.88913675028752|-245.88913675028752|-245.88913675028752|-245.88913675028752|-245.88913675028752|-245.88913675028752|-245.88913675028752|-245.88913675028752|-245.88913675028752|-245.88913675028752|-245.88913675028752|-245.88913675028752|-245.88913675028752
population_50,5,50,300,5,0.5,10,70,105,10105,15050,-260.0250400077648,-2.906221344319741,-2.904675505625713,-2.908100154045811,-2.8989735808994013,2.7465906456204174,-2.9007740230504413,-2.908345447617288,-231.12343405801178,-3.1650788505917706,-2.4348097247881437,2.5929270799480166,2.8309437943369087,-2.884385886261681,-2.4229099574267456,-3.4613128747117647,-174.25324162852579|-174.25324162852579|-180.63107946383667|-205.0716964417257|-205.5731796497373|-213.3431921554396|-213.3431921554396|-232.6478088633679|-239.57206185139023|-248.2782250001215|-253.61185899283845|-253.61185899283845|-253.61185899283845|-253.61185899283845|-253.61185899283845|-253.80666075077366|-253.80666075077366|-254.92251495876522|-255.52703124450636|-255.57405343627778|-255.57405343627778|-256.47779479179314|-256.5377798299159|-256.61719913457716|-257.59126534341755|-257.59126534341755|-257.59126534341755|-257.59126534341755|-258.5232981124342|-258.5232981124342|-258.6249330577587|-258.6249330577587|-258.6249330577587|-258.8509121807126|-258.8690467331326|-258.95760309747743|-258.95760309747743|-259.05401152180616|-259.05401152180616|-259.09086162325775|-259.0950258560865|-259.3866815615248|-259.3866815615248|-259.3866815615248|-259.5146402274687|-259.5146402274687|-259.5146402274687|-259.5146402274687|-259.5604514556828|-259.5604514556828|-259.5604514556828|-259.5604514556828|-259.5604514556828|-259.5604514556828|-259.66435213716954|-259.66435213716954|-259.66435213716954|-259.7878830533695|-259.7878830533695|-259.7878830533695|-259.7878830533695|-259.8096828836668|-259.8096828836668|-259.8096828836668|-259.8233831786779|-259.8233831786779|-259.8233831786779|-259.8233831786779|-259.83845948271727|-259.83845948271727|-259.84518300897514|-259.84518300897514|-259.84518300897514|-259.84518300897514|-259.84518300897514|-259.84518300897514|-259.84518300897514|-259.86375696129016|-259.86375696129016|-259.86375696129016|-259.86375696129016|-259.86375696129016|-259.86375696129016|-259.8869644755934|-259.8869644755934|-259.8869644755934|-259.8869644755934|-259.8869644755934|-259.8869644755934|-259.8869644755934|-259.8869644755934|-259.8869644755934|-259.8869644755934|-259.8869644755934|-259.8946450782277|-259.8946450782277|-259.8946450782277|-259.8946450782277|-259.8946450782277|-259.8946450782277|-259.9231445774438|-259.9231445774438|-259.9231445774438|-259.9231445774438|-259.9308251800781|-259.9308251800781|-259.9308251800781|-259.9308251800781|-259.9308251800781|-259.93151939282944|-259.94740959372416|-259.94740959372416|-259.94740959372416|-259.94740959372416|-259.94740959372416|-259.94740959372416|-259.94740959372416|-259.94740959372416|-259.94740959372416|-259.94740959372416|-259.94740959372416|-259.94740959372416|-259.9478435289819|-259.9478435289819|-259.9478435289819|-259.9876091254418|-259.9876091254418|-259.9876091254418|-259.9876091254418|-259.9880430606995|-259.9880430606995|-259.9880430606995|-259.9880430606995|-259.9880430606995|-259.9880430606995|-259.9880430606995|-259.98873727345085|-259.98873727345085|-259.98873727345085|-259.99413110830676|-259.99413110830676|-259.9948253210581|-259.9948253210581|-259.9948253210581|-259.9948253210581|-259.9948253210581|-259.9948253210581|-259.9948253210581|-259.9948253210581|-259.9948253210581|-259.9948253210581|-259.9948253210581|-260.0002609772227|-260.0002609772227|-260.0002609772227|-260.0002609772227|-260.0002609772227|-260.0002609772227|-260.0002609772227|-260.0002609772227|-260.0002609772227|-260.0002609772227|-260.0002609772227|-260.0002609772227|-260.0203271792459|-260.0203271792459|-260.0203271792459|-260.0233840283351|-260.0233840283351|-260.0233840283351|-260.0233840283351|-260.0233840283351|-260.0233840283351|-260.0233840283351|-260.0233840283351|-260.0233840283351|-260.0233840283351|-260.0234598607018|-260.0234598607018|-260.0234598607018|-260.0234598607018|-260.0234598607018|-260.0234598607018|-260.0234598607018|-260.0234598607018|-260.0234598607018|-260.0234598607018|-260.0234598607018|-260.0234598607018|-260.0234598607018|-260.0234598607018|-260.0234598607018|-260.0234598607018|-260.0234598607018|-260.0234598607018|-260.0234598607018|-260.0234598607018|-260.0234598607018|-260.0234598607018|-260.0234598607018|-260.0234598607018|-260.0234598607018|-260.0234598607018|-260.0234598607018|-260.0234598607018|-260.0234598607018|-260.023626797381|-260.023626797381|-260.023626797381|-260.023626797381|-260.023626797381|-260.023626797381|-260.023626797381|-260.023626797381|-260.023626797381|-260.023626797381|-260.023626797381|-260.023626797381|-260.023626797381|-260.023626797381|-260.023626797381|-260.023626797381|-260.023626797381|-260.023626797381|-260.023626797381|-260.023626797381|-260.0242305305424|-260.0242305305424|-260.0242305305424|-260.0242305305424|-260.0242305305424|-260.0242305305424|-260.0242305305424|-260.0242305305424|-260.0242305305424|-260.0242305305424|-260.0242305305424|-260.0242305305424|-260.0242305305424|-260.0242305305424|-260.0242305305424|-260.0242305305424|-260.0242305305424|-260.0242305305424|-260.0242305305424|-260.0242305305424|-260.0248238095976|-260.0248238095976|-260.0248238095976|-260.0248238095976|-260.0248238095976|-260.0248238095976|-260.0248238095976|-260.0248238095976|-260.0248238095976|-260.0248238095976|-260.0248238095976|-260.0248238095976|-260.0248238095976|-260.0248238095976|-260.0248238095976|-260.0248238095976|-260.0248238095976|-260.0248238095976|-260.0248238095976|-260.0248238095976|-260.0248238095976|-260.0248238095976|-260.0248238095976|-260.0248238095976|-260.0248238095976|-260.0250400077648|-260.0250400077648|-260.0250400077648|-260.0250400077648|-260.0250400077648|-260.0250400077648|-260.0250400077648|-260.0250400077648|-260.0250400077648|-260.0250400077648|-260.0250400077648|-260.0250400077648|-260.0250400077648|-260.0250400077648|-260.0250400077648|-260.0250400077648|-260.0250400077648|-260.0250400077648|-260.0250400077648|-260.0250400077648|-260.0250400077648|-260.0250400077648|-260.0250400077648|-260.0250400077648|-260.0250400077648|-260.0250400077648|-260.0250400077648|-260.0250400077648|-260.0250400077648|-260.0250400077648
population_50,6,50,300,5,0.5,10,70,106,10106,15050,-260.02445583728286,-2.9039775889092225,-2.910351686068509,-2.9016864688171715,2.747529724344343,-2.905204407672399,-2.9023155506230065,-2.8957857197713124,-224.68821475973266,-3.9330136410632943,-2.822297862550389,2.2417840454997817,-2.7486175848179215,-2.6666921802550805,-2.2864210730689027,-2.7544707714991845,-189.5949283796713|-189.5949283796713|-189.5949283796713|-194.63662187705432|-194.63662187705432|-212.09478217975158|-225.27755195203417|-231.5414563061725|-231.5414563061725|-231.8825978253833|-231.98709073147168|-231.98709073147168|-241.82270753003854|-241.82270753003854|-241.82270753003854|-244.8478805398433|-247.65100075691336|-253.89161841863174|-253.89161841863174|-253.89161841863174|-255.20574612088788|-257.2881392605632|-257.9843904429621|-258.10362812957163|-258.10362812957163|-258.6592974832553|-258.6592974832553|-259.26348762338495|-259.26348762338495|-259.27379169491894|-259.27379169491894|-259.3087728965174|-259.3087728965174|-259.42609956819956|-259.42609956819956|-259.42609956819956|-259.42609956819956|-259.42609956819956|-259.42609956819956|-259.42609956819956|-259.62939504504493|-259.62939504504493|-259.62939504504493|-259.74826471777345|-259.74826471777345|-259.76077550699836|-259.76077550699836|-259.7608222389338|-259.7608222389338|-259.7656212424767|-259.7656212424767|-259.7656212424767|-259.7656212424767|-259.7656212424767|-259.76651820741057|-259.79551834204256|-259.79551834204256|-259.79551834204256|-259.79551834204256|-259.81049660518005|-259.81049660518005|-259.81049660518005|-259.81049660518005|-259.81049660518005|-259.81049660518005|-259.850139131264|-259.850139131264|-259.850139131264|-259.850139131264|-259.850139131264|-259.86881182543397|-259.86881182543397|-259.86881182543397|-259.86881182543397|-259.86881182543397|-259.86881182543397|-259.86881182543397|-259.86881182543397|-259.86881182543397|-259.8832989884465|-259.8832989884465|-259.8832989884465|-259.8832989884465|-259.8835151752933|-259.8835151752933|-259.8835151752933|-259.8835151752933|-259.8835151752933|-259.8835151752933|-259.9818154368826|-259.9818154368826|-259.982040976587|-259.982040976587|-259.982040976587|-259.982040976587|-259.982040976587|-259.982040976587|-259.982040976587|-259.982040976587|-259.982040976587|-259.982040976587|-259.982040976587|-259.982040976587|-259.982040976587|-259.982040976587|-260.00228929183635|-260.00228929183635|-260.00228929183635|-260.0026859100455|-260.0026859100455|-260.0026859100455|-260.0026859100455|-260.0026859100455|-260.0026859100455|-260.0026859100455|-260.0026859100455|-260.0026859100455|-260.0026859100455|-260.0026859100455|-260.0026859100455|-260.0026859100455|-260.0026859100455|-260.0026859100455|-260.0026859100455|-260.0026859100455|-260.0026859100455|-260.0026859100455|-260.0026859100455|-260.0026859100455|-260.0026859100455|-260.0026859100455|-260.0026859100455|-260.0026859100455|-260.0026859100455|-260.0026859100455|-260.0026859100455|-260.0026859100455|-260.0026859100455|-260.0026859100455|-260.0026859100455|-260.0026859100455|-260.01069301589337|-260.01069301589337|-260.01069301589337|-260.01069301589337|-260.01069301589337|-260.01069301589337|-260.01069301589337|-260.01069301589337|-260.01069301589337|-260.01069301589337|-260.01069301589337|-260.0153028983123|-260.0153028983123|-260.0153028983123|-260.0153028983123|-260.0153028983123|-260.0153028983123|-260.0153028983123|-260.0153028983123|-260.0153028983123|-260.0153028983123|-260.0153028983123|-260.0153028983123|-260.0153028983123|-260.0153028983123|-260.0153028983123|-260.0153028983123|-260.0153028983123|-260.0153028983123|-260.0153028983123|-260.0153028983123|-260.0153028983123|-260.01931259948265|-260.01931259948265|-260.01931259948265|-260.01931259948265|-260.01931259948265|-260.01931259948265|-260.01931259948265|-260.01931259948265|-260.0201707714551|-260.0201707714551|-260.0201707714551|-260.0201707714551|-260.0201707714551|-260.0201707714551|-260.0201707714551|-260.0201707714551|-260.0201707714551|-260.0201707714551|-260.0201707714551|-260.0201707714551|-260.0201707714551|-260.0201707714551|-260.0201707714551|-260.0201707714551|-260.0201707714551|-260.0201707714551|-260.0201707714551|-260.0201707714551|-260.0201707714551|-260.0201707714551|-260.0201707714551|-260.020634369738|-260.020634369738|-260.0224706757286|-260.0224706757286|-260.0224706757286|-260.0233919018456|-260.0233919018456|-260.0233919018456|-260.0233919018456|-260.0233919018456|-260.0233919018456|-260.0233919018456|-260.0233919018456|-260.0233919018456|-260.0233919018456|-260.0233919018456|-260.0233919018456|-260.02423244294977|-260.02423244294977|-260.02423244294977|-260.02423244294977|-260.02423244294977|-260.02423244294977|-260.02423244294977|-260.02423244294977|-260.02423244294977|-260.02423244294977|-260.02423244294977|-260.02423244294977|-260.02423244294977|-260.02423244294977|-260.02423244294977|-260.02423244294977|-260.02423244294977|-260.02423244294977|-260.02423244294977|-260.02423244294977|-260.02423244294977|-260.02423244294977|-260.02423244294977|-260.02423244294977|-260.02423244294977|-260.02423244294977|-260.02423244294977|-260.02423244294977|-260.02437046131155|-260.02437046131155|-260.02437046131155|-260.02437046131155|-260.02437046131155|-260.02437046131155|-260.02437046131155|-260.02437046131155|-260.02437046131155|-260.02437046131155|-260.02437046131155|-260.02437046131155|-260.02437046131155|-260.02437046131155|-260.02437046131155|-260.02438018158176|-260.02438018158176|-260.02438018158176|-260.02438018158176|-260.02438018158176|-260.02438018158176|-260.02438018158176|-260.02438018158176|-260.02438018158176|-260.02438018158176|-260.02438018158176|-260.02438018158176|-260.02438018158176|-260.02438018158176|-260.02438018158176|-260.02438018158176|-260.02438018158176|-260.02438018158176|-260.02438018158176|-260.02438018158176|-260.02438018158176|-260.02438018158176|-260.02438018158176|-260.02438018158176|-260.02438018158176|-260.02438018158176|-260.02438018158176|-260.02438018158176|-260.02438018158176|-260.02438018158176|-260.02438018158176|-260.02445583728286|-260.02445583728286|-260.02445583728286|-260.02445583728286|-260.02445583728286|-260.02445583728286
population_50,7,50,300,5,0.5,10,70,107,10107,15050,-260.02288502708564,-2.9032036423891308,2.7346693051242417,-2.9043499915885196,-2.904018435237854,-2.9121458845284742,-2.9059699893635,-2.904062682056358,-226.72701979648397,2.7883593771073487,-3.44610366011311,-3.6371658396051663,-2.7630359180201514,-2.95495037732925,-2.676223193611902,-1.7860234601409273,-173.04263249712506|-173.04263249712506|-173.04263249712506|-204.22485018046564|-204.22485018046564|-204.22485018046564|-204.22987959015865|-214.51166652099727|-214.51166652099727|-222.65289290011984|-231.6740004851232|-249.906285989378|-249.906285989378|-249.906285989378|-256.6330309586516|-256.6330309586516|-257.3065495512501|-257.4862464708692|-258.4492669405597|-259.1227855331582|-259.18710541208907|-259.18710541208907|-259.18710541208907|-259.18710541208907|-259.4617202976846|-259.4617202976846|-259.4617202976846|-259.4617202976846|-259.711995655027|-259.711995655027|-259.711995655027|-259.711995655027|-259.711995655027|-259.711995655027|-259.8478153044705|-259.8478153044705|-259.8478153044705|-259.8478153044705|-259.8478153044705|-259.8478153044705|-259.8478153044705|-259.8478153044705|-259.8478153044705|-259.92833657717955|-259.92833657717955|-259.9292275491332|-259.9292275491332|-259.961439150002|-259.961439150002|-259.961439150002|-259.961439150002|-259.961439150002|-259.961439150002|-259.9668400622215|-259.98063305035066|-259.98063305035066|-259.98063305035066|-259.98063305035066|-259.98063305035066|-259.98063305035066|-259.98063305035066|-259.9851429906165|-259.9851429906165|-259.9851429906165|-259.9851429906165|-259.9851429906165|-259.9851429906165|-259.9851429906165|-259.9851429906165|-259.9851429906165|-259.9851429906165|-259.9851429906165|-259.9851429906165|-259.9851429906165|-259.9851429906165|-259.99432262394237|-259.99432262394237|-259.99432262394237|-259.99432262394237|-259.99432262394237|-259.9966472184821|-259.9966472184821|-259.9966472184821|-259.9966472184821|-259.9966472184821|-259.9966472184821|-259.9966472184821|-260.0015671623767|-260.0015671623767|-260.0015671623767|-260.0015671623767|-260.0015671623767|-260.0015671623767|-260.0015671623767|-260.0015671623767|-260.0015671623767|-260.0015671623767|-260.0015671623767|-260.00187183837977|-260.00187183837977|-260.00187183837977|-260.00187183837977|-260.00187183837977|-260.00187183837977|-260.00187183837977|-260.00187183837977|-260.00187183837977|-260.00187183837977|-260.00187183837977|-260.00326190125134|-260.00326190125134|-260.00326190125134|-260.00326190125134|-260.00326190125134|-260.00326190125134|-260.00420964509124|-260.00420964509124|-260.00420964509124|-260.0071272112863|-260.0071272112863|-260.0071272112863|-260.0071272112863|-260.0071272112863|-260.0078378444628|-260.0078378444628|-260.0078378444628|-260.0078378444628|-260.0078378444628|-260.0078378444628|-260.0078378444628|-260.0078378444628|-260.0078378444628|-260.0078378444628|-260.0078378444628|-260.0078378444628|-260.0078378444628|-260.0078378444628|-260.0078378444628|-260.0078378444628|-260.0078378444628|-260.0078378444628|-260.0078378444628|-260.0078378444628|-260.0078378444628|-260.0078378444628|-260.0078378444628|-260.0078378444628|-260.0193000760913|-260.0193000760913|-260.0193000760913|-260.0193000760913|-260.0193000760913|-260.0193000760913|-260.0193000760913|-260.0193000760913|-260.0193000760913|-260.01999856858197|-260.01999856858197|-260.01999856858197|-260.01999856858197|-260.01999856858197|-260.01999856858197|-260.01999856858197|-260.01999856858197|-260.01999856858197|-260.01999856858197|-260.01999856858197|-260.01999856858197|-260.01999856858197|-260.01999856858197|-260.0211624248455|-260.0211624248455|-260.0211624248455|-260.0211624248455|-260.0211624248455|-260.0211624248455|-260.0211624248455|-260.0211624248455|-260.0211624248455|-260.0211624248455|-260.0211624248455|-260.02148822975386|-260.02148822975386|-260.02148822975386|-260.02148822975386|-260.02148822975386|-260.02148822975386|-260.02148822975386|-260.02148822975386|-260.02148822975386|-260.02148822975386|-260.02148822975386|-260.02148822975386|-260.02148822975386|-260.02148822975386|-260.02148822975386|-260.02148822975386|-260.02148822975386|-260.02148822975386|-260.02148822975386|-260.02148822975386|-260.02148822975386|-260.02148822975386|-260.02148822975386|-260.02148822975386|-260.02148822975386|-260.02148822975386|-260.02148822975386|-260.02148822975386|-260.02148822975386|-260.02148822975386|-260.02148822975386|-260.02148822975386|-260.02148822975386|-260.02148822975386|-260.02148822975386|-260.02148822975386|-260.02148822975386|-260.02148822975386|-260.02148822975386|-260.02148822975386|-260.02148822975386|-260.02148822975386|-260.02148822975386|-260.02148822975386|-260.02148822975386|-260.02148822975386|-260.02148822975386|-260.02148822975386|-260.02148822975386|-260.02148822975386|-260.02148822975386|-260.02272576955545|-260.02272576955545|-260.02272576955545|-260.02272576955545|-260.02272576955545|-260.02272576955545|-260.02272576955545|-260.02288502708564|-260.02288502708564|-260.02288502708564|-260.02288502708564|-260.02288502708564|-260.02288502708564|-260.02288502708564|-260.02288502708564|-260.02288502708564|-260.02288502708564|-260.02288502708564|-260.02288502708564|-260.02288502708564|-260.02288502708564|-260.02288502708564|-260.02288502708564|-260.02288502708564|-260.02288502708564|-260.02288502708564|-260.02288502708564|-260.02288502708564|-260.02288502708564|-260.02288502708564|-260.02288502708564|-260.02288502708564|-260.02288502708564|-260.02288502708564|-260.02288502708564|-260.02288502708564|-260.02288502708564|-260.02288502708564|-260.02288502708564|-260.02288502708564|-260.02288502708564|-260.02288502708564|-260.02288502708564|-260.02288502708564|-260.02288502708564|-260.02288502708564|-260.02288502708564|-260.02288502708564|-260.02288502708564|-260.02288502708564|-260.02288502708564|-260.02288502708564|-260.02288502708564|-260.02288502708564|-260.02288502708564|-260.02288502708564|-260.02288502708564|-260.02288502708564|-260.02288502708564|-260.02288502708564|-260.02288502708564|-260.02288502708564|-260.02288502708564|-260.02288502708564|-260.02288502708564|-260.02288502708564|-260.02288502708564|-260.02288502708564|-260.02288502708564
population_50,8,50,300,5,0.5,10,70,108,10108,15050,-274.1621109814437,-2.902888920235045,-2.9057812062331827,-2.902285493227584,-2.904639764367402,-2.9097348222219668,-2.8999750832494886,-2.9024245630559813,-237.05795912385298,-2.3648736367909406,-2.866448267139993,-2.637834348207706,-3.2914374863464593,-2.3681264305653182,-1.2515258885422051,-2.8664339276511805,-191.8969775632986|-191.8969775632986|-206.60015076030086|-206.60015076030086|-206.60015076030086|-221.01157087769906|-227.07587335536456|-227.07587335536456|-240.03535590036|-245.34981950885316|-245.34981950885316|-253.36889988135948|-257.67838050861707|-257.67838050861707|-261.84815184813414|-264.2081849056868|-264.2081849056868|-265.096851567075|-266.9376416747973|-266.9376416747973|-268.6808472205386|-271.730264360485|-271.730264360485|-271.730264360485|-271.730264360485|-271.730264360485|-273.0948796373554|-273.5992992390475|-273.5992992390475|-273.5992992390475|-273.5992992390475|-273.7348047786171|-273.7348047786171|-273.7348047786171|-273.7348047786171|-273.7348047786171|-273.7348047786171|-273.7348047786171|-273.7697403529357|-273.7697403529357|-273.8734725911971|-273.8734725911971|-273.8734725911971|-273.8734725911971|-273.8734725911971|-273.8734725911971|-273.8734725911971|-273.8734725911971|-273.88415825965825|-273.88415825965825|-273.88415825965825|-273.88415825965825|-273.88415825965825|-273.88415825965825|-273.92959594175403|-273.92959594175403|-273.92959594175403|-273.92959594175403|-273.94538943104016|-273.94538943104016|-273.94538943104016|-273.94538943104016|-273.94538943104016|-273.94538943104016|-273.94538943104016|-273.94538943104016|-273.94538943104016|-273.94538943104016|-273.94538943104016|-273.94538943104016|-273.97560334878256|-274.01339946907683|-274.01339946907683|-274.01339946907683|-274.01339946907683|-274.01339946907683|-274.01339946907683|-274.01339946907683|-274.01339946907683|-274.01339946907683|-274.01339946907683|-274.01339946907683|-274.01339946907683|-274.01339946907683|-274.01339946907683|-274.01339946907683|-274.01339946907683|-274.01339946907683|-274.01339946907683|-274.01339946907683|-274.01339946907683|-274.01339946907683|-274.01339946907683|-274.08971426734945|-274.08971426734945|-274.08971426734945|-274.08971426734945|-274.08971426734945|-274.08971426734945|-274.08971426734945|-274.1054310828433|-274.1054310828433|-274.1054310828433|-274.1054310828433|-274.1054310828433|-274.1054310828433|-274.1054310828433|-274.1054310828433|-274.1054310828433|-274.1054310828433|-274.12040354324824|-274.12040354324824|-274.12040354324824|-274.12040354324824|-274.12040354324824|-274.12040354324824|-274.12040354324824|-274.1383720523436|-274.1383720523436|-274.1383720523436|-274.1383720523436|-274.1383720523436|-274.1383720523436|-274.1383720523436|-274.1383720523436|-274.1383720523436|-274.1383720523436|-274.1383720523436|-274.1383720523436|-274.14705107180697|-274.14705107180697|-274.14705107180697|-274.14705107180697|-274.14705107180697|-274.1486025564232|-274.1486025564232|-274.1486025564232|-274.1486025564232|-274.1486025564232|-274.1486025564232|-274.1486025564232|-274.1486025564232|-274.1486025564232|-274.1486025564232|-274.1486534843783|-274.1495941073752|-274.1495941073752|-274.1495941073752|-274.1495941073752|-274.1495941073752|-274.1495941073752|-274.1495941073752|-274.1495941073752|-274.1495941073752|-274.1495941073752|-274.1495941073752|-274.1495941073752|-274.15268720009186|-274.15268720009186|-274.15367875104386|-274.15367875104386|-274.15367875104386|-274.15367875104386|-274.15367875104386|-274.15367875104386|-274.15367875104386|-274.15367875104386|-274.16024468237185|-274.16024468237185|-274.16024468237185|-274.16024468237185|-274.1612362333239|-274.1612362333239|-274.1612362333239|-274.1613652426078|-274.1613652426078|-274.1613652426078|-274.1613652426078|-274.1613652426078|-274.1613652426078|-274.1613652426078|-274.1613652426078|-274.1613652426078|-274.1613652426078|-274.1617894093961|-274.1617894093961|-274.1617894093961|-274.1617894093961|-274.1617894093961|-274.1617894093961|-274.1617894093961|-274.1617894093961|-274.1617894093961|-274.1617894093961|-274.1617894093961|-274.1617894093961|-274.1617894093961|-274.1617894093961|-274.1617894093961|-274.1617894093961|-274.1617894093961|-274.1617894093961|-274.1618275090741|-274.1618275090741|-274.1618275090741|-274.1618275090741|-274.1618275090741|-274.1618275090741|-274.1618275090741|-274.1618275090741|-274.1618275090741|-274.1618275090741|-274.1618275090741|-274.1618275090741|-274.1618275090741|-274.1618275090741|-274.1618275090741|-274.1618275090741|-274.1618275090741|-274.1618275090741|-274.1618275090741|-274.1618275090741|-274.1618275090741|-274.1618275090741|-274.1618275090741|-274.1618275090741|-274.1618275090741|-274.1618275090741|-274.1618275090741|-274.1618275090741|-274.1618275090741|-274.1618275090741|-274.1618275090741|-274.1618275090741|-274.1618275090741|-274.1618275090741|-274.1618275090741|-274.1618275090741|-274.1618275090741|-274.1618275090741|-274.1618275090741|-274.1618275090741|-274.1618275090741|-274.1618275090741|-274.1618275090741|-274.1618275090741|-274.1618713126256|-274.1618713126256|-274.1618713126256|-274.1618713126256|-274.1618713126256|-274.1618713126256|-274.1618713126256|-274.1618713126256|-274.1618713126256|-274.1619049376648|-274.1619049376648|-274.1619049376648|-274.1619049376648|-274.1619049376648|-274.1619049376648|-274.1619049376648|-274.1619049376648|-274.1619049376648|-274.1619049376648|-274.1619049376648|-274.1619049376648|-274.1619049376648|-274.1619049376648|-274.1619049376648|-274.1619049376648|-274.1619049376648|-274.1619049376648|-274.1619049376648|-274.1619049376648|-274.1619049376648|-274.1619049376648|-274.1619049376648|-274.1619049376648|-274.1619049376648|-274.1619049376648|-274.1621109814437|-274.1621109814437|-274.1621109814437|-274.1621109814437|-274.1621109814437|-274.1621109814437|-274.1621109814437|-274.1621109814437|-274.1621109814437|-274.1621109814437|-274.1621109814437|-274.1621109814437|-274.1621109814437|-274.1621109814437|-274.1621109814437|-274.1621109814437|-274.1621109814437|-274.1621109814437|-274.1621109814437|-274.1621109814437
population_50,9,50,300,5,0.5,10,70,109,10109,15050,-274.15883848024106,-2.9034588090714895,-2.8894345664802796,-2.9034899544774238,-2.8974833748839353,-2.9058455229950613,-2.9009373513520647,-2.901680172388047,-235.21108986335776,-3.1005417856267927,-2.7977661893879633,2.711099154640463,-3.126552383425948,-2.8146035644666267,3.246181337687254,-3.3679344456561013,-175.2647530963705|-175.2647530963705|-175.2647530963705|-175.2647530963705|-184.1090671681224|-200.964607976548|-205.66381129003526|-241.95762879762998|-241.95762879762998|-247.85234670097995|-247.85234670097995|-254.48937236021692|-254.48937236021692|-254.48937236021692|-259.20479812316137|-259.20479812316137|-259.20479812316137|-265.0173347517814|-265.0173347517814|-265.0173347517814|-269.00880628910363|-269.15439715765046|-272.555842777237|-272.555842777237|-272.555842777237|-272.9678126652492|-272.9678126652492|-273.1207596137026|-273.1207596137026|-273.1207596137026|-273.4308292216345|-273.4308292216345|-273.44315302758184|-273.44315302758184|-273.44315302758184|-273.44315302758184|-273.4482145836217|-273.4482145836217|-273.45116421992986|-273.6346845583429|-273.6346845583429|-273.6346845583429|-273.64269575069096|-273.6732356677593|-273.7062307189225|-273.7062307189225|-273.7062307189225|-273.7062307189225|-273.7062307189225|-273.71424191127056|-273.75025117655696|-273.75025117655696|-273.75025117655696|-273.78880228597336|-273.78880228597336|-273.78880228597336|-273.78880228597336|-273.78880228597336|-273.78880228597336|-273.78880228597336|-273.78880228597336|-273.7904345992019|-273.7904345992019|-273.794518239496|-273.8302622412133|-273.9568660882609|-273.9568660882609|-273.9568660882609|-273.9568660882609|-273.9568660882609|-273.9625820417835|-273.9625820417835|-273.9625820417835|-273.99200857945345|-273.99200857945345|-273.99200857945345|-273.99200857945345|-273.99200857945345|-273.99772453297606|-273.99772453297606|-274.020865687879|-274.020865687879|-274.020865687879|-274.020865687879|-274.0298325393146|-274.0298325393146|-274.0298325393146|-274.0298325393146|-274.0298325393146|-274.0298325393146|-274.0298325393146|-274.0298325393146|-274.04143606391204|-274.04143606391204|-274.04143606391204|-274.04143606391204|-274.04143606391204|-274.04143606391204|-274.04143606391204|-274.04468696182494|-274.04468696182494|-274.0504029153476|-274.0504029153476|-274.0504029153476|-274.0504029153476|-274.0504029153476|-274.053914498955|-274.053914498955|-274.053914498955|-274.053914498955|-274.053914498955|-274.053914498955|-274.1237177455413|-274.1237177455413|-274.1237177455413|-274.12685258183126|-274.12685258183126|-274.12685258183126|-274.12685258183126|-274.12685258183126|-274.12685258183126|-274.12797550152163|-274.12797550152163|-274.12797550152163|-274.12797550152163|-274.1311103378116|-274.1311103378116|-274.1311103378116|-274.1311103378116|-274.1311103378116|-274.1311103378116|-274.1311103378116|-274.1311103378116|-274.1311103378116|-274.13588640723515|-274.13588640723515|-274.1450471093383|-274.1450471093383|-274.1450471093383|-274.1450471093383|-274.1450471093383|-274.1450471093383|-274.1450471093383|-274.1539538173532|-274.1539538173532|-274.1539538173532|-274.1539538173532|-274.1539538173532|-274.1539538173532|-274.1539538173532|-274.1539538173532|-274.1539538173532|-274.1539538173532|-274.1539538173532|-274.1539538173532|-274.1539538173532|-274.1539538173532|-274.1539538173532|-274.1539538173532|-274.1539538173532|-274.1539538173532|-274.1539538173532|-274.1539538173532|-274.1539538173532|-274.1539538173532|-274.1539538173532|-274.1539538173532|-274.1539538173532|-274.1539538173532|-274.1539538173532|-274.1539538173532|-274.1539538173532|-274.1539538173532|-274.1539538173532|-274.1539538173532|-274.1539538173532|-274.1539538173532|-274.1539538173532|-274.1553093694011|-274.1553093694011|-274.1553093694011|-274.1553093694011|-274.1553093694011|-274.1553093694011|-274.1553093694011|-274.1553093694011|-274.1553093694011|-274.155511291974|-274.155511291974|-274.155511291974|-274.155511291974|-274.155511291974|-274.155511291974|-274.155511291974|-274.155511291974|-274.155511291974|-274.155511291974|-274.155511291974|-274.155511291974|-274.155511291974|-274.155511291974|-274.155511291974|-274.155511291974|-274.155511291974|-274.155511291974|-274.155511291974|-274.155511291974|-274.155511291974|-274.155511291974|-274.155511291974|-274.155511291974|-274.155511291974|-274.155511291974|-274.155511291974|-274.155511291974|-274.155511291974|-274.155511291974|-274.155511291974|-274.155511291974|-274.155511291974|-274.155511291974|-274.155511291974|-274.155511291974|-274.155511291974|-274.155511291974|-274.155511291974|-274.155511291974|-274.155511291974|-274.155511291974|-274.155511291974|-274.155511291974|-274.155511291974|-274.155511291974|-274.155511291974|-274.15583098236283|-274.15583098236283|-274.15583098236283|-274.15583098236283|-274.15583098236283|-274.15583098236283|-274.15729849085915|-274.15729849085915|-274.15729849085915|-274.15729849085915|-274.15729849085915|-274.15729849085915|-274.157618181248|-274.157618181248|-274.157618181248|-274.157618181248|-274.157618181248|-274.157618181248|-274.157618181248|-274.157618181248|-274.157618181248|-274.157618181248|-274.15859468952596|-274.15859468952596|-274.15859468952596|-274.15859468952596|-274.15859468952596|-274.15859468952596|-274.15859468952596|-274.15859468952596|-274.15859468952596|-274.15859468952596|-274.15859468952596|-274.15859468952596|-274.15859468952596|-274.15859468952596|-274.15859468952596|-274.15859468952596|-274.15859468952596|-274.15859468952596|-274.15883848024106|-274.15883848024106|-274.15883848024106|-274.15883848024106|-274.15883848024106|-274.15883848024106|-274.15883848024106|-274.15883848024106|-274.15883848024106|-274.15883848024106|-274.15883848024106|-274.15883848024106|-274.15883848024106|-274.15883848024106|-274.15883848024106|-274.15883848024106|-274.15883848024106|-274.15883848024106|-274.15883848024106|-274.15883848024106|-274.15883848024106|-274.15883848024106|-274.15883848024106|-274.15883848024106|-274.15883848024106|-274.15883848024106|-274.15883848024106
population_50,10,50,300,5,0.5,10,70,110,10110,15050,-231.7509801918495,-2.902747362369618,-2.9056718148821896,2.748035772282258,-2.9051649329079847,-2.900568567876354,2.7453091978089734,2.736066909625435,-233.9936285248939,-3.209337182546043,-2.5726101261282786,3.6812393860474586,-2.3793057001268214,-2.8700598836809075,-2.8477265904824653,-3.1222169025735713,-161.0315629623047|-212.35665953628362|-212.35665953628362|-212.35665953628362|-212.44962139127517|-218.0333161756038|-218.0333161756038|-218.0333161756038|-218.0333161756038|-218.7600293845378|-222.10978503673326|-222.10978503673326|-222.83649824566726|-222.83649824566726|-226.58623971988254|-226.58623971988254|-226.58623971988254|-226.58623971988254|-226.58623971988254|-226.71041133936032|-227.89132556308223|-228.89270776833095|-228.89270776833095|-228.89270776833095|-228.98856357479357|-229.00173598313805|-230.22644890345597|-230.22644890345597|-230.22644890345597|-230.22644890345597|-230.24183101310024|-230.24183101310024|-230.87065470484876|-230.87065470484876|-230.87065470484876|-230.8986498742225|-230.8986498742225|-230.8986498742225|-230.99030584166243|-231.05968417501177|-231.05968417501177|-231.05968417501177|-231.0949783889013|-231.0949783889013|-231.0949783889013|-231.27214588329355|-231.27214588329355|-231.27214588329355|-231.30875446402842|-231.39569617462155|-231.39569617462155|-231.47221505506735|-231.47221505506735|-231.47221505506735|-231.56047113250582|-231.56047113250582|-231.56178549935117|-231.56178549935117|-231.56985856269858|-231.56985856269858|-231.61038301919402|-231.61038301919402|-231.61038301919402|-231.61038301919402|-231.61038301919402|-231.61977044938678|-231.61977044938678|-231.61977044938678|-231.62721443002079|-231.6955676062907|-231.6955676062907|-231.6955676062907|-231.7036406696381|-231.70495503648345|-231.71545434258266|-231.71545434258266|-231.71545434258266|-231.71545434258266|-231.71545434258266|-231.71545434258266|-231.71545434258266|-231.71545434258266|-231.72421269006202|-231.72421269006202|-231.72625789783226|-231.72625789783226|-231.72625789783226|-231.72625789783226|-231.72625789783226|-231.72625789783226|-231.72625789783226|-231.72625789783226|-231.72625789783226|-231.73361684690045|-231.73361684690045|-231.73361684690045|-231.73361684690045|-231.73361684690045|-231.73421091191656|-231.7359531709562|-231.7359531709562|-231.7359531709562|-231.7359531709562|-231.7359531709562|-231.7359531709562|-231.7359531709562|-231.7359531709562|-231.7359531709562|-231.7359531709562|-231.7359531709562|-231.7383072412705|-231.7383072412705|-231.7383072412705|-231.7383072412705|-231.7383072412705|-231.7383072412705|-231.739192626053|-231.739192626053|-231.739192626053|-231.739192626053|-231.739192626053|-231.739192626053|-231.739192626053|-231.739192626053|-231.739192626053|-231.739192626053|-231.739192626053|-231.739192626053|-231.739192626053|-231.739192626053|-231.739192626053|-231.739192626053|-231.739192626053|-231.739192626053|-231.739192626053|-231.739192626053|-231.739192626053|-231.74149888677738|-231.74149888677738|-231.74149888677738|-231.74149888677738|-231.74149888677738|-231.74149888677738|-231.74149888677738|-231.74149888677738|-231.74149888677738|-231.74149888677738|-231.74149888677738|-231.74149888677738|-231.74149888677738|-231.74149888677738|-231.74149888677738|-231.74149888677738|-231.74149888677738|-231.74149888677738|-231.74149888677738|-231.74149888677738|-231.74149888677738|-231.74149888677738|-231.74149888677738|-231.74311124424514|-231.74311124424514|-231.74311124424514|-231.74311124424514|-231.74311124424514|-231.74311124424514|-231.74311124424514|-231.74364434668274|-231.74364434668274|-231.74364434668274|-231.74364434668274|-231.74364434668274|-231.74364434668274|-231.74364434668274|-231.74364434668274|-231.74364434668274|-231.74364434668274|-231.74364434668274|-231.74916874437275|-231.74916874437275|-231.74916874437275|-231.7492855170088|-231.7492855170088|-231.7492855170088|-231.7492855170088|-231.7492855170088|-231.7492855170088|-231.7492855170088|-231.7492855170088|-231.7492855170088|-231.7492855170088|-231.7492855170088|-231.7492855170088|-231.7492855170088|-231.7492855170088|-231.7492855170088|-231.74932698059445|-231.74932698059445|-231.74932698059445|-231.74932698059445|-231.74932698059445|-231.74932698059445|-231.74932698059445|-231.74932698059445|-231.74932698059445|-231.74932698059445|-231.74932698059445|-231.74932698059445|-231.74932698059445|-231.74932698059445|-231.74932698059445|-231.74932698059445|-231.74932698059445|-231.74932698059445|-231.74932698059445|-231.74932698059445|-231.74932698059445|-231.74932698059445|-231.74932698059445|-231.74932698059445|-231.74932698059445|-231.74932698059445|-231.74932698059445|-231.74932698059445|-231.74932698059445|-231.74932698059445|-231.74932698059445|-231.74932698059445|-231.74932698059445|-231.74932698059445|-231.74932698059445|-231.74932698059445|-231.74932698059445|-231.74932698059445|-231.74932698059445|-231.74932698059445|-231.74932698059445|-231.74932698059445|-231.75083443126897|-231.75083443126897|-231.75083443126897|-231.75083443126897|-231.75083443126897|-231.75083443126897|-231.75083443126897|-231.75083443126897|-231.75083443126897|-231.75083443126897|-231.75083443126897|-231.75083443126897|-231.75083443126897|-231.75083443126897|-231.75083443126897|-231.75083443126897|-231.75083443126897|-231.75083443126897|-231.75083443126897|-231.75083443126897|-231.75083443126897|-231.75083443126897|-231.75083443126897|-231.75097000935344|-231.75097000935344|-231.75097000935344|-231.75097000935344|-231.75097000935344|-231.75097000935344|-231.75097000935344|-231.75097000935344|-231.75097000935344|-231.75097000935344|-231.75097000935344|-231.75097000935344|-231.75097000935344|-231.75097000935344|-231.75097000935344|-231.75097000935344|-231.75097000935344|-231.75097000935344|-231.75097000935344|-231.75097000935344|-231.75097000935344|-231.75097000935344|-231.75097000935344|-231.75097000935344|-231.75097000935344|-231.75097000935344|-231.75097000935344|-231.75097000935344|-231.75097000935344|-231.75097000935344|-231.75097000935344|-231.75097000935344|-231.75097000935344|-231.75097000935344|-231.7509801918495|-231.7509801918495|-231.7509801918495|-231.7509801918495|-231.7509801918495|-231.7509801918495
population_50,11,50,300,5,0.5,10,70,111,10111,15050,-245.88644110325328,-2.9030303379559896,2.749247619094338,-2.9037053401035635,-2.9033012565216474,2.73376847408101,-2.9088652909272934,-2.9071052871743888,-235.23206154139748,-2.9622270128641324,-3.1622693132907798,-3.014530221177573,-3.0620272729467715,-2.6573524104841315,-1.9064853801715866,1.7291006656851025,-139.8711256659439|-139.8711256659439|-147.67319396448022|-158.72435227753962|-173.88850714883887|-187.52677229835115|-202.79649562213697|-209.75565414785748|-220.32537342294603|-230.32691053961665|-241.0325511122118|-241.0325511122118|-241.0325511122118|-242.38806367798705|-242.38806367798705|-242.88263024856482|-242.88263024856482|-242.88263024856482|-242.88263024856482|-244.75822423855718|-244.75822423855718|-245.3400386482638|-245.3400386482638|-245.3400386482638|-245.3400386482638|-245.3400386482638|-245.3400386482638|-245.41334784561425|-245.41334784561425|-245.41516031497747|-245.47639788203074|-245.47639788203074|-245.48846951232792|-245.48846951232792|-245.55888140163833|-245.56619261138727|-245.56619261138727|-245.56619261138727|-245.56619261138727|-245.6778489108361|-245.6778489108361|-245.6778489108361|-245.6778489108361|-245.6778489108361|-245.6778489108361|-245.6811797266813|-245.76034391655847|-245.76034391655847|-245.76034391655847|-245.76034391655847|-245.76034391655847|-245.81714827834006|-245.81714827834006|-245.81714827834006|-245.81714827834006|-245.81714827834006|-245.81714827834006|-245.81714827834006|-245.81714827834006|-245.81714827834006|-245.81714827834006|-245.81714827834006|-245.8220815772751|-245.8220815772751|-245.8220815772751|-245.83190892714467|-245.83190892714467|-245.83190892714467|-245.83190892714467|-245.83190892714467|-245.83190892714467|-245.83190892714467|-245.83190892714467|-245.83190892714467|-245.83190892714467|-245.83190892714467|-245.83190892714467|-245.83190892714467|-245.83190892714467|-245.83190892714467|-245.83190892714467|-245.83190892714467|-245.83190892714467|-245.83190892714467|-245.83190892714467|-245.83190892714467|-245.83190892714467|-245.83190892714467|-245.83190892714467|-245.8327049806737|-245.8327049806737|-245.8327049806737|-245.8327049806737|-245.8327049806737|-245.86032622709675|-245.86032622709675|-245.8781895012596|-245.8781895012596|-245.8781895012596|-245.8781895012596|-245.8781895012596|-245.8781895012596|-245.8781895012596|-245.8781895012596|-245.8781895012596|-245.8781895012596|-245.8781895012596|-245.8781895012596|-245.88092449806223|-245.88092449806223|-245.88092449806223|-245.88092449806223|-245.88092449806223|-245.88092449806223|-245.88092449806223|-245.88092449806223|-245.88092449806223|-245.88092449806223|-245.88092449806223|-245.88092449806223|-245.8814141154476|-245.8821746514233|-245.8821746514233|-245.8821746514233|-245.8821746514233|-245.8821746514233|-245.8821746514233|-245.8821746514233|-245.8821746514233|-245.8821746514233|-245.88456588564463|-245.88456588564463|-245.88456588564463|-245.88456588564463|-245.88456588564463|-245.88456588564463|-245.88524172830105|-245.88524172830105|-245.88524172830105|-245.88524172830105|-245.88524172830105|-245.88524172830105|-245.88524172830105|-245.88524172830105|-245.88524172830105|-245.88524172830105|-245.88524172830105|-245.88524172830105|-245.88524172830105|-245.88524172830105|-245.88524172830105|-245.88524172830105|-245.88524172830105|-245.88524172830105|-245.88524172830105|-245.88524172830105|-245.88524172830105|-245.88524172830105|-245.88524172830105|-245.88524172830105|-245.88524172830105|-245.88524172830105|-245.88524172830105|-245.88524172830105|-245.88524172830105|-245.88524172830105|-245.88524172830105|-245.88524172830105|-245.88524172830105|-245.88524172830105|-245.88524172830105|-245.88524172830105|-245.88546271991345|-245.88546271991345|-245.88546271991345|-245.88546271991345|-245.88546271991345|-245.88546271991345|-245.88546271991345|-245.88546271991345|-245.88546271991345|-245.88546271991345|-245.88546271991345|-245.88546271991345|-245.88546271991345|-245.88546271991345|-245.88546271991345|-245.88546271991345|-245.88546271991345|-245.88546271991345|-245.88546271991345|-245.88546271991345|-245.88546271991345|-245.88546271991345|-245.88546271991345|-245.88546271991345|-245.88546271991345|-245.88546271991345|-245.88569253025267|-245.88569253025267|-245.88569253025267|-245.88569253025267|-245.88569253025267|-245.88569253025267|-245.88569253025267|-245.88569253025267|-245.88569253025267|-245.88569253025267|-245.88569253025267|-245.88569253025267|-245.88569253025267|-245.88569253025267|-245.88569253025267|-245.88569253025267|-245.88569253025267|-245.88569253025267|-245.88573491164397|-245.88573491164397|-245.88573491164397|-245.8863394133928|-245.8863394133928|-245.8863394133928|-245.8863394133928|-245.8863394133928|-245.8863394133928|-245.8863394133928|-245.8863394133928|-245.88638179478409|-245.88638179478409|-245.88638179478409|-245.88638179478409|-245.88638179478409|-245.88638179478409|-245.88638179478409|-245.88638179478409|-245.88638179478409|-245.88638179478409|-245.88638179478409|-245.88638179478409|-245.88638179478409|-245.88638179478409|-245.88638179478409|-245.88638179478409|-245.88638179478409|-245.88638179478409|-245.88638179478409|-245.88638179478409|-245.88638179478409|-245.88638179478409|-245.88638179478409|-245.88638179478409|-245.88638179478409|-245.88638179478409|-245.88638179478409|-245.88638179478409|-245.88638179478409|-245.88638179478409|-245.88638179478409|-245.88638179478409|-245.88638179478409|-245.88638179478409|-245.88638179478409|-245.88638179478409|-245.88638179478409|-245.88638179478409|-245.88638179478409|-245.88638179478409|-245.88638179478409|-245.88638179478409|-245.88638179478409|-245.88638179478409|-245.88638179478409|-245.88638179478409|-245.88638179478409|-245.88638179478409|-245.88638179478409|-245.88638179478409|-245.88638179478409|-245.88638179478409|-245.88638179478409|-245.88638179478409|-245.88638179478409|-245.88644110325328|-245.88644110325328|-245.88644110325328|-245.88644110325328|-245.88644110325328|-245.88644110325328|-245.88644110325328|-245.88644110325328|-245.88644110325328|-245.88644110325328|-245.88644110325328|-245.88644110325328|-245.88644110325328|-245.88644110325328|-245.88644110325328|-245.88644110325328|-245.88644110325328|-245.88644110325328|-245.88644110325328
population_50,12,50,300,5,0.5,10,70,112,10112,15050,-245.88831070527237,-2.899303819984229,-2.909495316400938,-2.905449565268986,-2.9043860794825735,2.7486138317427877,2.7418699326186378,-2.9041652734332386,-232.8112728777293,-2.592277067002521,-3.4452844920223455,-2.06740692561997,2.712138378132858,-3.251727679459455,-3.2028812847160926,-2.2002441756225255,-185.50899122256632|-185.56825065071064|-190.09761142323362|-196.502446103781|-209.10032420605245|-226.92110071385758|-226.9803601420019|-226.9803601420019|-229.57220895928475|-236.05021754916373|-236.10947697730808|-236.10947697730808|-236.10947697730808|-236.16448808587757|-236.16448808587757|-238.43287044884408|-238.43287044884408|-239.68449533058362|-241.73449790208656|-242.00788880211962|-242.00788880211962|-242.00788880211962|-242.00788880211962|-243.2727513649702|-243.2727513649702|-243.47726257181137|-243.47726257181137|-243.47726257181137|-243.55577671694797|-244.4825903798317|-244.4825903798317|-244.56987233089328|-244.56987233089328|-244.63494388675537|-244.7155453255291|-244.92323199979066|-244.92323199979066|-244.92323199979066|-244.92323199979066|-244.92323199979066|-244.92323199979066|-244.9320999319377|-244.9320999319377|-244.97734857144448|-245.09388463817817|-245.28545960083508|-245.28545960083508|-245.28545960083508|-245.3395761724889|-245.3395761724889|-245.3395761724889|-245.3395761724889|-245.3395761724889|-245.3395761724889|-245.55457022784785|-245.55457022784785|-245.55457022784785|-245.55457022784785|-245.69185298379242|-245.69185298379242|-245.69185298379242|-245.69185298379242|-245.69185298379242|-245.6921575270924|-245.6921575270924|-245.6921575270924|-245.6921575270924|-245.6921575270924|-245.6921575270924|-245.6921575270924|-245.69649506475437|-245.69649506475437|-245.76602015685071|-245.76602015685071|-245.76602015685071|-245.77066223781267|-245.77066223781267|-245.79396488083256|-245.79396488083256|-245.79396488083256|-245.8407113159977|-245.8407113159977|-245.8407113159977|-245.8407113159977|-245.8407113159977|-245.8407113159977|-245.8407113159977|-245.8407113159977|-245.8407113159977|-245.8407113159977|-245.8575370037915|-245.8575370037915|-245.8575370037915|-245.8575370037915|-245.8575370037915|-245.8575370037915|-245.86870178164665|-245.86870178164665|-245.86870178164665|-245.86870178164665|-245.86870178164665|-245.86870178164665|-245.86870178164665|-245.86870178164665|-245.86870178164665|-245.86870178164665|-245.8844618431265|-245.8844618431265|-245.8844618431265|-245.8844618431265|-245.8844618431265|-245.8844618431265|-245.8844618431265|-245.8844618431265|-245.8844618431265|-245.8844618431265|-245.8844618431265|-245.8844618431265|-245.8844618431265|-245.8844618431265|-245.8844618431265|-245.8844618431265|-245.8844618431265|-245.8844618431265|-245.8844618431265|-245.8844618431265|-245.8844618431265|-245.8844618431265|-245.8844618431265|-245.8844618431265|-245.8844618431265|-245.8844618431265|-245.8844618431265|-245.8844618431265|-245.8844618431265|-245.8844618431265|-245.8844618431265|-245.8844618431265|-245.8844618431265|-245.8844618431265|-245.88447061592643|-245.88447061592643|-245.88447061592643|-245.88447061592643|-245.88447061592643|-245.88447061592643|-245.88447061592643|-245.88447061592643|-245.88447061592643|-245.88447061592643|-245.88447061592643|-245.88447061592643|-245.88447061592643|-245.88447061592643|-245.88447061592643|-245.88447061592643|-245.88447061592643|-245.88447061592643|-245.88447061592643|-245.88447061592643|-245.88447061592643|-245.88447061592643|-245.88447061592643|-245.88447061592643|-245.88447061592643|-245.88447061592643|-245.88447061592643|-245.88447061592643|-245.88447061592643|-245.88447061592643|-245.88447061592643|-245.88447061592643|-245.88447061592643|-245.88447061592643|-245.88564814189084|-245.88564814189084|-245.88606802449314|-245.88606802449314|-245.88606802449314|-245.88606802449314|-245.88606802449314|-245.88606802449314|-245.88606802449314|-245.88606802449314|-245.88606802449314|-245.88606802449314|-245.88606802449314|-245.88606802449314|-245.88606802449314|-245.88606802449314|-245.88606802449314|-245.88635560757893|-245.88635560757893|-245.88635560757893|-245.88635560757893|-245.88761453499097|-245.88761453499097|-245.88761453499097|-245.88761453499097|-245.88761453499097|-245.88761453499097|-245.88761453499097|-245.88761453499097|-245.88761453499097|-245.88761453499097|-245.88761453499097|-245.88761453499097|-245.88761453499097|-245.88761453499097|-245.88761453499097|-245.88761453499097|-245.88761453499097|-245.88761453499097|-245.88761453499097|-245.88761453499097|-245.88761453499097|-245.88761453499097|-245.88761453499097|-245.88761453499097|-245.88761453499097|-245.88761453499097|-245.88819435235035|-245.88819435235035|-245.88819435235035|-245.88819435235035|-245.88819435235035|-245.88819435235035|-245.88819435235035|-245.88819435235035|-245.88819435235035|-245.88819435235035|-245.88819435235035|-245.88819435235035|-245.88819435235035|-245.88819435235035|-245.88819435235035|-245.88819435235035|-245.88819435235035|-245.88819435235035|-245.88819435235035|-245.88819435235035|-245.88819435235035|-245.88831070527237|-245.88831070527237|-245.88831070527237|-245.88831070527237|-245.88831070527237|-245.88831070527237|-245.88831070527237|-245.88831070527237|-245.88831070527237|-245.88831070527237|-245.88831070527237|-245.88831070527237|-245.88831070527237|-245.88831070527237|-245.88831070527237|-245.88831070527237|-245.88831070527237|-245.88831070527237|-245.88831070527237|-245.88831070527237|-245.88831070527237|-245.88831070527237|-245.88831070527237|-245.88831070527237|-245.88831070527237|-245.88831070527237|-245.88831070527237|-245.88831070527237|-245.88831070527237|-245.88831070527237|-245.88831070527237|-245.88831070527237|-245.88831070527237|-245.88831070527237|-245.88831070527237|-245.88831070527237|-245.88831070527237|-245.88831070527237|-245.88831070527237|-245.88831070527237|-245.88831070527237|-245.88831070527237|-245.88831070527237|-245.88831070527237|-245.88831070527237|-245.88831070527237|-245.88831070527237|-245.88831070527237|-245.88831070527237|-245.88831070527237|-245.88831070527237|-245.88831070527237|-245.88831070527237|-245.88831070527237|-245.88831070527237|-245.88831070527237|-245.88831070527237|-245.88831070527237|-245.88831070527237
population_50,13,50,300,5,0.5,10,70,113,10113,15050,-260.01995371012015,-2.906805177408827,-2.9031663546853936,-2.9043687617647542,-2.8897972512219168,2.734304401640345,-2.8968830218205963,-2.903788101289447,-225.2065003826247,-2.2018100519075343,-3.3385498939376443,-2.6758510730297846,-2.289767883984901,-1.7763824630310712,-1.6073850925934874,-2.790596815800257,-173.81236670260836|-173.81236670260836|-173.81236670260836|-176.71036240531717|-192.20296827829304|-192.20296827829304|-192.32460347843525|-202.03448372181663|-218.71148345432601|-218.71148345432601|-220.39002896708544|-220.84130778359085|-224.70906481026876|-226.1685974628443|-230.30889610583444|-230.30889610583444|-232.6023481848465|-233.4979500741967|-240.08830929316113|-240.08830929316113|-240.08830929316113|-242.41983164312876|-242.41983164312876|-242.41983164312876|-243.45955517954218|-243.45955517954218|-243.8693964252312|-244.00568900563135|-244.3718749969777|-244.3718749969777|-246.49197520519934|-255.48936573293477|-255.48936573293477|-256.0919774588515|-256.0919774588515|-256.24086268199335|-256.6292224235184|-256.6832063814038|-256.6832063814038|-256.6832063814038|-257.39847694576326|-257.39847694576326|-257.74180477655864|-257.98818725555077|-258.1076644572719|-258.1076644572719|-259.49617107795393|-259.49617107795393|-259.49617107795393|-259.49617107795393|-259.49617107795393|-259.49617107795393|-259.49617107795393|-259.49617107795393|-259.49617107795393|-259.49617107795393|-259.52317713195947|-259.52317713195947|-259.52317713195947|-259.52317713195947|-259.82374745391087|-259.82374745391087|-259.85075350791635|-259.8746671077417|-259.9368754318929|-259.9368754318929|-259.9368754318929|-259.9368754318929|-259.9368754318929|-259.9368754318929|-259.9368754318929|-259.9368754318929|-259.9368754318929|-259.9368754318929|-259.93709663385755|-259.93709663385755|-259.93709663385755|-259.93709663385755|-259.93709663385755|-259.93709663385755|-259.93709663385755|-259.93709663385755|-259.93709663385755|-259.93709663385755|-259.93713893656724|-259.93713893656724|-259.93713893656724|-259.93713893656724|-259.93713893656724|-259.93713893656724|-259.93713893656724|-259.93713893656724|-259.93713893656724|-259.93713893656724|-259.93713893656724|-259.93713893656724|-259.93713893656724|-259.93713893656724|-259.93713893656724|-259.93713893656724|-259.93713893656724|-259.93713893656724|-259.93713893656724|-259.9390925181271|-259.9615513461244|-259.9924231341392|-259.9924231341392|-259.9924231341392|-259.9924231341392|-259.9924231341392|-259.9924231341392|-259.9924231341392|-259.9924231341392|-259.9924231341392|-259.9924231341392|-259.9924231341392|-259.9924231341392|-259.9924231341392|-259.9924231341392|-260.0060276162778|-260.0060276162778|-260.00614169897443|-260.00614169897443|-260.00614169897443|-260.00614169897443|-260.00614169897443|-260.00614169897443|-260.00614169897443|-260.00614169897443|-260.00614169897443|-260.00614169897443|-260.00614169897443|-260.00614169897443|-260.00614169897443|-260.00614169897443|-260.00614169897443|-260.00614169897443|-260.00614169897443|-260.00614169897443|-260.00614169897443|-260.00614169897443|-260.00614169897443|-260.00614169897443|-260.00614169897443|-260.00614169897443|-260.00614169897443|-260.00614169897443|-260.00614169897443|-260.01569179171565|-260.01569179171565|-260.01569179171565|-260.01569179171565|-260.01569179171565|-260.01569179171565|-260.01569179171565|-260.01569179171565|-260.01569179171565|-260.01569179171565|-260.01569179171565|-260.01569179171565|-260.01569179171565|-260.01569179171565|-260.01569179171565|-260.01569179171565|-260.01569179171565|-260.01569179171565|-260.01569179171565|-260.01569179171565|-260.01569179171565|-260.01569179171565|-260.01569179171565|-260.01569179171565|-260.01569179171565|-260.01569179171565|-260.01569179171565|-260.01569179171565|-260.01569179171565|-260.01569179171565|-260.01569179171565|-260.01569179171565|-260.01569179171565|-260.01569179171565|-260.01569179171565|-260.01569179171565|-260.01569179171565|-260.01569179171565|-260.01569179171565|-260.01569179171565|-260.01569179171565|-260.01569179171565|-260.01569179171565|-260.01569179171565|-260.01569179171565|-260.01569179171565|-260.01569179171565|-260.01569179171565|-260.01569179171565|-260.01569179171565|-260.01569179171565|-260.01569179171565|-260.01569179171565|-260.01569179171565|-260.01569179171565|-260.01592002636283|-260.01592002636283|-260.01592002636283|-260.01592002636283|-260.01592002636283|-260.01592002636283|-260.01592002636283|-260.01592002636283|-260.01592002636283|-260.01592002636283|-260.01592002636283|-260.01592002636283|-260.0173318144563|-260.0173318144563|-260.0173318144563|-260.0173318144563|-260.0173318144563|-260.0173318144563|-260.0173318144563|-260.0173318144563|-260.0173318144563|-260.0173318144563|-260.0173318144563|-260.0173318144563|-260.0173318144563|-260.0173318144563|-260.0173318144563|-260.0173318144563|-260.0173318144563|-260.0173318144563|-260.0173318144563|-260.0173318144563|-260.0173318144563|-260.0173318144563|-260.0173318144563|-260.0173318144563|-260.0173318144563|-260.0173318144563|-260.0173318144563|-260.0173318144563|-260.0173318144563|-260.0184143392784|-260.0184143392784|-260.0184143392784|-260.0184143392784|-260.0184143392784|-260.0184143392784|-260.0184143392784|-260.0184143392784|-260.0184143392784|-260.0184143392784|-260.0184143392784|-260.0184143392784|-260.0184143392784|-260.0184143392784|-260.0184143392784|-260.0184143392784|-260.0184143392784|-260.0184143392784|-260.01909429649425|-260.01909429649425|-260.01909429649425|-260.01995371012015|-260.01995371012015|-260.01995371012015|-260.01995371012015|-260.01995371012015|-260.01995371012015|-260.01995371012015|-260.01995371012015|-260.01995371012015|-260.01995371012015|-260.01995371012015|-260.01995371012015|-260.01995371012015|-260.01995371012015|-260.01995371012015|-260.01995371012015|-260.01995371012015|-260.01995371012015|-260.01995371012015|-260.01995371012015|-260.01995371012015|-260.01995371012015|-260.01995371012015|-260.01995371012015|-260.01995371012015|-260.01995371012015|-260.01995371012015|-260.01995371012015|-260.01995371012015|-260.01995371012015|-260.01995371012015|-260.01995371012015|-260.01995371012015|-260.01995371012015|-260.01995371012015|-260.01995371012015
population_50,14,50,300,5,0.5,10,70,114,10114,15050,-260.0252387171739,-2.9017156191420694,-2.8993684051397253,-2.902524433726485,-2.901328057948051,-2.909974050868256,-2.903737644926736,2.7480902608515536,-233.82782319439568,-3.2756025827643054,-2.487253907918351,-2.230746103973228,-3.2531195370948884,-3.25387625662634,1.7230025490418512,-2.909518656880862,-179.5285921604804|-179.5285921604804|-179.5285921604804|-187.41849336720875|-187.41849336720875|-202.4914432227411|-202.4914432227411|-202.4914432227411|-207.0807462869827|-207.0807462869827|-208.92440593164744|-210.25785452596577|-213.18181191480696|-225.90217637261702|-229.81998670327522|-232.40040009195855|-232.40040009195855|-240.25021460627153|-240.25021460627153|-246.1600165223098|-246.1600165223098|-247.62418095492922|-248.35717580884153|-248.35717580884153|-249.9266918305298|-250.88666434584042|-255.7020326097657|-255.7334353369971|-255.7334353369971|-255.7334353369971|-257.3778249108771|-257.3778249108771|-257.3778249108771|-257.3778249108771|-257.3778249108771|-257.3778249108771|-257.3778249108771|-257.44883420511985|-257.44883420511985|-257.5943251924156|-257.5943251924156|-258.48232515082475|-258.48232515082475|-258.48946126971316|-258.48946126971316|-258.6277542720753|-258.6278161381205|-258.6278161381205|-259.41650598029105|-259.6449366650582|-259.6449366650582|-259.6449366650582|-259.6449366650582|-259.7757227664458|-259.7757227664458|-259.7757227664458|-259.7757227664458|-259.7757227664458|-259.8135767356562|-259.8135767356562|-259.89651562267744|-259.93436959188784|-259.93436959188784|-259.93436959188784|-259.93436959188784|-259.93436959188784|-259.93436959188784|-259.93511215863964|-259.93511215863964|-259.93511215863964|-259.93511215863964|-259.93511215863964|-259.93699475487256|-259.93699475487256|-259.93699475487256|-259.93699475487256|-259.93699475487256|-259.93699475487256|-259.93699475487256|-259.95154646230355|-259.9678793259184|-259.9678793259184|-259.9678793259184|-259.97488290970375|-259.97488290970375|-259.97488290970375|-259.97488290970375|-259.97488290970375|-259.97488290970375|-259.97488290970375|-259.97488290970375|-259.97488290970375|-259.97488290970375|-259.97488290970375|-259.97488290970375|-259.97488290970375|-259.97488290970375|-259.97488290970375|-259.97488290970375|-259.97488290970375|-259.9759096509991|-259.9759096509991|-259.9759096509991|-259.9759096509991|-259.9759096509991|-259.9759096509991|-259.9759096509991|-259.9759096509991|-259.9759096509991|-259.9888065879693|-259.9888065879693|-259.9888065879693|-259.9888065879693|-259.9888065879693|-259.9888065879693|-259.9888065879693|-259.9888065879693|-259.9888065879693|-259.9888065879693|-259.9888065879693|-259.9888065879693|-259.9888065879693|-259.9888065879693|-259.9888065879693|-259.9888065879693|-259.9888065879693|-259.9888065879693|-259.9888065879693|-259.9888065879693|-259.9888065879693|-259.9888065879693|-259.99022381116185|-259.99022381116185|-259.99022381116185|-259.99022381116185|-259.99022381116185|-259.99022381116185|-259.9974783112911|-259.99765385194064|-259.99765385194064|-259.99765385194064|-259.99765385194064|-259.99765385194064|-259.99765385194064|-260.0020417522774|-260.0020417522774|-260.0020417522774|-260.0020417522774|-260.0020417522774|-260.0020417522774|-260.0020417522774|-260.0020417522774|-260.0020417522774|-260.00237781353525|-260.00237781353525|-260.00237781353525|-260.00237781353525|-260.0094828051884|-260.014430502436|-260.014430502436|-260.01476656369385|-260.02192616664644|-260.02192616664644|-260.0224412056762|-260.0224412056762|-260.0224412056762|-260.0224412056762|-260.022777266934|-260.022777266934|-260.022777266934|-260.022777266934|-260.022777266934|-260.02283187823343|-260.02283187823343|-260.02283187823343|-260.02283187823343|-260.024107338245|-260.024107338245|-260.024107338245|-260.024107338245|-260.024107338245|-260.024107338245|-260.024107338245|-260.024107338245|-260.024107338245|-260.024107338245|-260.024107338245|-260.024107338245|-260.024107338245|-260.024107338245|-260.024107338245|-260.024107338245|-260.024107338245|-260.024107338245|-260.024107338245|-260.024107338245|-260.024107338245|-260.024107338245|-260.0248946405712|-260.0248946405712|-260.0248946405712|-260.0248946405712|-260.0248946405712|-260.0248946405712|-260.0248946405712|-260.0248946405712|-260.0248946405712|-260.0248946405712|-260.0248946405712|-260.0248946405712|-260.02492000019225|-260.02492000019225|-260.02492000019225|-260.02492000019225|-260.02492000019225|-260.02492000019225|-260.02492000019225|-260.02492000019225|-260.02492000019225|-260.02492000019225|-260.02492000019225|-260.02492000019225|-260.02492000019225|-260.02492000019225|-260.02492000019225|-260.02492000019225|-260.02492000019225|-260.02492000019225|-260.02492000019225|-260.02492000019225|-260.02492000019225|-260.02492000019225|-260.02492000019225|-260.02492000019225|-260.02492000019225|-260.02492000019225|-260.02492000019225|-260.02492000019225|-260.02492000019225|-260.02492000019225|-260.02508975272576|-260.02508975272576|-260.02508975272576|-260.02508975272576|-260.02508975272576|-260.02508975272576|-260.02508975272576|-260.02508975272576|-260.02508975272576|-260.02508975272576|-260.02508975272576|-260.02508975272576|-260.02508975272576|-260.02508975272576|-260.02508975272576|-260.02508975272576|-260.02508975272576|-260.02508975272576|-260.02508975272576|-260.02508975272576|-260.02508975272576|-260.02508975272576|-260.02508975272576|-260.02508975272576|-260.02508975272576|-260.02508975272576|-260.0252387171739|-260.0252387171739|-260.0252387171739|-260.0252387171739|-260.0252387171739|-260.0252387171739|-260.0252387171739|-260.0252387171739|-260.0252387171739|-260.0252387171739|-260.0252387171739|-260.0252387171739|-260.0252387171739|-260.0252387171739|-260.0252387171739|-260.0252387171739|-260.0252387171739|-260.0252387171739|-260.0252387171739|-260.0252387171739|-260.0252387171739|-260.0252387171739|-260.0252387171739|-260.0252387171739|-260.0252387171739|-260.0252387171739|-260.0252387171739|-260.0252387171739|-260.0252387171739|-260.0252387171739|-260.0252387171739|-260.0252387171739|-260.0252387171739|-260.0252387171739|-260.0252387171739
population_50,15,50,300,5,0.5,10,70,115,10115,15050,-274.1599686546437,-2.9046024552228595,-2.9049380929521846,-2.90427010110668,-2.9137146004773173,-2.909255919288561,-2.9099778222295143,-2.905110511686078,-239.8096131692643,-1.7762396392930633,-2.567716906131202,-2.7682918864243335,2.770428242454541,-3.183067249666375,-3.0969830921566475,-2.5887971103610354,-175.1475876360307|-175.1475876360307|-196.87209618398515|-214.72034055499876|-214.72034055499876|-232.6112697526924|-235.66545407134902|-249.43079826729797|-249.43079826729797|-249.43079826729797|-252.1952695668269|-252.1952695668269|-259.2387519411245|-259.2387519411245|-259.2387519411245|-259.2387519411245|-265.96288546410517|-265.96288546410517|-265.96288546410517|-265.97369174524846|-266.158577262516|-268.41049376665626|-268.41049376665626|-268.41049376665626|-268.41049376665626|-269.35483640621794|-269.35483640621794|-270.0997783578536|-270.1574646987983|-270.59148266788935|-271.1939233731328|-271.1939233731328|-271.2432621294838|-271.2432621294838|-271.36856724884365|-271.72605445423676|-271.80720478965156|-271.87623229716394|-272.28281590052546|-272.28281590052546|-272.5072711262392|-272.5072711262392|-272.65622943985835|-272.65622943985835|-272.91109851616926|-272.91109851616926|-272.91109851616926|-272.91109851616926|-272.91109851616926|-272.91109851616926|-272.9845315358467|-272.9845315358467|-272.9845315358467|-272.9845315358467|-273.0364066701213|-273.47412404763674|-273.47412404763674|-273.47412404763674|-273.51182019922425|-273.51182019922425|-273.51182019922425|-273.5982528235109|-273.5982528235109|-273.5982528235109|-273.71248351412464|-273.7534509831505|-273.7534509831505|-273.7534509831505|-273.7534509831505|-273.75808740543755|-273.75808740543755|-273.76690448234194|-273.76690448234194|-273.86253690982505|-273.86253690982505|-273.86253690982505|-273.91761715249|-273.91761715249|-273.91761715249|-273.91761715249|-273.91761715249|-273.91761715249|-273.91761715249|-273.91761715249|-273.93691923174373|-273.93691923174373|-273.93691923174373|-273.93691923174373|-273.93691923174373|-273.93691923174373|-273.93691923174373|-273.93691923174373|-273.97962853298907|-273.97962853298907|-273.97962853298907|-273.97962853298907|-273.97962853298907|-274.0194966191865|-274.0194966191865|-274.0329229487122|-274.0329229487122|-274.0329229487122|-274.0329229487122|-274.0329229487122|-274.0329229487122|-274.0329229487122|-274.0329229487122|-274.0329229487122|-274.0528178251923|-274.0528178251923|-274.0528178251923|-274.066244154718|-274.066244154718|-274.066244154718|-274.066244154718|-274.066244154718|-274.066244154718|-274.066244154718|-274.06727580498597|-274.06727580498597|-274.06727580498597|-274.10011535039615|-274.10011535039615|-274.11354167992187|-274.11354167992187|-274.11354167992187|-274.11457333018984|-274.11457333018984|-274.11457333018984|-274.11457333018984|-274.11528457169686|-274.11528457169686|-274.11528457169686|-274.11628049798964|-274.11850560678266|-274.11850560678266|-274.11850560678266|-274.11850560678266|-274.11850560678266|-274.11850560678266|-274.11850560678266|-274.1192168482897|-274.1192168482897|-274.1192168482897|-274.1192168482897|-274.12021277458246|-274.12021277458246|-274.12021277458246|-274.12021277458246|-274.12021277458246|-274.12021277458246|-274.12021277458246|-274.12021277458246|-274.12021277458246|-274.12021277458246|-274.12021277458246|-274.12021277458246|-274.12021277458246|-274.12021277458246|-274.12021277458246|-274.12021277458246|-274.12021277458246|-274.12021277458246|-274.13864636646645|-274.13864636646645|-274.13864636646645|-274.13864636646645|-274.13864636646645|-274.13864636646645|-274.13864636646645|-274.13864636646645|-274.13864636646645|-274.13864636646645|-274.13864636646645|-274.13864636646645|-274.14848293546504|-274.14848293546504|-274.14848293546504|-274.14848293546504|-274.14848293546504|-274.14848293546504|-274.14848293546504|-274.14848293546504|-274.15930739197705|-274.15930739197705|-274.15930739197705|-274.15930739197705|-274.15930739197705|-274.15930739197705|-274.15930739197705|-274.15930739197705|-274.15930739197705|-274.15930739197705|-274.15930739197705|-274.15930739197705|-274.15930739197705|-274.15930739197705|-274.15930739197705|-274.15930739197705|-274.15930739197705|-274.15930739197705|-274.15930739197705|-274.15930739197705|-274.15930739197705|-274.15930739197705|-274.15930739197705|-274.15930739197705|-274.15930739197705|-274.15930739197705|-274.15930739197705|-274.15930739197705|-274.15930739197705|-274.15930739197705|-274.15930739197705|-274.15930739197705|-274.15930739197705|-274.15930739197705|-274.15930739197705|-274.15930739197705|-274.15930739197705|-274.15930739197705|-274.15930739197705|-274.15930739197705|-274.15930739197705|-274.15930739197705|-274.15930739197705|-274.15930739197705|-274.15930739197705|-274.15930739197705|-274.15930739197705|-274.15930739197705|-274.15930739197705|-274.15930739197705|-274.15930739197705|-274.15930739197705|-274.15930739197705|-274.15930739197705|-274.15930739197705|-274.15930739197705|-274.15930739197705|-274.15930739197705|-274.15930739197705|-274.15930739197705|-274.15930739197705|-274.15930739197705|-274.15930739197705|-274.15930739197705|-274.15930739197705|-274.15930739197705|-274.15930739197705|-274.15930739197705|-274.15930739197705|-274.15930739197705|-274.15930739197705|-274.1595429678595|-274.1595429678595|-274.1595429678595|-274.1595429678595|-274.1595429678595|-274.1595429678595|-274.15985813826546|-274.15985813826546|-274.15985813826546|-274.15985813826546|-274.15985813826546|-274.1599686546437|-274.1599686546437|-274.1599686546437|-274.1599686546437|-274.1599686546437|-274.1599686546437|-274.1599686546437|-274.1599686546437|-274.1599686546437|-274.1599686546437|-274.1599686546437|-274.1599686546437|-274.1599686546437|-274.1599686546437|-274.1599686546437|-274.1599686546437|-274.1599686546437|-274.1599686546437|-274.1599686546437|-274.1599686546437|-274.1599686546437|-274.1599686546437|-274.1599686546437|-274.1599686546437|-274.1599686546437|-274.1599686546437|-274.1599686546437|-274.1599686546437|-274.1599686546437|-274.1599686546437|-274.1599686546437|-274.1599686546437|-274.1599686546437|-274.1599686546437|-274.1599686546437|-274.1599686546437
population_50,16,50,300,5,0.5,10,70,116,10116,15050,-260.02466930849255,-2.9017220852017314,-2.902847277720223,-2.901252695438533,-2.8984074120039587,2.740354980085782,-2.897868335771874,-2.903183818376279,-235.5559587302933,-2.869093547895959,-2.9291389857800887,-2.8767203205261724,-2.650166786916457,1.9316563863706415,-3.243686786019373,2.6784385475079677,-197.08920064126744|-197.08920064126744|-201.7130268118708|-205.5425032515035|-224.21379608315283|-224.21379608315283|-235.56050957382513|-244.01381218406118|-245.91975562188418|-245.91975562188418|-245.91975562188418|-245.91975562188418|-255.16375952126276|-255.16375952126276|-255.16375952126276|-255.16375952126276|-255.6533771742827|-255.6533771742827|-255.6533771742827|-256.43402218642535|-256.43402218642535|-256.43402218642535|-257.56787166922004|-257.56787166922004|-258.05596017624873|-258.05596017624873|-258.05596017624873|-258.34863848955524|-258.34863848955524|-258.49028080310967|-258.49028080310967|-258.7829591164161|-258.7829591164161|-259.0443013665904|-259.0443013665904|-259.0443013665904|-259.0443013665904|-259.32975641904227|-259.32975641904227|-259.32975641904227|-259.33058231510205|-259.33058231510205|-259.33058231510205|-259.33058231510205|-259.63671505110653|-259.63671505110653|-259.63671505110653|-259.63671505110653|-259.63671505110653|-259.8724980468724|-259.8724980468724|-259.8724980468724|-259.8724980468724|-259.92621451865796|-259.92704041471774|-259.92704041471774|-259.92704041471774|-259.92704041471774|-259.92704041471774|-259.92704041471774|-259.92704041471774|-259.92704041471774|-259.92704041471774|-259.92704041471774|-259.92704041471774|-259.94023594125895|-259.94023594125895|-259.94023594125895|-259.94023594125895|-259.94023594125895|-259.94023594125895|-259.9463329636148|-259.9463329636148|-259.9463329636148|-259.9463329636148|-259.9463329636148|-259.9463329636148|-260.00548055270684|-260.00548055270684|-260.00548055270684|-260.00548055270684|-260.00548055270684|-260.00548055270684|-260.00548055270684|-260.00548055270684|-260.00548055270684|-260.00548055270684|-260.00548055270684|-260.00548055270684|-260.00548055270684|-260.00548055270684|-260.0073883360481|-260.0073883360481|-260.0073883360481|-260.0073883360481|-260.0073883360481|-260.00743208078404|-260.00743208078404|-260.00743208078404|-260.00743208078404|-260.0109626568416|-260.0109626568416|-260.0109626568416|-260.0109626568416|-260.0109626568416|-260.0109626568416|-260.0110402640056|-260.0110402640056|-260.0110402640056|-260.0110402640056|-260.0110402640056|-260.0110402640056|-260.0110402640056|-260.0110402640056|-260.0110402640056|-260.0110402640056|-260.0110402640056|-260.0110402640056|-260.0110402640056|-260.0110402640056|-260.0110402640056|-260.0110402640056|-260.0110402640056|-260.0110402640056|-260.0110402640056|-260.0110402640056|-260.0110402640056|-260.0110402640056|-260.01508732137705|-260.01508732137705|-260.01508732137705|-260.01508732137705|-260.01508732137705|-260.01508732137705|-260.01508732137705|-260.01508732137705|-260.01508732137705|-260.01508732137705|-260.0181467768628|-260.0181467768628|-260.0181467768628|-260.0181467768628|-260.0181467768628|-260.0181467768628|-260.0181467768628|-260.0181467768628|-260.0181467768628|-260.0181467768628|-260.0181467768628|-260.0181467768628|-260.01919615593016|-260.01919615593016|-260.01919615593016|-260.01919615593016|-260.01919615593016|-260.01919615593016|-260.01919615593016|-260.0208285332648|-260.0208285332648|-260.0208285332648|-260.0208285332648|-260.0209521803676|-260.0209521803676|-260.0209521803676|-260.0209521803676|-260.0209521803676|-260.0209521803676|-260.0209521803676|-260.0209521803676|-260.0209521803676|-260.0209521803676|-260.0209521803676|-260.0209521803676|-260.0209521803676|-260.0209521803676|-260.0209521803676|-260.0209521803676|-260.0209521803676|-260.0209521803676|-260.0209521803676|-260.0209521803676|-260.0209521803676|-260.0209521803676|-260.0209521803676|-260.0209521803676|-260.0209521803676|-260.0209521803676|-260.0209521803676|-260.0209521803676|-260.0209521803676|-260.0209521803676|-260.0209521803676|-260.0209521803676|-260.0209521803676|-260.02216591138324|-260.02216591138324|-260.02216591138324|-260.02216591138324|-260.02216591138324|-260.02216591138324|-260.02216591138324|-260.02216591138324|-260.02216591138324|-260.02216591138324|-260.02279354444096|-260.02279354444096|-260.02279354444096|-260.02279354444096|-260.02279354444096|-260.02279354444096|-260.02279354444096|-260.02279354444096|-260.02279354444096|-260.02279354444096|-260.02279354444096|-260.02279354444096|-260.02279354444096|-260.02279354444096|-260.02279354444096|-260.02279354444096|-260.02279354444096|-260.02279354444096|-260.02279354444096|-260.02279354444096|-260.02279354444096|-260.02279354444096|-260.02279354444096|-260.02291625315274|-260.02291625315274|-260.02291625315274|-260.0231819797319|-260.0231819797319|-260.0231819797319|-260.0231819797319|-260.0231819797319|-260.0231819797319|-260.0231819797319|-260.0231819797319|-260.0231819797319|-260.0231819797319|-260.02330468844366|-260.02330468844366|-260.02330468844366|-260.02330468844366|-260.02330468844366|-260.02330468844366|-260.02330468844366|-260.02330468844366|-260.02330468844366|-260.02330468844366|-260.02330468844366|-260.02330468844366|-260.02330468844366|-260.02330468844366|-260.02330468844366|-260.02330468844366|-260.02330468844366|-260.02330468844366|-260.02330468844366|-260.02330468844366|-260.02330468844366|-260.02330468844366|-260.02330468844366|-260.02330468844366|-260.02330468844366|-260.02330468844366|-260.02330468844366|-260.02330468844366|-260.02330468844366|-260.02330468844366|-260.02330468844366|-260.02330468844366|-260.02330468844366|-260.02330468844366|-260.02330468844366|-260.02330468844366|-260.02330468844366|-260.02330468844366|-260.02330468844366|-260.02330468844366|-260.02330468844366|-260.02330468844366|-260.02330468844366|-260.02330468844366|-260.02330468844366|-260.02330468844366|-260.02330468844366|-260.02330468844366|-260.02330468844366|-260.02330468844366|-260.02330468844366|-260.02330468844366|-260.02330468844366|-260.02330468844366|-260.02330468844366|-260.02330468844366|-260.02330468844366|-260.02330468844366|-260.02466930849255|-260.02466930849255|-260.02466930849255
population_50,17,50,300,5,0.5,10,70,117,10117,15050,-260.0225476068475,-2.8912660512338926,2.7454990716819605,-2.909601777803049,-2.9053141317308944,-2.903511714888401,-2.90789483114654,-2.899694247311122,-235.26040958790804,-3.7230072448279805,-2.74389347909328,3.1616189866548225,-2.8716188455056537,-3.264038235781098,-2.922641542016018,-2.3877351972113345,-173.28735006908545|-176.5255532429271|-187.17684358967983|-187.17684358967983|-187.71222495696804|-201.5148749714189|-201.5148749714189|-201.5148749714189|-209.69600834110554|-209.69600834110554|-212.74836355792362|-216.43720284435|-216.43720284435|-229.46802872246576|-234.44570503225992|-234.44570503225992|-237.7414562919528|-237.7414562919528|-238.5456515467325|-245.49060025227067|-245.49060025227067|-245.49060025227067|-245.49060025227067|-250.9790923678591|-250.9790923678591|-250.9790923678591|-250.9790923678591|-250.9790923678591|-253.92938965168594|-253.92938965168594|-255.6784387143054|-255.6784387143054|-255.81792235531492|-256.6444511074994|-256.6444511074994|-257.065086315575|-257.5125906338469|-257.5125906338469|-257.9557234759033|-257.9557234759033|-257.9557234759033|-257.9557234759033|-257.9557234759033|-258.5580704101465|-258.6494070278444|-258.6768198534673|-258.6768198534673|-258.73572159745146|-258.73572159745146|-258.8824531956115|-259.0288626215859|-259.0288626215859|-259.1897294008024|-259.1897294008024|-259.1897294008024|-259.1897294008024|-259.1897294008024|-259.1897294008024|-259.3105461096475|-259.48569646943645|-259.48569646943645|-259.48569646943645|-259.5969978093533|-259.5969978093533|-259.5969978093533|-259.5969978093533|-259.5969978093533|-259.67958672537975|-259.67958672537975|-259.76597649242666|-259.76597649242666|-259.76597649242666|-259.76597649242666|-259.76597649242666|-259.76597649242666|-259.8053754573125|-259.8053754573125|-259.8053754573125|-259.8053754573125|-259.8053754573125|-259.8053754573125|-259.8053754573125|-259.8053754573125|-259.8053754573125|-259.8053754573125|-259.8087957184077|-259.8151855014002|-259.8151855014002|-259.8151855014002|-259.8179875439027|-259.8179875439027|-259.8179875439027|-259.89920792710257|-259.89920792710257|-259.89920792710257|-259.89920792710257|-259.89920792710257|-259.89920792710257|-259.89920792710257|-259.90385432414524|-259.90786188877865|-259.92436901244986|-259.92436901244986|-259.92436901244986|-259.92436901244986|-259.92436901244986|-259.92436901244986|-259.93302297412595|-259.93302297412595|-259.93302297412595|-259.93302297412595|-259.93302297412595|-259.93302297412595|-259.93302297412595|-259.93302297412595|-259.93302297412595|-259.93302297412595|-259.93302297412595|-259.93302297412595|-259.93302297412595|-259.93302297412595|-259.93302297412595|-259.93302297412595|-259.93302297412595|-259.93302297412595|-259.9556738699814|-259.9556738699814|-259.9556738699814|-259.9609728151467|-259.9609728151467|-259.9609728151467|-259.9609728151467|-259.9609728151467|-259.9609728151467|-259.9609728151467|-259.9826586898692|-259.9826586898692|-259.9863067462178|-259.9863067462178|-259.9863067462178|-259.9863067462178|-259.9863067462178|-259.9863067462178|-259.9863067462178|-259.9863602323348|-259.9868604558952|-259.9868604558952|-259.9868604558952|-259.9868604558952|-259.9868604558952|-260.0010611904068|-260.0010611904068|-260.0079688755243|-260.0079688755243|-260.0079688755243|-260.0079688755243|-260.0079688755243|-260.0079688755243|-260.0079688755243|-260.0079688755243|-260.0079688755243|-260.0079688755243|-260.0079688755243|-260.0079688755243|-260.0080223616413|-260.0080223616413|-260.0080223616413|-260.0080223616413|-260.0101722311321|-260.0102257172491|-260.0102257172491|-260.0102257172491|-260.0102257172491|-260.0102257172491|-260.0102257172491|-260.0102257172491|-260.0102257172491|-260.0102257172491|-260.0102257172491|-260.0102257172491|-260.0110260048791|-260.0110260048791|-260.0110260048791|-260.0110260048791|-260.0110260048791|-260.0110260048791|-260.0110260048791|-260.0110260048791|-260.0110260048791|-260.0110260048791|-260.0117357812156|-260.0117357812156|-260.0117357812156|-260.0117357812156|-260.0117357812156|-260.0117357812156|-260.0157124850517|-260.0157124850517|-260.0157124850517|-260.0157124850517|-260.0157124850517|-260.0161232007402|-260.0161232007402|-260.0161232007402|-260.0161232007402|-260.017524986273|-260.017524986273|-260.017524986273|-260.017524986273|-260.017524986273|-260.017524986273|-260.017524986273|-260.017524986273|-260.017524986273|-260.017524986273|-260.017524986273|-260.017524986273|-260.017524986273|-260.017524986273|-260.017524986273|-260.017524986273|-260.017524986273|-260.017524986273|-260.017524986273|-260.017524986273|-260.01888062523005|-260.01888062523005|-260.01888062523005|-260.01888062523005|-260.0191065062821|-260.0191065062821|-260.0191065062821|-260.0204621452392|-260.0204621452392|-260.0204621452392|-260.0204621452392|-260.0204621452392|-260.0204621452392|-260.0204621452392|-260.0204621452392|-260.0211954540031|-260.0211954540031|-260.0211954540031|-260.0211954540031|-260.0211954540031|-260.0211954540031|-260.0211954540031|-260.0211954540031|-260.0211954540031|-260.0211954540031|-260.0211954540031|-260.0211954540031|-260.0211954540031|-260.0211954540031|-260.02126931062935|-260.02126931062935|-260.02126931062935|-260.02126931062935|-260.02126931062935|-260.02126931062935|-260.02126931062935|-260.02126931062935|-260.02126931062935|-260.02126931062935|-260.0222323410627|-260.0222323410627|-260.0222323410627|-260.0222323410627|-260.0222323410627|-260.0222323410627|-260.0222323410627|-260.0222323410627|-260.0222323410627|-260.0222323410627|-260.0222323410627|-260.0222323410627|-260.0222323410627|-260.0222323410627|-260.0222323410627|-260.0222323410627|-260.0222323410627|-260.0222323410627|-260.0222323410627|-260.0222323410627|-260.0222323410627|-260.0222323410627|-260.0222323410627|-260.0222323410627|-260.0222323410627|-260.0222323410627|-260.0222323410627|-260.0222323410627|-260.0225476068475|-260.0225476068475|-260.0225476068475|-260.0225476068475|-260.0225476068475|-260.0225476068475|-260.0225476068475|-260.0225476068475|-260.0225476068475
population_50,18,50,300,5,0.5,10,70,118,10118,15050,-245.8888230567903,-2.909339091024277,-2.90466030492681,-2.904969161997837,2.7492882057492647,-2.904955701709638,2.745241719430039,-2.9011736369001793,-236.46323752881253,-1.7259147277115505,2.981593113363946,-3.0449036810722516,-3.083201554547631,-2.2381977368359705,-2.820038990655951,-2.8218480246707256,-182.38327608215334|-182.38327608215334|-193.86460197250184|-204.51373426705126|-204.51373426705126|-214.0994645050385|-217.7054649140928|-217.7054649140928|-220.2860654343219|-228.88465251096335|-228.88465251096335|-234.7828650374233|-234.7828650374233|-234.7828650374233|-234.7828650374233|-236.58342638586356|-241.8137716703082|-241.8137716703082|-241.9047851606124|-241.9047851606124|-241.9047851606124|-243.31173599643543|-243.31173599643543|-243.64083897800631|-243.64083897800631|-243.72804604376972|-244.3008285035786|-244.3008285035786|-244.6038274942451|-244.6038274942451|-244.6038274942451|-244.6038274942451|-244.6038274942451|-244.94529173004486|-244.94529173004486|-245.11153987182567|-245.27197670356438|-245.27197670356438|-245.27197670356438|-245.27197670356438|-245.27197670356438|-245.3198632344332|-245.34637632601854|-245.34637632601854|-245.34637632601854|-245.34637632601854|-245.34637632601854|-245.35133928120425|-245.35133928120425|-245.35133928120425|-245.35286610063582|-245.35286610063582|-245.45883833607874|-245.4638012912644|-245.4638012912644|-245.4638012912644|-245.4638012912644|-245.50862784618573|-245.51359080137138|-245.51359080137138|-245.51359080137138|-245.5412259257552|-245.5412259257552|-245.7756618721778|-245.7756618721778|-245.7756618721778|-245.7756618721778|-245.7756618721778|-245.7756618721778|-245.7756618721778|-245.7756618721778|-245.7756618721778|-245.7756618721778|-245.7756618721778|-245.7756618721778|-245.7756618721778|-245.77668637595787|-245.77668637595787|-245.78661276534388|-245.78661276534388|-245.78661276534388|-245.78661276534388|-245.80165493971697|-245.80165493971697|-245.80165493971697|-245.80271530105972|-245.80271530105972|-245.80271530105972|-245.80271530105972|-245.80271530105972|-245.80271530105972|-245.80271530105972|-245.80271530105972|-245.80271530105972|-245.84420679991797|-245.84420679991797|-245.84420679991797|-245.84420679991797|-245.84420679991797|-245.84420679991797|-245.84420679991797|-245.84420679991797|-245.84420679991797|-245.84556141924304|-245.84556141924304|-245.84556141924304|-245.84556141924304|-245.84556141924304|-245.84556141924304|-245.84556141924304|-245.84556141924304|-245.84556141924304|-245.84556141924304|-245.87084300644096|-245.87084300644096|-245.87084300644096|-245.87084300644096|-245.87084300644096|-245.87084300644096|-245.87084300644096|-245.87084300644096|-245.87084300644096|-245.87084300644096|-245.87112524775|-245.87112524775|-245.87112524775|-245.87112524775|-245.87112524775|-245.87112524775|-245.87112524775|-245.87112524775|-245.87112524775|-245.87112524775|-245.87112524775|-245.87112524775|-245.87112524775|-245.87112524775|-245.87910884807678|-245.87975464538442|-245.87975464538442|-245.87975464538442|-245.87975464538442|-245.8834689561745|-245.88428927867545|-245.88428927867545|-245.88428927867545|-245.88428927867545|-245.88428927867545|-245.88428927867545|-245.88428927867545|-245.88428927867545|-245.88428927867545|-245.88428927867545|-245.88428927867545|-245.88428927867545|-245.88428927867545|-245.88428927867545|-245.88428927867545|-245.88428927867545|-245.88428927867545|-245.88428927867545|-245.88428927867545|-245.88428927867545|-245.88428927867545|-245.88428927867545|-245.88428927867545|-245.88428927867545|-245.88428927867545|-245.88428927867545|-245.88428927867545|-245.88428927867545|-245.88428927867545|-245.88428927867545|-245.88428927867545|-245.88428927867545|-245.88428927867545|-245.88428927867545|-245.88428927867545|-245.88428927867545|-245.88428927867545|-245.88428927867545|-245.88428927867545|-245.88428927867545|-245.88428927867545|-245.88428927867545|-245.88428927867545|-245.88428927867545|-245.88428927867545|-245.88428927867545|-245.88428927867545|-245.88428927867545|-245.88428927867545|-245.88428927867545|-245.88428927867545|-245.88428927867545|-245.88428927867545|-245.88428927867545|-245.88428927867545|-245.88428927867545|-245.88428927867545|-245.88428927867545|-245.88428927867545|-245.88428927867545|-245.88428927867545|-245.88435371665398|-245.8858163251099|-245.8858163251099|-245.8858163251099|-245.8858163251099|-245.8858163251099|-245.8858163251099|-245.8858163251099|-245.8858163251099|-245.8858163251099|-245.88739861228862|-245.88739861228862|-245.88739861228862|-245.88739861228862|-245.88739861228862|-245.88739861228862|-245.88739861228862|-245.88739861228862|-245.88739861228862|-245.88739861228862|-245.88739861228862|-245.88739861228862|-245.88739861228862|-245.88739861228862|-245.88739861228862|-245.88739861228862|-245.88739861228862|-245.88739861228862|-245.88739861228862|-245.88739861228862|-245.88739861228862|-245.88739861228862|-245.88739861228862|-245.88739861228862|-245.88739861228862|-245.88739861228862|-245.88739861228862|-245.88739861228862|-245.88739861228862|-245.88739861228862|-245.88739861228862|-245.88739861228862|-245.88739861228862|-245.88739861228862|-245.88739861228862|-245.88739861228862|-245.88739861228862|-245.88739861228862|-245.88739861228862|-245.88739861228862|-245.88739861228862|-245.88739861228862|-245.88739861228862|-245.88739861228862|-245.88739861228862|-245.88739861228862|-245.88739861228862|-245.88739861228862|-245.88739861228862|-245.88739861228862|-245.88739861228862|-245.88739861228862|-245.88739861228862|-245.88739861228862|-245.88739861228862|-245.88803202891907|-245.88803202891907|-245.88803202891907|-245.88803202891907|-245.88803202891907|-245.88803202891907|-245.88803202891907|-245.88803202891907|-245.88803202891907|-245.88803202891907|-245.88803202891907|-245.88803202891907|-245.88803202891907|-245.88803202891907|-245.88803202891907|-245.8888230567903|-245.8888230567903|-245.8888230567903|-245.8888230567903|-245.8888230567903|-245.8888230567903|-245.8888230567903|-245.8888230567903|-245.8888230567903|-245.8888230567903|-245.8888230567903|-245.8888230567903|-245.8888230567903|-245.8888230567903|-245.8888230567903|-245.8888230567903|-245.8888230567903
population_50,19,50,300,5,0.5,10,70,119,10119,15050,-274.1592851829626,-2.9106441270604986,-2.902410673010214,-2.9122217249973246,-2.9033271822514592,-2.8938652967275584,-2.904347985465691,-2.9019321702187644,-231.50654256582976,-2.44541153570775,-2.424569308549743,-3.1686956656030487,-3.0600567785043498,3.202563858103435,-2.4959773498604134,2.8233570586426895,-139.77603891705255|-139.77603891705255|-167.2278540241742|-171.7332373074805|-173.53652042939888|-173.53652042939888|-209.39706230177526|-224.2090357338682|-224.2090357338682|-224.2090357338682|-241.14163675774722|-241.14163675774722|-250.19878174724863|-250.19878174724863|-254.07169685389|-263.96899171598255|-263.96899171598255|-264.21433583788496|-264.34748131543574|-266.77969885473374|-269.955899412193|-269.955899412193|-269.955899412193|-269.955899412193|-271.5975793237873|-271.5975793237873|-272.0572374471186|-272.0572374471186|-272.210203683501|-272.210203683501|-272.64597048923343|-272.64597048923343|-272.64597048923343|-272.64597048923343|-273.4597949371917|-273.4597949371917|-273.4597949371917|-273.4597949371917|-273.4597949371917|-273.4597949371917|-273.4597949371917|-273.4597949371917|-273.70178001140806|-273.70178001140806|-273.70178001140806|-273.70178001140806|-273.70178001140806|-273.70521620125453|-273.70521620125453|-273.70521620125453|-273.70521620125453|-273.70521620125453|-273.7289592877765|-273.7289592877765|-273.7289592877765|-273.7289592877765|-273.7977000616091|-273.7977000616091|-273.7977000616091|-273.7977000616091|-273.7977000616091|-273.7977000616091|-273.7977000616091|-273.7977000616091|-273.7977000616091|-273.7977000616091|-273.9353953886298|-273.9353953886298|-273.9353953886298|-273.9353953886298|-273.9353953886298|-274.0019473452244|-274.0019473452244|-274.0019473452244|-274.0019473452244|-274.0019473452244|-274.0019473452244|-274.0019473452244|-274.01075791621764|-274.0955020369999|-274.0955020369999|-274.0955020369999|-274.0955020369999|-274.0955020369999|-274.0955020369999|-274.0955020369999|-274.0955020369999|-274.1001052160846|-274.1001052160846|-274.1001052160846|-274.1001052160846|-274.1001052160846|-274.1001052160846|-274.1001052160846|-274.1001052160846|-274.1001052160846|-274.10388975665046|-274.1112151351222|-274.1119269446794|-274.1119269446794|-274.11431808676133|-274.11431808676133|-274.11431808676133|-274.11508061295484|-274.11508061295484|-274.11508061295484|-274.12613981535605|-274.12613981535605|-274.12613981535605|-274.12613981535605|-274.12613981535605|-274.12613981535605|-274.12613981535605|-274.12613981535605|-274.12613981535605|-274.12613981535605|-274.12613981535605|-274.12613981535605|-274.13074509966043|-274.13074509966043|-274.13074509966043|-274.13074509966043|-274.13074509966043|-274.13074509966043|-274.1312362651947|-274.1312362651947|-274.1312362651947|-274.1312362651947|-274.1312362651947|-274.1312362651947|-274.1312362651947|-274.1312362651947|-274.1312362651947|-274.1312362651947|-274.1312362651947|-274.1312362651947|-274.1312362651947|-274.1312362651947|-274.1378650566903|-274.1378650566903|-274.1378650566903|-274.1378650566903|-274.1378650566903|-274.1378650566903|-274.1378650566903|-274.1378650566903|-274.1378650566903|-274.1378650566903|-274.1378650566903|-274.1378650566903|-274.14339023123927|-274.14339023123927|-274.14339023123927|-274.14339023123927|-274.14339023123927|-274.14339023123927|-274.14339023123927|-274.14339023123927|-274.14339023123927|-274.14339023123927|-274.14339023123927|-274.14838721952304|-274.14838721952304|-274.14838721952304|-274.14838721952304|-274.1491965139465|-274.1491965139465|-274.1491965139465|-274.1491965139465|-274.1491965139465|-274.1491965139465|-274.1491965139465|-274.1491965139465|-274.1491965139465|-274.1491965139465|-274.1491965139465|-274.1491965139465|-274.1491965139465|-274.1508523066915|-274.1508523066915|-274.1576038549957|-274.1576038549957|-274.1576038549957|-274.1576038549957|-274.1576038549957|-274.1576038549957|-274.1576038549957|-274.1576038549957|-274.1576038549957|-274.1576038549957|-274.1576038549957|-274.1576038549957|-274.1576038549957|-274.1576038549957|-274.1576038549957|-274.1576038549957|-274.1576038549957|-274.1576038549957|-274.1576038549957|-274.1576038549957|-274.15925429999515|-274.15925429999515|-274.15925429999515|-274.15925429999515|-274.15925429999515|-274.15925429999515|-274.15925429999515|-274.15925429999515|-274.15925429999515|-274.15925429999515|-274.15925429999515|-274.15925429999515|-274.15925429999515|-274.15925429999515|-274.15925429999515|-274.15925429999515|-274.15925429999515|-274.15925429999515|-274.15925429999515|-274.15925429999515|-274.15925429999515|-274.15925429999515|-274.15925429999515|-274.15925429999515|-274.15925429999515|-274.15925429999515|-274.15925429999515|-274.15925429999515|-274.15925429999515|-274.15925429999515|-274.15925429999515|-274.15925429999515|-274.15925429999515|-274.15925429999515|-274.15925429999515|-274.15925429999515|-274.15925429999515|-274.15925429999515|-274.15925429999515|-274.15925429999515|-274.15925429999515|-274.15925429999515|-274.15925429999515|-274.15925429999515|-274.15925429999515|-274.15925429999515|-274.1592729790054|-274.1592729790054|-274.1592729790054|-274.1592729790054|-274.1592729790054|-274.1592729790054|-274.1592729790054|-274.1592729790054|-274.1592729790054|-274.1592729790054|-274.1592729790054|-274.1592729790054|-274.1592729790054|-274.1592729790054|-274.1592729790054|-274.1592729790054|-274.1592729790054|-274.1592729790054|-274.1592729790054|-274.1592729790054|-274.1592729790054|-274.1592729790054|-274.1592729790054|-274.1592729790054|-274.1592729790054|-274.1592729790054|-274.1592729790054|-274.1592729790054|-274.1592729790054|-274.1592729790054|-274.1592729790054|-274.1592729790054|-274.1592851829626|-274.1592851829626|-274.1592851829626|-274.1592851829626|-274.1592851829626|-274.1592851829626|-274.1592851829626|-274.1592851829626|-274.1592851829626|-274.1592851829626|-274.1592851829626|-274.1592851829626|-274.1592851829626|-274.1592851829626|-274.1592851829626|-274.1592851829626|-274.1592851829626|-274.1592851829626|-274.1592851829626|-274.1592851829626|-274.1592851829626|-274.1592851829626|-274.1592851829626
population_50,20,50,300,5,0.5,10,70,120,10120,15050,-274.16109318021756,-2.9096117711556757,-2.8999663161840874,-2.9041018662036393,-2.898321194001242,-2.9094127990058327,-2.900924672835582,-2.902576625031692,-228.811422201307,-2.950550954747083,-3.363013348080842,-3.3037168853701706,2.2134844648011844,-2.8093210397264343,3.3085819084813917,-3.0670861344696854,-155.75181778820064|-203.3274713549697|-203.3274713549697|-203.3274713549697|-203.3274713549697|-213.17442491183425|-216.6871353963498|-234.33976398100293|-234.33976398100293|-239.7210852542819|-239.7210852542819|-247.0311490033726|-250.29497152500355|-251.30282848620845|-256.78053860591586|-256.78053860591586|-259.22727099184993|-259.22727099184993|-264.6270268391341|-264.9095310097526|-267.33699040511726|-269.06126913723466|-269.44783984689565|-269.82816542172947|-269.82816542172947|-270.8299461283665|-270.8299461283665|-271.21027170320025|-271.21027170320025|-271.21027170320025|-271.21027170320025|-273.2452430198168|-273.2452430198168|-273.2452430198168|-273.28256425753045|-273.627185122314|-273.627185122314|-273.627185122314|-273.627185122314|-273.627185122314|-273.6639652114684|-273.66450636002764|-273.66450636002764|-273.7190500618764|-273.7190500618764|-273.7190500618764|-273.75637129959|-273.86279116378967|-273.90837122409374|-273.90837122409374|-274.01704464409664|-274.01704464409664|-274.01704464409664|-274.04139678170486|-274.04139678170486|-274.04139678170486|-274.04139678170486|-274.04139678170486|-274.04139678170486|-274.04139678170486|-274.04139678170486|-274.04139678170486|-274.04139678170486|-274.04139678170486|-274.04139678170486|-274.04139678170486|-274.0531457572472|-274.0531457572472|-274.0531457572472|-274.0531457572472|-274.0531457572472|-274.0531457572472|-274.0531457572472|-274.0531457572472|-274.0531457572472|-274.0531457572472|-274.0612850831899|-274.0612850831899|-274.0650414050367|-274.0887374218288|-274.0887374218288|-274.0887374218288|-274.0887796419698|-274.0887796419698|-274.0887796419698|-274.0969189679125|-274.0969189679125|-274.0969189679125|-274.0969189679125|-274.0969189679125|-274.0969189679125|-274.0969189679125|-274.0969189679125|-274.1018309778903|-274.1018309778903|-274.13035158216854|-274.13035158216854|-274.13035158216854|-274.1352635921464|-274.1352635921464|-274.1352635921464|-274.1352635921464|-274.1352635921464|-274.1352635921464|-274.1352635921464|-274.1352635921464|-274.1352635921464|-274.1352635921464|-274.1352635921464|-274.1352635921464|-274.1352635921464|-274.1352635921464|-274.1352635921464|-274.150182268148|-274.150182268148|-274.150182268148|-274.150182268148|-274.150182268148|-274.150182268148|-274.150182268148|-274.150182268148|-274.150182268148|-274.150182268148|-274.150182268148|-274.150182268148|-274.150182268148|-274.150182268148|-274.150182268148|-274.150182268148|-274.150182268148|-274.150182268148|-274.150182268148|-274.150182268148|-274.150182268148|-274.150182268148|-274.150182268148|-274.150182268148|-274.150182268148|-274.150182268148|-274.150182268148|-274.150182268148|-274.150182268148|-274.150182268148|-274.150182268148|-274.150182268148|-274.1550147053886|-274.1550147053886|-274.1550147053886|-274.1550147053886|-274.1550147053886|-274.1550147053886|-274.1550147053886|-274.1550147053886|-274.1550147053886|-274.1550147053886|-274.1550147053886|-274.1550147053886|-274.1550147053886|-274.1550147053886|-274.1550147053886|-274.1550147053886|-274.1550147053886|-274.1550147053886|-274.1550147053886|-274.1561552864013|-274.1561552864013|-274.1561552864013|-274.1561552864013|-274.1561552864013|-274.1561552864013|-274.1561552864013|-274.1561552864013|-274.1561552864013|-274.1561552864013|-274.1561552864013|-274.15642889077674|-274.15642889077674|-274.15642889077674|-274.15642889077674|-274.15642889077674|-274.15642889077674|-274.15642889077674|-274.15642889077674|-274.15642889077674|-274.15642889077674|-274.15642889077674|-274.15642889077674|-274.1571842719766|-274.1571842719766|-274.1571842719766|-274.1571842719766|-274.1571842719766|-274.1571842719766|-274.1571842719766|-274.1571842719766|-274.1571842719766|-274.15915468171534|-274.15915468171534|-274.15915468171534|-274.15915468171534|-274.15915468171534|-274.15915468171534|-274.15915468171534|-274.1599100629152|-274.1599100629152|-274.1599100629152|-274.1599100629152|-274.1599100629152|-274.1599100629152|-274.1599100629152|-274.1599100629152|-274.1599100629152|-274.1599100629152|-274.1599100629152|-274.1599100629152|-274.1599100629152|-274.1599100629152|-274.1599100629152|-274.1599100629152|-274.1599100629152|-274.1599100629152|-274.1599100629152|-274.1599100629152|-274.1599100629152|-274.1599100629152|-274.1599100629152|-274.1599100629152|-274.1599100629152|-274.1599100629152|-274.1599100629152|-274.1599100629152|-274.1599100629152|-274.1599100629152|-274.1599100629152|-274.1599100629152|-274.1599100629152|-274.1599100629152|-274.1599100629152|-274.1599100629152|-274.1599100629152|-274.1599100629152|-274.1599100629152|-274.1599100629152|-274.1599100629152|-274.16109318021756|-274.16109318021756|-274.16109318021756|-274.16109318021756|-274.16109318021756|-274.16109318021756|-274.16109318021756|-274.16109318021756|-274.16109318021756|-274.16109318021756|-274.16109318021756|-274.16109318021756|-274.16109318021756|-274.16109318021756|-274.16109318021756|-274.16109318021756|-274.16109318021756|-274.16109318021756|-274.16109318021756|-274.16109318021756|-274.16109318021756|-274.16109318021756|-274.16109318021756|-274.16109318021756|-274.16109318021756|-274.16109318021756|-274.16109318021756|-274.16109318021756|-274.16109318021756|-274.16109318021756|-274.16109318021756|-274.16109318021756|-274.16109318021756|-274.16109318021756|-274.16109318021756|-274.16109318021756|-274.16109318021756|-274.16109318021756|-274.16109318021756|-274.16109318021756|-274.16109318021756|-274.16109318021756|-274.16109318021756|-274.16109318021756|-274.16109318021756|-274.16109318021756|-274.16109318021756|-274.16109318021756|-274.16109318021756|-274.16109318021756|-274.16109318021756|-274.16109318021756|-274.16109318021756|-274.16109318021756|-274.16109318021756|-274.16109318021756|-274.16109318021756
population_100,1,100,300,5,0.5,10,70,101,10101,30100,-274.1621212401419,-2.9021422689339142,-2.903861793258691,-2.903661657860391,-2.9104268597577265,-2.902525200673749,-2.9008073047905274,-2.9049274313032294,-250.21499383514453,-3.5010542236897635,2.5295987346546225,-2.88070741342777,-2.8812410359289595,-2.9486929307625998,-3.185688556357935,-2.8133061945541926,-151.7622002145425|-151.7622002145425|-163.87706535829096|-168.36572421784405|-182.2886327670268|-185.64527767848966|-195.76054561478475|-200.6876585550072|-208.85997111287728|-220.76922071563862|-224.05637114581438|-225.14208473202495|-228.75798991955742|-232.2431245118577|-232.2431245118577|-234.6869345281945|-235.2984894325399|-235.59381211775212|-249.2828655237869|-249.2828655237869|-252.15648042897146|-252.15648042897146|-255.2672497235131|-257.35893898884603|-257.35893898884603|-264.91383903854756|-264.91383903854756|-264.92897525119605|-267.10253358340424|-267.10253358340424|-269.68468704885413|-269.68468704885413|-269.68468704885413|-269.68468704885413|-271.94188612447914|-271.94188612447914|-273.0534399488456|-273.0534399488456|-273.359011564959|-273.359011564959|-273.3880544705804|-273.3880544705804|-273.5467847003974|-273.5467847003974|-273.5467847003974|-273.5467847003974|-273.7210993074789|-273.7210993074789|-273.7210993074789|-273.7210993074789|-273.7210993074789|-273.7210993074789|-273.7210993074789|-273.7210993074789|-273.7271041298035|-273.73835214440703|-273.76120068247576|-273.76120068247576|-273.76120068247576|-273.9140959172059|-273.99028227059193|-273.99028227059193|-274.0131308086606|-274.0131308086606|-274.0131308086606|-274.04450605323825|-274.04450605323825|-274.04450605323825|-274.08460742823513|-274.08460742823513|-274.0941352218663|-274.0941352218663|-274.0941352218663|-274.0941352218663|-274.0941352218663|-274.0941352218663|-274.0941352218663|-274.0941352218663|-274.0941352218663|-274.0941352218663|-274.0941352218663|-274.0941352218663|-274.0941352218663|-274.09462377759985|-274.09462377759985|-274.09462377759985|-274.09462377759985|-274.1004263137741|-274.12304154680385|-274.12304154680385|-274.12304154680385|-274.12304154680385|-274.12304154680385|-274.12304154680385|-274.12353010253736|-274.14020019591834|-274.14020019591834|-274.14020019591834|-274.1421214311622|-274.14649128782617|-274.14649128782617|-274.1519718343488|-274.1519718343488|-274.1519718343488|-274.1521319606109|-274.1521319606109|-274.1521319606109|-274.1521319606109|-274.1531744736652|-274.1531744736652|-274.1531744736652|-274.1531744736652|-274.15333459992735|-274.1533397843418|-274.1533397843418|-274.1533397843418|-274.15346641954795|-274.15362820030043|-274.15362820030043|-274.15362820030043|-274.1539512958135|-274.1539512958135|-274.1539512958135|-274.1539512958135|-274.1562779146714|-274.1562779146714|-274.1562779146714|-274.1562779146714|-274.1562779146714|-274.15660101018454|-274.15660101018454|-274.15660101018454|-274.15660101018454|-274.15660101018454|-274.15660101018454|-274.15660101018454|-274.15660101018454|-274.15660101018454|-274.15660101018454|-274.15660101018454|-274.15660101018454|-274.15660101018454|-274.15660101018454|-274.15660101018454|-274.15660101018454|-274.15660101018454|-274.15660101018454|-274.15660101018454|-274.15660101018454|-274.15660101018454|-274.15660101018454|-274.15660101018454|-274.15660101018454|-274.15660101018454|-274.15660101018454|-274.15660101018454|-274.15660101018454|-274.15660101018454|-274.15660101018454|-274.15660101018454|-274.15660101018454|-274.15660101018454|-274.15660101018454|-274.15660101018454|-274.1604336478145|-274.1604336478145|-274.1604336478145|-274.1604336478145|-274.1604336478145|-274.1604336478145|-274.1605742271525|-274.1605742271525|-274.1605742271525|-274.1605742271525|-274.1605742271525|-274.1605742271525|-274.1605742271525|-274.1605742271525|-274.1605742271525|-274.1605742271525|-274.1605742271525|-274.1605742271525|-274.1605742271525|-274.1605742271525|-274.1605742271525|-274.1605742271525|-274.1605742271525|-274.1605742271525|-274.1605742271525|-274.1605742271525|-274.1605742271525|-274.1605742271525|-274.1605742271525|-274.1605742271525|-274.1605742271525|-274.1605742271525|-274.1605742271525|-274.1605742271525|-274.1605742271525|-274.1605742271525|-274.1605742271525|-274.1605742271525|-274.1605742271525|-274.1605742271525|-274.1605742271525|-274.1605742271525|-274.1605742271525|-274.1605742271525|-274.1605742271525|-274.1605742271525|-274.1605742271525|-274.1605742271525|-274.1605742271525|-274.1605742271525|-274.1605742271525|-274.1605742271525|-274.1605742271525|-274.1605742271525|-274.1605742271525|-274.1605742271525|-274.1605742271525|-274.1605742271525|-274.1605742271525|-274.160627272461|-274.160627272461|-274.160627272461|-274.160627272461|-274.160627272461|-274.160627272461|-274.160627272461|-274.160627272461|-274.160627272461|-274.160627272461|-274.160627272461|-274.160627272461|-274.160627272461|-274.160627272461|-274.160627272461|-274.160627272461|-274.160627272461|-274.160627272461|-274.160627272461|-274.160627272461|-274.160627272461|-274.160627272461|-274.160627272461|-274.160627272461|-274.160627272461|-274.160627272461|-274.160627272461|-274.160627272461|-274.160627272461|-274.160627272461|-274.160627272461|-274.160627272461|-274.160627272461|-274.160627272461|-274.160627272461|-274.160627272461|-274.160627272461|-274.16071251976194|-274.16071251976194|-274.16071251976194|-274.16071251976194|-274.16071251976194|-274.16071251976194|-274.16071251976194|-274.16071251976194|-274.16071251976194|-274.16071251976194|-274.16071251976194|-274.16071251976194|-274.16071251976194|-274.16071251976194|-274.16071251976194|-274.16071251976194|-274.16071251976194|-274.1609063954995|-274.1609063954995|-274.1609063954995|-274.1609063954995|-274.1609063954995|-274.1609063954995|-274.1609063954995|-274.1609063954995|-274.1609063954995|-274.1609063954995|-274.1621212401419|-274.1621212401419|-274.1621212401419|-274.1621212401419|-274.1621212401419|-274.1621212401419|-274.1621212401419|-274.1621212401419|-274.1621212401419|-274.1621212401419|-274.1621212401419|-274.1621212401419|-274.1621212401419|-274.1621212401419
population_100,2,100,300,5,0.5,10,70,102,10102,30100,-274.16289834562895,-2.905011236200011,-2.9026000270966485,-2.9020810665446244,-2.9018993754387004,-2.9043919320876848,-2.90596311888511,-2.9027275850942162,-242.48928865247274,-3.3988275045404883,-2.872576170835326,-2.0339069079036562,-2.999106127945522,-2.9059399054307744,-1.6722642989710979,-2.737734226852313,-183.26682859162497|-183.26682859162497|-237.37347117109258|-237.37347117109258|-239.714140549906|-239.714140549906|-258.9936853005952|-262.0907979096855|-262.0907979096855|-264.2416058251503|-264.2416058251503|-266.7716174981058|-266.79707983673785|-267.704911933234|-268.2576327223422|-271.00233686354125|-271.00233686354125|-271.506292512227|-272.0904254768383|-272.0904254768383|-272.0904254768383|-272.5552264311922|-272.5552264311922|-273.16154213549055|-273.6292200525581|-273.6292200525581|-273.68014469209726|-273.7210354580452|-273.785496137137|-273.785496137137|-273.785496137137|-273.785496137137|-273.785496137137|-273.785496137137|-273.785496137137|-273.785496137137|-273.93126490437254|-273.93126490437254|-273.93126490437254|-273.93126490437254|-273.93126490437254|-273.93126490437254|-273.93126490437254|-273.93126490437254|-273.95642862791425|-273.95642862791425|-273.95642862791425|-273.95642862791425|-273.95642862791425|-273.95642862791425|-274.1010736745035|-274.1010736745035|-274.1010736745035|-274.1010736745035|-274.10734709713046|-274.10734709713046|-274.10734709713046|-274.10734709713046|-274.10734709713046|-274.10734709713046|-274.10734709713046|-274.10734709713046|-274.10734709713046|-274.10734709713046|-274.10734709713046|-274.10734709713046|-274.10734709713046|-274.1242357578047|-274.1242357578047|-274.1242357578047|-274.1242357578047|-274.1242357578047|-274.1242357578047|-274.1242357578047|-274.12508805225565|-274.12873920960203|-274.12873920960203|-274.15067295316504|-274.15067295316504|-274.15067295316504|-274.15067295316504|-274.15067295316504|-274.15067295316504|-274.1510544789067|-274.1510544789067|-274.1510544789067|-274.1510544789067|-274.15135462645605|-274.15135462645605|-274.15135462645605|-274.15135462645605|-274.15327359027714|-274.15327359027714|-274.15327359027714|-274.15327359027714|-274.15327359027714|-274.15327359027714|-274.1535737378265|-274.1535737378265|-274.1535737378265|-274.15414324205733|-274.15414324205733|-274.15414324205733|-274.15414324205733|-274.15414324205733|-274.15414324205733|-274.15414324205733|-274.15414324205733|-274.15414324205733|-274.15414324205733|-274.15414324205733|-274.1570297225553|-274.1570297225553|-274.1570297225553|-274.1570297225553|-274.1570297225553|-274.1570297225553|-274.1570297225553|-274.1570297225553|-274.1570297225553|-274.1570297225553|-274.1570297225553|-274.1570297225553|-274.1570297225553|-274.1581316219492|-274.1581316219492|-274.1581316219492|-274.1581316219492|-274.1581316219492|-274.1581316219492|-274.1581316219492|-274.1581316219492|-274.15813975028783|-274.15813975028783|-274.15813975028783|-274.15813975028783|-274.15813975028783|-274.15813975028783|-274.15813975028783|-274.15813975028783|-274.15813975028783|-274.15813975028783|-274.15886893206294|-274.15886893206294|-274.15886893206294|-274.15886893206294|-274.15886893206294|-274.15886893206294|-274.15887706040155|-274.15887706040155|-274.15887706040155|-274.15887706040155|-274.15955736942624|-274.15955736942624|-274.15955736942624|-274.15955736942624|-274.15955736942624|-274.15955736942624|-274.15955736942624|-274.15955736942624|-274.15955736942624|-274.15955736942624|-274.15955736942624|-274.15955736942624|-274.15955736942624|-274.15955736942624|-274.15955736942624|-274.15955736942624|-274.15955736942624|-274.15955736942624|-274.15955736942624|-274.15955736942624|-274.15955736942624|-274.1618975236756|-274.1618975236756|-274.1618975236756|-274.1618975236756|-274.1618975236756|-274.1618975236756|-274.1618975236756|-274.1618975236756|-274.1618975236756|-274.1618975236756|-274.1618975236756|-274.1618975236756|-274.1618975236756|-274.1618975236756|-274.1618975236756|-274.1618975236756|-274.1618975236756|-274.1618975236756|-274.1618975236756|-274.1618975236756|-274.1618975236756|-274.1618975236756|-274.1618975236756|-274.1618975236756|-274.1618975236756|-274.1618975236756|-274.1618975236756|-274.1625196083152|-274.1625196083152|-274.1625196083152|-274.1625196083152|-274.1625196083152|-274.1625196083152|-274.1625196083152|-274.1625196083152|-274.1625950006296|-274.1625950006296|-274.16278464191856|-274.16278464191856|-274.16278464191856|-274.16278464191856|-274.16278464191856|-274.16278464191856|-274.1628600342329|-274.1628600342329|-274.1628600342329|-274.1628600342329|-274.1628600342329|-274.1628600342329|-274.1628600342329|-274.1628600342329|-274.1628600342329|-274.1628600342329|-274.1628600342329|-274.1628600342329|-274.1628600342329|-274.1628600342329|-274.1628600342329|-274.1628600342329|-274.1628600342329|-274.1628600342329|-274.1628600342329|-274.1628600342329|-274.1628600342329|-274.1628600342329|-274.1628600342329|-274.1628600342329|-274.1628600342329|-274.1628600342329|-274.1628600342329|-274.1628600342329|-274.1628600342329|-274.1628600342329|-274.1628600342329|-274.1628600342329|-274.1628600342329|-274.1628600342329|-274.1628600342329|-274.1628600342329|-274.1628600342329|-274.1628600342329|-274.1628600342329|-274.1628703655842|-274.1628703655842|-274.1628703655842|-274.1628703655842|-274.1628703655842|-274.1628703655842|-274.1628703655842|-274.1628703655842|-274.1628703655842|-274.1628703655842|-274.1628703655842|-274.1628703655842|-274.1628703655842|-274.1628703655842|-274.1628703655842|-274.1628703655842|-274.1628703655842|-274.16289834562895|-274.16289834562895|-274.16289834562895|-274.16289834562895|-274.16289834562895|-274.16289834562895|-274.16289834562895|-274.16289834562895|-274.16289834562895|-274.16289834562895|-274.16289834562895|-274.16289834562895|-274.16289834562895|-274.16289834562895|-274.16289834562895|-274.16289834562895|-274.16289834562895|-274.16289834562895|-274.16289834562895|-274.16289834562895|-274.16289834562895|-274.16289834562895|-274.16289834562895|-274.16289834562895|-274.16289834562895|-274.16289834562895|-274.16289834562895|-274.16289834562895|-274.16289834562895
population_100,3,100,300,5,0.5,10,70,103,10103,30100,-274.1630425003709,-2.904960432781529,-2.9022583770158805,-2.9030806936640516,-2.9037166318652528,-2.903122213215441,-2.9031599361799016,-2.9019272190121006,-247.0283175016916,-2.6285148919200783,-3.075779282259845,-2.534569392880873,-2.6929592396387,-2.7767649495290114,2.1785050081170656,-3.3733608695933337,-177.2510376971332|-188.085941218873|-196.75114683937718|-201.42394878488992|-201.42394878488992|-201.71406658154106|-216.44845437814095|-217.82119018165352|-223.30001684026038|-237.92283959381285|-241.68981557920566|-241.68981557920566|-241.68981557920566|-249.15403546026403|-250.6157149770943|-251.0603034094094|-251.0603034094094|-252.48246757447066|-252.48246757447066|-257.0522089975121|-257.0522089975121|-257.0522089975121|-257.0522089975121|-257.0522089975121|-257.0522089975121|-261.97991577876945|-261.97991577876945|-261.97991577876945|-261.97991577876945|-261.97991577876945|-263.4431683915006|-264.45751287253563|-264.5393922352945|-268.76368526818214|-268.76368526818214|-268.76368526818214|-268.76368526818214|-271.784846192871|-272.79166262125085|-272.79166262125085|-273.1082913216249|-273.1082913216249|-273.1082913216249|-273.15691933104586|-273.27518193536906|-273.29698869421213|-273.32676838340444|-273.40156991060275|-273.52331996012003|-273.62929039420425|-273.62929039420425|-273.62929039420425|-273.62929039420425|-273.62929039420425|-273.6590142490842|-273.66292963203176|-273.8694775021157|-273.8694775021157|-273.8694775021157|-273.8694775021157|-273.9114823250551|-273.98286196652106|-273.98286196652106|-273.98286196652106|-273.98286196652106|-274.01665676503126|-274.0209839900968|-274.0209839900968|-274.0209839900968|-274.0209839900968|-274.0209839900968|-274.0209839900968|-274.03634938387387|-274.0508680651287|-274.05538785221637|-274.05538785221637|-274.10811064527707|-274.10811064527707|-274.12116069556595|-274.12116069556595|-274.12116069556595|-274.12116069556595|-274.12116069556595|-274.12116069556595|-274.12116069556595|-274.1276872515393|-274.1276872515393|-274.1276872515393|-274.1276872515393|-274.1276872515393|-274.13163953051105|-274.13163953051105|-274.1405658207682|-274.1405658207682|-274.1405658207682|-274.1405658207682|-274.1405658207682|-274.1405658207682|-274.1405658207682|-274.1405658207682|-274.1405658207682|-274.1405658207682|-274.1405658207682|-274.1405658207682|-274.1405658207682|-274.1405658207682|-274.1410216869049|-274.1410216869049|-274.1410216869049|-274.1410216869049|-274.1410216869049|-274.1410216869049|-274.1410216869049|-274.1432879991426|-274.1432879991426|-274.1432879991426|-274.1432879991426|-274.1432879991426|-274.1432879991426|-274.14490779321756|-274.14490779321756|-274.14490779321756|-274.14490779321756|-274.14490779321756|-274.14490779321756|-274.15968114276376|-274.15968114276376|-274.15968114276376|-274.15968114276376|-274.15968114276376|-274.15968114276376|-274.160533856721|-274.160533856721|-274.160533856721|-274.160533856721|-274.160533856721|-274.1618463950005|-274.1618463950005|-274.1618463950005|-274.1618463950005|-274.1618463950005|-274.1618463950005|-274.1618463950005|-274.1618463950005|-274.1618463950005|-274.1618463950005|-274.1618463950005|-274.1618463950005|-274.16205678864407|-274.16205678864407|-274.16205678864407|-274.16205678864407|-274.16205678864407|-274.16205678864407|-274.16205678864407|-274.16205678864407|-274.16205678864407|-274.16205678864407|-274.16205678864407|-274.16205678864407|-274.16205678864407|-274.16205678864407|-274.16212821775576|-274.16212821775576|-274.16212821775576|-274.16212821775576|-274.16212821775576|-274.16212821775576|-274.16212821775576|-274.16212821775576|-274.16212821775576|-274.16212821775576|-274.16212821775576|-274.16212821775576|-274.16212821775576|-274.16212821775576|-274.16212821775576|-274.16212821775576|-274.16212821775576|-274.16212821775576|-274.16212821775576|-274.16212821775576|-274.16212821775576|-274.16212821775576|-274.16212821775576|-274.16212821775576|-274.16212821775576|-274.16212821775576|-274.16212821775576|-274.16212821775576|-274.16212821775576|-274.16212821775576|-274.16212821775576|-274.16212821775576|-274.16212821775576|-274.16212821775576|-274.16212821775576|-274.16212821775576|-274.16212821775576|-274.16212821775576|-274.16212821775576|-274.16212821775576|-274.16212821775576|-274.16212821775576|-274.16212821775576|-274.16212821775576|-274.16212821775576|-274.16212821775576|-274.16212821775576|-274.16212821775576|-274.16212821775576|-274.16212821775576|-274.16212821775576|-274.16212821775576|-274.16212821775576|-274.16212821775576|-274.16212821775576|-274.16212821775576|-274.16212821775576|-274.16212821775576|-274.16212821775576|-274.16212821775576|-274.16212821775576|-274.16212821775576|-274.16212821775576|-274.16212821775576|-274.16212821775576|-274.16212821775576|-274.16212821775576|-274.16212821775576|-274.16212821775576|-274.16212821775576|-274.16212821775576|-274.16212821775576|-274.16212821775576|-274.16212821775576|-274.16212821775576|-274.16212821775576|-274.16212821775576|-274.16212821775576|-274.16212821775576|-274.16212821775576|-274.16212821775576|-274.16212821775576|-274.16212821775576|-274.16212821775576|-274.16212821775576|-274.16212821775576|-274.16212821775576|-274.16212821775576|-274.16212821775576|-274.16212821775576|-274.16212821775576|-274.16212821775576|-274.16212821775576|-274.16212821775576|-274.16212821775576|-274.16212821775576|-274.16212821775576|-274.16212821775576|-274.16212821775576|-274.16212821775576|-274.16212821775576|-274.16212821775576|-274.16212821775576|-274.16212821775576|-274.16212821775576|-274.16212821775576|-274.16212821775576|-274.16212821775576|-274.16212821775576|-274.16212821775576|-274.16212821775576|-274.16212821775576|-274.16212821775576|-274.16212821775576|-274.16212821775576|-274.16212821775576|-274.16212821775576|-274.16212821775576|-274.16212821775576|-274.16212821775576|-274.16216514733134|-274.16216514733134|-274.16216514733134|-274.1630055707953|-274.1630055707953|-274.1630055707953|-274.1630055707953|-274.1630055707953|-274.1630055707953|-274.1630425003709|-274.1630425003709|-274.1630425003709|-274.1630425003709|-274.1630425003709|-274.1630425003709|-274.1630425003709|-274.1630425003709|-274.1630425003709|-274.1630425003709
population_100,4,100,300,5,0.5,10,70,104,10104,30100,-274.1628905397557,-2.903425731644838,-2.902821602601543,-2.903361815616012,-2.9043851228298636,-2.9054418763258294,-2.905271651369728,-2.9007682519176985,-234.75317508985512,-2.5905881922114125,-3.2664909536606315,-3.3727497288289143,-3.6001741224608654,-2.863488486083652,-2.5915214798390274,3.2657770111065396,-194.50791746980252|-194.50791746980252|-194.50791746980252|-198.0106920493085|-224.40334737541104|-224.40334737541104|-240.65166072434837|-243.66682214728712|-248.52638832985778|-248.52638832985778|-256.62059789663533|-259.77578453249436|-259.77578453249436|-259.9246078729026|-264.4003723375227|-266.91826993173083|-266.91826993173083|-266.91826993173083|-267.9246493303099|-270.9548777393409|-270.9548777393409|-271.03367175196263|-271.03367175196263|-271.9612571379199|-271.9612571379199|-271.9612571379199|-272.08308353661226|-272.08308353661226|-272.38486123039195|-272.4159501354259|-272.4159501354259|-272.53125973138964|-273.2706985685642|-273.2706985685642|-273.2706985685642|-273.2706985685642|-273.2706985685642|-273.2706985685642|-273.2706985685642|-273.4642614178137|-273.4642614178137|-273.4642614178137|-273.7054650539203|-273.7054650539203|-273.71154839518897|-273.76312983972537|-273.76312983972537|-273.76312983972537|-273.76312983972537|-273.76312983972537|-273.88456344114803|-273.88456344114803|-273.88456344114803|-273.88456344114803|-273.88456344114803|-273.93597265688425|-273.93597265688425|-273.93597265688425|-273.93597265688425|-273.9880425034127|-273.9880425034127|-273.9880425034127|-273.9880425034127|-273.9880425034127|-273.9880425034127|-274.0288716494921|-274.0534808166027|-274.0534808166027|-274.0534808166027|-274.0534808166027|-274.0796106486259|-274.0796106486259|-274.0796106486259|-274.0796106486259|-274.0796106486259|-274.0796106486259|-274.0796106486259|-274.0922064360686|-274.09425668035806|-274.09425668035806|-274.09425668035806|-274.09425668035806|-274.09425668035806|-274.09425668035806|-274.09425668035806|-274.09425668035806|-274.1073208805643|-274.1233266322402|-274.1233266322402|-274.1233266322402|-274.1233266322402|-274.1233266322402|-274.1233266322402|-274.1275185188573|-274.1275185188573|-274.12855791823876|-274.12855791823876|-274.12855791823876|-274.12855791823876|-274.12855791823876|-274.13274980485585|-274.13274980485585|-274.13274980485585|-274.13274980485585|-274.13274980485585|-274.13274980485585|-274.13274980485585|-274.13274980485585|-274.13274980485585|-274.13365899533704|-274.1364649417382|-274.14261697415566|-274.14261697415566|-274.1484876555251|-274.1484876555251|-274.1484876555251|-274.1484876555251|-274.1484876555251|-274.14939684600637|-274.14939684600637|-274.14939684600637|-274.14939684600637|-274.14939684600637|-274.14939684600637|-274.14939684600637|-274.14939684600637|-274.14939684600637|-274.14939684600637|-274.14939684600637|-274.14939684600637|-274.14939684600637|-274.14939684600637|-274.14939684600637|-274.14939684600637|-274.14939684600637|-274.14939684600637|-274.1547594539093|-274.1547594539093|-274.1547594539093|-274.1547594539093|-274.15706338183026|-274.15706338183026|-274.15706338183026|-274.15706338183026|-274.15706338183026|-274.15706338183026|-274.15706338183026|-274.15706338183026|-274.15706338183026|-274.15706338183026|-274.15706338183026|-274.1608329870737|-274.1608329870737|-274.1608329870737|-274.1608329870737|-274.1608329870737|-274.1608329870737|-274.1608329870737|-274.1608329870737|-274.1608329870737|-274.1608329870737|-274.1608329870737|-274.1608329870737|-274.1608329870737|-274.1608329870737|-274.1615105688105|-274.1615105688105|-274.1615105688105|-274.1615105688105|-274.1615105688105|-274.1615105688105|-274.1615231244521|-274.1615231244521|-274.1615231244521|-274.1616672355902|-274.1616672355902|-274.1616672355902|-274.1616672355902|-274.1616672355902|-274.1616672355902|-274.1616672355902|-274.1616672355902|-274.1616672355902|-274.1616672355902|-274.1616672355902|-274.1616672355902|-274.1616672355902|-274.1616672355902|-274.1616672355902|-274.1616672355902|-274.1616672355902|-274.1616672355902|-274.1616672355902|-274.1616672355902|-274.1616672355902|-274.1616672355902|-274.1616672355902|-274.1616672355902|-274.1616672355902|-274.1616672355902|-274.1616672355902|-274.1616672355902|-274.1616672355902|-274.16177644648087|-274.16177644648087|-274.16177644648087|-274.16177644648087|-274.16177644648087|-274.16177644648087|-274.16177644648087|-274.16177644648087|-274.16177644648087|-274.16177644648087|-274.16177644648087|-274.16177644648087|-274.16177644648087|-274.16177644648087|-274.16177644648087|-274.16177644648087|-274.16177644648087|-274.16177644648087|-274.16177644648087|-274.16211011917164|-274.16211011917164|-274.16211011917164|-274.16211011917164|-274.16211011917164|-274.16211011917164|-274.16211011917164|-274.16211011917164|-274.16211011917164|-274.16211011917164|-274.16211011917164|-274.16211011917164|-274.16211011917164|-274.16211011917164|-274.16211011917164|-274.16211011917164|-274.16211011917164|-274.1626634683857|-274.1626634683857|-274.1626634683857|-274.1626634683857|-274.1626634683857|-274.1626634683857|-274.1626634683857|-274.1626634683857|-274.1626634683857|-274.1626634683857|-274.1626634683857|-274.1626634683857|-274.1626634683857|-274.1626634683857|-274.1626634683857|-274.1626634683857|-274.1626634683857|-274.1626634683857|-274.1626634683857|-274.1626634683857|-274.1626634683857|-274.1626634683857|-274.1626634683857|-274.1626634683857|-274.1626634683857|-274.1626634683857|-274.1626634683857|-274.1626634683857|-274.1626634683857|-274.1626634683857|-274.1626634683857|-274.1626634683857|-274.1626634683857|-274.1626634683857|-274.1626634683857|-274.1626634683857|-274.1626634683857|-274.1626634683857|-274.1626634683857|-274.1626634683857|-274.1626634683857|-274.1626634683857|-274.1626634683857|-274.1626634683857|-274.1626634683857|-274.1626634683857|-274.1626634683857|-274.1626634683857|-274.1626634683857|-274.1626634683857|-274.1628905397557|-274.1628905397557|-274.1628905397557|-274.1628905397557|-274.1628905397557|-274.1628905397557|-274.1628905397557|-274.1628905397557|-274.1628905397557|-274.1628905397557|-274.1628905397557|-274.1628905397557
population_100,5,100,300,5,0.5,10,70,105,10105,30100,-274.1625417608058,-2.9045589983353968,-2.9027612924821513,-2.901134371202755,-2.90285130598226,-2.9031038394583435,-2.9080415316065054,-2.9062436286550413,-248.40431940546426,-1.8932227640844088,-2.813850661200903,-2.9537979256210303,-3.2615681245036154,-2.7462039873118815,-2.14980202586447,-2.452799866137263,-174.25324162852579|-180.39883479876354|-186.0318989785561|-205.45413605253412|-208.89810952689322|-215.17826028713802|-219.7724372675817|-226.57970490387606|-229.69942788322402|-229.69942788322402|-236.5491198684093|-240.8216976665955|-240.8216976665955|-241.99391228932328|-248.18103818642544|-248.18103818642544|-248.93841943057308|-251.76634450342465|-251.76634450342465|-254.07533011973683|-266.2256151040369|-266.2256151040369|-266.2256151040369|-266.2256151040369|-270.44528588676684|-270.44528588676684|-271.03567294217913|-271.03567294217913|-271.03567294217913|-271.8362572182211|-273.2201089013781|-273.2201089013781|-273.2201089013781|-273.2201089013781|-273.2201089013781|-273.2201089013781|-273.78984441096424|-273.78984441096424|-273.78984441096424|-273.78984441096424|-273.78984441096424|-273.78984441096424|-273.7957564577691|-273.7957564577691|-273.7957564577691|-273.7957564577691|-273.7957564577691|-273.90349955843647|-273.90349955843647|-273.90349955843647|-273.90349955843647|-273.90349955843647|-273.9468680174876|-273.9468680174876|-273.9468680174876|-273.9468680174876|-273.95254501406356|-273.95254501406356|-273.95254501406356|-273.95470946216693|-273.9549445123958|-273.9549445123958|-273.98907008466335|-273.98907008466335|-274.02978019203823|-274.02978019203823|-274.0381155402905|-274.0381155402905|-274.0381155402905|-274.03835059051937|-274.03835059051937|-274.03835059051937|-274.03835059051937|-274.03835059051937|-274.0609809154064|-274.0609809154064|-274.0609809154064|-274.0609809154064|-274.06879760143363|-274.06879760143363|-274.06879760143363|-274.07127603232766|-274.07127603232766|-274.07805687008147|-274.1087389312246|-274.1087389312246|-274.1087389312246|-274.1282841213838|-274.1282841213838|-274.1282841213838|-274.14411451894256|-274.14411451894256|-274.14411451894256|-274.14411451894256|-274.14411451894256|-274.14411451894256|-274.1449813264344|-274.1449813264344|-274.1449813264344|-274.1449813264344|-274.1449813264344|-274.14948343179935|-274.1503502392912|-274.1503502392912|-274.1503502392912|-274.1503502392912|-274.1503502392912|-274.1503502392912|-274.1503502392912|-274.1503502392912|-274.1504565855932|-274.1504565855932|-274.1504565855932|-274.1504565855932|-274.1504565855932|-274.1504565855932|-274.1504565855932|-274.1504565855932|-274.1504565855932|-274.1504565855932|-274.1504565855932|-274.1504565855932|-274.1504565855932|-274.15045916821674|-274.15045916821674|-274.15045916821674|-274.15045916821674|-274.15045916821674|-274.16196708613563|-274.16196708613563|-274.16196708613563|-274.16196708613563|-274.16196708613563|-274.16196708613563|-274.16196708613563|-274.16196708613563|-274.1619696687592|-274.1619696687592|-274.1619696687592|-274.1619696687592|-274.1619696687592|-274.1619696687592|-274.1619696687592|-274.1619696687592|-274.1619696687592|-274.1619696687592|-274.1619696687592|-274.1619696687592|-274.1619696687592|-274.1619696687592|-274.1619696687592|-274.1619696687592|-274.1619696687592|-274.1619696687592|-274.1619696687592|-274.1619696687592|-274.1619696687592|-274.1619696687592|-274.1619696687592|-274.1619696687592|-274.1619696687592|-274.1619696687592|-274.1619696687592|-274.1619696687592|-274.1619696687592|-274.1619696687592|-274.1619696687592|-274.1619696687592|-274.1619696687592|-274.1619696687592|-274.1619696687592|-274.1619696687592|-274.1619696687592|-274.1619696687592|-274.1619696687592|-274.1619696687592|-274.1619696687592|-274.1619696687592|-274.1619696687592|-274.1619696687592|-274.1619696687592|-274.1619696687592|-274.1619696687592|-274.16204714128725|-274.16204714128725|-274.16204714128725|-274.16204714128725|-274.16204714128725|-274.16204714128725|-274.16204714128725|-274.16204714128725|-274.16204714128725|-274.16204714128725|-274.16204714128725|-274.16204714128725|-274.16204714128725|-274.16204714128725|-274.16204714128725|-274.16204714128725|-274.16204714128725|-274.16204714128725|-274.16204714128725|-274.16204714128725|-274.16204714128725|-274.16204714128725|-274.16204714128725|-274.16204714128725|-274.16204714128725|-274.16207422232026|-274.16207422232026|-274.16207422232026|-274.16207422232026|-274.16207422232026|-274.16207422232026|-274.16207422232026|-274.16207422232026|-274.16207422232026|-274.16207422232026|-274.16207422232026|-274.16207422232026|-274.16207422232026|-274.16207422232026|-274.16207422232026|-274.16207422232026|-274.16207422232026|-274.16207422232026|-274.16207422232026|-274.16207422232026|-274.16207422232026|-274.16207422232026|-274.16207422232026|-274.16207422232026|-274.16207422232026|-274.16207422232026|-274.16207422232026|-274.16207422232026|-274.16207422232026|-274.16207422232026|-274.16207422232026|-274.16207422232026|-274.16207422232026|-274.16207422232026|-274.162350605024|-274.162350605024|-274.162350605024|-274.162350605024|-274.162350605024|-274.162350605024|-274.162350605024|-274.162350605024|-274.162350605024|-274.162350605024|-274.162350605024|-274.162350605024|-274.162350605024|-274.162350605024|-274.162350605024|-274.162350605024|-274.162350605024|-274.162350605024|-274.162350605024|-274.162350605024|-274.162350605024|-274.162350605024|-274.162350605024|-274.162350605024|-274.162350605024|-274.162350605024|-274.162350605024|-274.162350605024|-274.162350605024|-274.162350605024|-274.162350605024|-274.162350605024|-274.162350605024|-274.162350605024|-274.162350605024|-274.162350605024|-274.162350605024|-274.162350605024|-274.162350605024|-274.162350605024|-274.162350605024|-274.162350605024|-274.1625417608058|-274.1625417608058|-274.1625417608058|-274.1625417608058|-274.1625417608058|-274.1625417608058|-274.1625417608058|-274.1625417608058|-274.1625417608058|-274.1625417608058|-274.1625417608058|-274.1625417608058|-274.1625417608058|-274.1625417608058|-274.1625417608058|-274.1625417608058|-274.1625417608058
population_100,6,100,300,5,0.5,10,70,106,10106,30100,-274.1630264061944,-2.9025897744658518,-2.901941297336088,-2.902234273470266,-2.9035035789048615,-2.905058123249731,-2.903005678403227,-2.9034867423462853,-236.56383160694025,-2.4835041859898177,-2.8503684740823196,-2.811430050058157,-3.5611365179930043,-2.8151672219076893,-2.966046183763887,1.6410454429708103,-189.5949283796713|-189.5949283796713|-207.9561974655552|-219.80582841248636|-219.80582841248636|-219.80582841248636|-232.04761430416693|-254.49388562357896|-254.49388562357896|-254.49388562357896|-262.25071303069524|-262.25071303069524|-262.25071303069524|-265.3860820272121|-265.3860820272121|-265.3860820272121|-268.94011255487453|-268.97636307479934|-268.97636307479934|-268.97636307479934|-268.97636307479934|-269.7002637729697|-269.84513184540833|-271.14363935371466|-271.2366948648249|-271.2366948648249|-271.2366948648249|-271.36226994733937|-272.35995453666953|-272.35995453666953|-272.35995453666953|-272.35995453666953|-273.06665300710466|-273.3139845704634|-273.3139845704634|-273.3139845704634|-273.5337552724415|-273.5337552724415|-273.5337552724415|-273.5337552724415|-273.5337552724415|-273.5337552724415|-273.77650104364744|-273.77650104364744|-273.77650104364744|-273.77650104364744|-273.77650104364744|-273.77650104364744|-273.77650104364744|-273.77650104364744|-273.7948715393704|-273.7948715393704|-273.7948715393704|-273.7948715393704|-273.97806358161375|-273.97806358161375|-273.97806358161375|-273.97806358161375|-274.0335731134778|-274.0335731134778|-274.0335731134778|-274.0335731134778|-274.03521546849703|-274.0422338195737|-274.0672409119927|-274.0672409119927|-274.0672409119927|-274.0672409119927|-274.0740681342458|-274.0740681342458|-274.0740825397596|-274.08788307719215|-274.08788307719215|-274.08788307719215|-274.08788307719215|-274.08788307719215|-274.09446654431997|-274.09446654431997|-274.09446654431997|-274.09446654431997|-274.09710279909575|-274.09710279909575|-274.09710279909575|-274.1275268686949|-274.1275268686949|-274.1275268686949|-274.1275268686949|-274.1275268686949|-274.14025415190457|-274.14025415190457|-274.14025415190457|-274.14025415190457|-274.14271146910414|-274.14271146910414|-274.14271146910414|-274.14271146910414|-274.14868569672893|-274.14868569672893|-274.14868569672893|-274.14868569672893|-274.14868569672893|-274.14868569672893|-274.14868569672893|-274.14868569672893|-274.14868569672893|-274.14868569672893|-274.14868569672893|-274.15500591516786|-274.15500591516786|-274.15500591516786|-274.15500591516786|-274.15500591516786|-274.15500591516786|-274.15500591516786|-274.15500591516786|-274.15500591516786|-274.15500591516786|-274.15500591516786|-274.15500591516786|-274.16139309557786|-274.16139309557786|-274.16139309557786|-274.16139309557786|-274.16139309557786|-274.16139309557786|-274.16139309557786|-274.16139309557786|-274.16139309557786|-274.16139309557786|-274.16139309557786|-274.16139309557786|-274.16139309557786|-274.16139309557786|-274.16139309557786|-274.16139309557786|-274.1614179441896|-274.1614179441896|-274.1614179441896|-274.1614179441896|-274.1614179441896|-274.1614179441896|-274.1614179441896|-274.1614179441896|-274.1614179441896|-274.1614179441896|-274.1614179441896|-274.1614179441896|-274.1614179441896|-274.1614179441896|-274.1614179441896|-274.1614179441896|-274.1614179441896|-274.1614179441896|-274.1614179441896|-274.16154614863655|-274.16154614863655|-274.16154614863655|-274.16154614863655|-274.16154614863655|-274.16154614863655|-274.16154614863655|-274.16154614863655|-274.16154614863655|-274.16154614863655|-274.16154614863655|-274.16154614863655|-274.16154614863655|-274.16154614863655|-274.16154614863655|-274.16154614863655|-274.16154614863655|-274.16154614863655|-274.16154614863655|-274.16154614863655|-274.16154614863655|-274.16154614863655|-274.16154614863655|-274.16154614863655|-274.16154614863655|-274.16154614863655|-274.16154614863655|-274.16154614863655|-274.16154614863655|-274.16154614863655|-274.16154614863655|-274.16154614863655|-274.16154614863655|-274.16154614863655|-274.16154614863655|-274.16154614863655|-274.16154614863655|-274.16154614863655|-274.16154614863655|-274.16154614863655|-274.16154614863655|-274.16154614863655|-274.16154614863655|-274.16154614863655|-274.16154614863655|-274.16154614863655|-274.16154614863655|-274.16154614863655|-274.16154614863655|-274.16154614863655|-274.16154614863655|-274.16154614863655|-274.16154614863655|-274.16154614863655|-274.16154614863655|-274.1615975077499|-274.1615975077499|-274.1615975077499|-274.1615975077499|-274.1615975077499|-274.1615975077499|-274.1615975077499|-274.1615975077499|-274.1615975077499|-274.1615975077499|-274.1615975077499|-274.1615975077499|-274.1615975077499|-274.1615975077499|-274.1615975077499|-274.1615975077499|-274.16160999120774|-274.16160999120774|-274.16160999120774|-274.16160999120774|-274.16160999120774|-274.16160999120774|-274.16160999120774|-274.16160999120774|-274.16160999120774|-274.16299394837415|-274.16299394837415|-274.16299394837415|-274.16299394837415|-274.16299394837415|-274.16299394837415|-274.16299394837415|-274.16299394837415|-274.16299394837415|-274.16299394837415|-274.16299394837415|-274.1629969863583|-274.1629969863583|-274.1629969863583|-274.1629969863583|-274.1629969863583|-274.1629969863583|-274.1629969863583|-274.1629969863583|-274.1629969863583|-274.1629969863583|-274.1629969863583|-274.1629969863583|-274.1629969863583|-274.1629969863583|-274.1629969863583|-274.1629969863583|-274.1630264061944|-274.1630264061944|-274.1630264061944|-274.1630264061944|-274.1630264061944|-274.1630264061944|-274.1630264061944|-274.1630264061944|-274.1630264061944|-274.1630264061944|-274.1630264061944|-274.1630264061944|-274.1630264061944|-274.1630264061944|-274.1630264061944|-274.1630264061944|-274.1630264061944|-274.1630264061944|-274.1630264061944|-274.1630264061944|-274.1630264061944|-274.1630264061944|-274.1630264061944|-274.1630264061944|-274.1630264061944|-274.1630264061944|-274.1630264061944|-274.1630264061944|-274.1630264061944|-274.1630264061944|-274.1630264061944|-274.1630264061944|-274.1630264061944|-274.1630264061944|-274.1630264061944|-274.1630264061944|-274.1630264061944|-274.1630264061944|-274.1630264061944|-274.1630264061944
population_100,7,100,300,5,0.5,10,70,107,10107,30100,-274.1630506897725,-2.902298374750202,-2.903591012531085,-2.903044731733978,-2.9037649519596553,-2.901426858695001,-2.9035369444323074,-2.903292839706811,-231.78216227228242,-1.6429962817820911,-3.1502619470040125,-2.9479819791636697,2.024929331191517,-3.123104808593661,-2.962563685942081,-3.3127799171589976,-173.04263249712506|-177.3648122283526|-183.59359801068172|-203.83485762231447|-203.83485762231447|-218.16235942559138|-218.16235942559138|-218.16235942559138|-224.26141882421172|-225.796921758756|-225.796921758756|-233.05294418644075|-253.91088928874495|-253.91088928874495|-257.60314665269135|-260.09125970955984|-260.09125970955984|-260.09125970955984|-260.48148613647083|-260.7254950222765|-262.12914422204136|-265.8502425971574|-266.56661027911855|-267.13497892219885|-267.13497892219885|-269.79886314285017|-270.2214228066555|-271.1043999741746|-271.48537202777885|-271.48537202777885|-271.5262469324204|-271.92722272842263|-272.7148896715879|-272.7148896715879|-272.7148896715879|-272.7148896715879|-273.08131219700215|-273.08131219700215|-273.32352004447057|-273.32352004447057|-273.32352004447057|-273.5446568237408|-273.5446568237408|-273.5446568237408|-273.61677818446515|-273.61677818446515|-273.61677818446515|-273.7138697820614|-273.7138697820614|-273.78599114278575|-273.78599114278575|-273.9057470252398|-273.9057470252398|-273.9057470252398|-273.9057470252398|-273.9057470252398|-273.9057470252398|-273.9057470252398|-273.9057470252398|-273.9057470252398|-273.9465467138671|-273.9465467138671|-273.9465795720072|-273.9465795720072|-274.0187009327315|-274.0187009327315|-274.0187009327315|-274.0187009327315|-274.0257791827587|-274.05950062135884|-274.05950062135884|-274.13665595896515|-274.13665595896515|-274.13665595896515|-274.13665595896515|-274.13665595896515|-274.13665595896515|-274.13665595896515|-274.13665595896515|-274.13665595896515|-274.13665595896515|-274.13665595896515|-274.13665595896515|-274.13680914382996|-274.13680914382996|-274.13680914382996|-274.13680914382996|-274.13680914382996|-274.13680914382996|-274.13680914382996|-274.1419214011506|-274.1419214011506|-274.1419214011506|-274.14207458601544|-274.14207458601544|-274.14207458601544|-274.14207458601544|-274.14207458601544|-274.15291973754984|-274.15291973754984|-274.15291973754984|-274.15291973754984|-274.15291973754984|-274.15307292241465|-274.15307292241465|-274.156429724732|-274.156429724732|-274.156429724732|-274.156429724732|-274.156429724732|-274.156429724732|-274.156429724732|-274.156429724732|-274.156429724732|-274.156429724732|-274.156429724732|-274.156429724732|-274.156429724732|-274.156429724732|-274.156429724732|-274.1592444747765|-274.1592444747765|-274.1592444747765|-274.1592444747765|-274.1592444747765|-274.1592444747765|-274.1592444747765|-274.1592444747765|-274.1592444747765|-274.1592444747765|-274.1597180215164|-274.1597180215164|-274.1597180215164|-274.1597180215164|-274.1597180215164|-274.15983007124885|-274.15983007124885|-274.15983007124885|-274.15983007124885|-274.15983007124885|-274.15983007124885|-274.15983007124885|-274.15983007124885|-274.15983007124885|-274.15983007124885|-274.15983007124885|-274.15983007124885|-274.15983007124885|-274.15983007124885|-274.15983007124885|-274.15983007124885|-274.15983007124885|-274.15983007124885|-274.15983007124885|-274.15983007124885|-274.15983007124885|-274.15983007124885|-274.15983007124885|-274.15983007124885|-274.15983007124885|-274.15983007124885|-274.15983007124885|-274.15983007124885|-274.1600650893368|-274.1600650893368|-274.1600650893368|-274.1600650893368|-274.1600650893368|-274.1600650893368|-274.1600650893368|-274.1600650893368|-274.1600650893368|-274.1600650893368|-274.1600650893368|-274.1600650893368|-274.1624528414511|-274.1624528414511|-274.1624528414511|-274.1624528414511|-274.1624528414511|-274.1624528414511|-274.1624528414511|-274.1624528414511|-274.1624528414511|-274.1624528414511|-274.1624528414511|-274.1624528414511|-274.1624528414511|-274.1624528414511|-274.1624528414511|-274.1624528414511|-274.1624528414511|-274.1624528414511|-274.1624528414511|-274.1624528414511|-274.1624528414511|-274.1624528414511|-274.1624528414511|-274.1630105696116|-274.1630105696116|-274.1630105696116|-274.1630105696116|-274.1630105696116|-274.1630105696116|-274.1630105696116|-274.1630105696116|-274.1630105696116|-274.1630105696116|-274.1630105696116|-274.1630105696116|-274.1630105696116|-274.1630105696116|-274.1630105696116|-274.1630105696116|-274.1630105696116|-274.1630105696116|-274.1630105696116|-274.1630105696116|-274.1630105696116|-274.1630105696116|-274.1630105696116|-274.1630105696116|-274.1630105696116|-274.1630105696116|-274.1630105696116|-274.1630105696116|-274.1630105696116|-274.1630105696116|-274.1630105696116|-274.1630105696116|-274.1630105696116|-274.1630105696116|-274.1630105696116|-274.1630105696116|-274.1630105696116|-274.1630105696116|-274.1630105696116|-274.1630105696116|-274.1630105696116|-274.1630105696116|-274.1630105696116|-274.1630105696116|-274.1630105696116|-274.1630105696116|-274.1630105696116|-274.1630105696116|-274.1630105696116|-274.1630105696116|-274.1630105696116|-274.1630105696116|-274.1630105696116|-274.1630105696116|-274.1630105696116|-274.1630105696116|-274.1630105696116|-274.1630105696116|-274.1630105696116|-274.1630105696116|-274.1630105696116|-274.1630105696116|-274.1630105696116|-274.1630105696116|-274.1630105696116|-274.1630105696116|-274.1630105696116|-274.16301241821157|-274.16301241821157|-274.16301241821157|-274.16301241821157|-274.16301241821157|-274.16301241821157|-274.16301241821157|-274.16301241821157|-274.16301241821157|-274.16301241821157|-274.16301241821157|-274.16301241821157|-274.16301241821157|-274.1630506897725|-274.1630506897725|-274.1630506897725|-274.1630506897725|-274.1630506897725|-274.1630506897725|-274.1630506897725|-274.1630506897725|-274.1630506897725|-274.1630506897725|-274.1630506897725|-274.1630506897725|-274.1630506897725|-274.1630506897725|-274.1630506897725|-274.1630506897725|-274.1630506897725|-274.1630506897725|-274.1630506897725|-274.1630506897725|-274.1630506897725|-274.1630506897725|-274.1630506897725
population_100,8,100,300,5,0.5,10,70,108,10108,30100,-274.16237527288575,-2.9016012944149803,-2.900846046395903,-2.9035607575519435,-2.9038491746092863,-2.9061229943343485,-2.8984260764739886,-2.904787202152716,-248.48020601252023,-3.380643073279165,-2.71147468898108,-3.240031649370698,-2.672253970605678,2.563537311442463,-2.577372093656569,-3.1576609660882857,-191.8969775632986|-191.8969775632986|-191.8969775632986|-191.8969775632986|-206.3438824740736|-206.3438824740736|-216.99585761157152|-216.99585761157152|-221.1949154296321|-225.42499436548445|-250.0783818651051|-250.0783818651051|-256.459051538258|-256.459051538258|-256.46818344006255|-257.01047075892575|-259.22939808821985|-261.2330422210785|-262.0168702794353|-262.0168702794353|-262.49565784684444|-263.913192183118|-264.0351915741742|-265.4555430167175|-265.4555430167175|-266.9473077655805|-268.29881899990403|-268.29881899990403|-268.8659820932489|-268.8659820932489|-272.285205928963|-272.285205928963|-272.285205928963|-272.285205928963|-272.2919391132209|-272.43253541842694|-273.585903940098|-273.585903940098|-273.585903940098|-273.585903940098|-273.7567965759123|-273.7567965759123|-273.7567965759123|-273.7567965759123|-273.7567965759123|-273.7567965759123|-273.7567965759123|-273.7698941732716|-273.7698941732716|-273.9077604518576|-273.9077604518576|-273.9077604518576|-273.9077604518576|-273.9077604518576|-273.9600761843167|-273.9668093685746|-273.973173781676|-273.973173781676|-273.973173781676|-273.973173781676|-273.973173781676|-273.973173781676|-273.973173781676|-273.973173781676|-273.9914431588994|-273.9914431588994|-274.05349210869394|-274.05349210869394|-274.05349210869394|-274.05349210869394|-274.05349210869394|-274.05349210869394|-274.09629101067725|-274.09629101067725|-274.09629101067725|-274.09629101067725|-274.09629101067725|-274.09629101067725|-274.09629101067725|-274.09629101067725|-274.09629101067725|-274.09629101067725|-274.097674019311|-274.097674019311|-274.097674019311|-274.097674019311|-274.097674019311|-274.097674019311|-274.097674019311|-274.097674019311|-274.097674019311|-274.097674019311|-274.09787363804236|-274.0980616852927|-274.0980616852927|-274.0996443126578|-274.0996443126578|-274.14086539988955|-274.14086539988955|-274.14086539988955|-274.14086539988955|-274.14086539988955|-274.14086539988955|-274.14086539988955|-274.14086539988955|-274.14086539988955|-274.14086539988955|-274.1444035105839|-274.1488439183986|-274.1488439183986|-274.1488439183986|-274.1488439183986|-274.1488439183986|-274.1488439183986|-274.1488439183986|-274.1488439183986|-274.1488439183986|-274.1488439183986|-274.1488439183986|-274.1488439183986|-274.15394028483394|-274.15394028483394|-274.15394028483394|-274.15394028483394|-274.15394028483394|-274.1545666662838|-274.1545666662838|-274.1545666662838|-274.1545666662838|-274.1545666662838|-274.1545666662838|-274.1545666662838|-274.1545666662838|-274.1545666662838|-274.1545666662838|-274.1545666662838|-274.1545666662838|-274.1545666662838|-274.1545666662838|-274.1545666662838|-274.1545666662838|-274.1545666662838|-274.1545666662838|-274.1545666662838|-274.1545666662838|-274.1545666662838|-274.1545666662838|-274.1545666662838|-274.1545666662838|-274.1545666662838|-274.1545666662838|-274.1545666662838|-274.1576167957065|-274.1576167957065|-274.1576167957065|-274.1576167957065|-274.1576167957065|-274.1576167957065|-274.1576167957065|-274.1576167957065|-274.1576167957065|-274.1576167957065|-274.1576167957065|-274.1576167957065|-274.1576167957065|-274.1576167957065|-274.1576167957065|-274.1576167957065|-274.1576494707403|-274.1576494707403|-274.1576494707403|-274.1576494707403|-274.1576494707403|-274.1576494707403|-274.1576494707403|-274.1576494707403|-274.1576494707403|-274.1576494707403|-274.1576494707403|-274.1576494707403|-274.1576494707403|-274.1576494707403|-274.1576494707403|-274.1576494707403|-274.1576494707403|-274.1576494707403|-274.1576494707403|-274.1576494707403|-274.1576494707403|-274.1576494707403|-274.1576494707403|-274.1576494707403|-274.1576494707403|-274.1576494707403|-274.1576494707403|-274.1576494707403|-274.15787873997436|-274.1584577796442|-274.1584577796442|-274.1584577796442|-274.1584577796442|-274.1584577796442|-274.1584577796442|-274.1584577796442|-274.1584577796442|-274.1584577796442|-274.1584577796442|-274.1584577796442|-274.1598543598077|-274.1598543598077|-274.1598543598077|-274.1598543598077|-274.1598543598077|-274.1598543598077|-274.1598543598077|-274.1598543598077|-274.1598543598077|-274.1598543598077|-274.1598543598077|-274.1598543598077|-274.1598543598077|-274.1598543598077|-274.1598543598077|-274.1598543598077|-274.1598543598077|-274.1598543598077|-274.1598543598077|-274.1620747336607|-274.1620747336607|-274.1620747336607|-274.1620747336607|-274.1620747336607|-274.1620747336607|-274.1620747336607|-274.1620747336607|-274.1620747336607|-274.1620747336607|-274.1620747336607|-274.1620747336607|-274.1620747336607|-274.1620747336607|-274.1620747336607|-274.1620747336607|-274.1620747336607|-274.1620747336607|-274.1620747336607|-274.1620747336607|-274.1620747336607|-274.1620747336607|-274.1620747336607|-274.1620747336607|-274.1620747336607|-274.1620747336607|-274.1620747336607|-274.1620747336607|-274.1620747336607|-274.1620747336607|-274.1620747336607|-274.1620747336607|-274.16213645907794|-274.16213645907794|-274.16213645907794|-274.16213645907794|-274.16213645907794|-274.16213645907794|-274.16213645907794|-274.16213645907794|-274.16213645907794|-274.16213645907794|-274.16213645907794|-274.16213645907794|-274.16213645907794|-274.16213645907794|-274.16213645907794|-274.16213645907794|-274.16213645907794|-274.16213645907794|-274.16213645907794|-274.16213645907794|-274.16213645907794|-274.16213645907794|-274.16237527288575|-274.16237527288575|-274.16237527288575|-274.16237527288575|-274.16237527288575|-274.16237527288575|-274.16237527288575|-274.16237527288575|-274.16237527288575|-274.16237527288575|-274.16237527288575|-274.16237527288575|-274.16237527288575|-274.16237527288575|-274.16237527288575|-274.16237527288575|-274.16237527288575|-274.16237527288575|-274.16237527288575|-274.16237527288575
population_100,9,100,300,5,0.5,10,70,109,10109,30100,-260.02543019984284,-2.904125378441773,-2.9048939516438157,-2.902418680109579,-2.907980691570679,2.750304487942959,-2.9082456798790144,-2.9051388808321397,-235.21108986335776,-3.1005417856267927,-2.7977661893879633,2.711099154640463,-3.126552383425948,-2.8146035644666267,3.246181337687254,-3.3679344456561013,-175.2647530963705|-175.2647530963705|-193.80045334902888|-193.80045334902888|-193.80045334902888|-212.8512440418933|-213.23514622033161|-221.60238472814652|-221.89023344739076|-225.26828621423903|-234.44794585996672|-234.44794585996672|-234.44794585996672|-236.43436497935875|-246.3030634284365|-246.42109024012402|-246.42109024012402|-249.78318439579365|-249.78318439579365|-250.124437673853|-250.84109392261811|-253.02827724466707|-254.628009233213|-254.66736692294927|-256.07426498483824|-256.77283198358055|-256.79092123360334|-256.79092123360334|-257.5864976729325|-257.5864976729325|-258.44940436623557|-258.44940436623557|-258.44940436623557|-259.40822160303264|-259.40822160303264|-259.40822160303264|-259.40822160303264|-259.40822160303264|-259.40822160303264|-259.40822160303264|-259.40822160303264|-259.75229068930366|-259.75229068930366|-259.75229068930366|-259.75229068930366|-259.75229068930366|-259.75229068930366|-259.75229068930366|-259.75229068930366|-259.75229068930366|-259.8650795196353|-259.8650795196353|-259.8806092873525|-259.8806092873525|-259.8806092873525|-259.8806092873525|-259.9009403214019|-259.90654544486375|-259.90654544486375|-259.90654544486375|-259.922075212581|-259.922075212581|-259.922075212581|-259.922075212581|-259.922075212581|-259.922075212581|-259.9303451996292|-259.9303451996292|-259.9303451996292|-259.9303451996292|-259.9415111862827|-259.94993742301364|-259.94993742301364|-259.94993742301364|-259.94993742301364|-259.94993742301364|-259.9564637813398|-259.9564637813398|-259.9728180387954|-259.97397918052735|-259.97397918052735|-259.97397918052735|-259.99527215466134|-259.99527215466134|-260.0102247497184|-260.0102247497184|-260.0102247497184|-260.0102247497184|-260.0102247497184|-260.0102247497184|-260.0102247497184|-260.0102247497184|-260.0102247497184|-260.0102247497184|-260.0102247497184|-260.0102247497184|-260.0102247497184|-260.0102247497184|-260.0102247497184|-260.0102247497184|-260.0102247497184|-260.0102247497184|-260.0102247497184|-260.0102247497184|-260.0102247497184|-260.0102247497184|-260.0102247497184|-260.0102247497184|-260.0121754570311|-260.0121754570311|-260.0121754570311|-260.0121754570311|-260.0121754570311|-260.0121754570311|-260.0121754570311|-260.0121754570311|-260.0121754570311|-260.01641731377134|-260.01641731377134|-260.01641731377134|-260.01641731377134|-260.01641731377134|-260.01641731377134|-260.01641731377134|-260.01641731377134|-260.01641731377134|-260.01641731377134|-260.01641731377134|-260.01641731377134|-260.01641731377134|-260.01641731377134|-260.01641731377134|-260.01641731377134|-260.01641731377134|-260.0208746190224|-260.0208746190224|-260.0208746190224|-260.0208746190224|-260.0208746190224|-260.0208746190224|-260.0208746190224|-260.0208746190224|-260.0208746190224|-260.0208746190224|-260.0208746190224|-260.0208746190224|-260.0208746190224|-260.0208746190224|-260.0208746190224|-260.0208746190224|-260.0208746190224|-260.0208746190224|-260.0208746190224|-260.0208746190224|-260.0208746190224|-260.0208746190224|-260.0212102951599|-260.0212102951599|-260.02277508679396|-260.02277508679396|-260.02277508679396|-260.02277508679396|-260.02277508679396|-260.02277508679396|-260.02277508679396|-260.02277508679396|-260.02277508679396|-260.02283725574955|-260.02283725574955|-260.02283725574955|-260.02283725574955|-260.02308972019296|-260.02308972019296|-260.0236939391968|-260.0236939391968|-260.0236939391968|-260.0236939391968|-260.0236939391968|-260.0236939391968|-260.0236939391968|-260.0240085725958|-260.0240085725958|-260.0240085725958|-260.0240085725958|-260.0240085725958|-260.0240085725958|-260.0240085725958|-260.0240085725958|-260.0240085725958|-260.02464183515923|-260.02464183515923|-260.02464183515923|-260.02464183515923|-260.02464183515923|-260.02464183515923|-260.02464183515923|-260.02464183515923|-260.02464183515923|-260.02464183515923|-260.02464183515923|-260.02464183515923|-260.02464183515923|-260.02464183515923|-260.02464183515923|-260.02464183515923|-260.02464183515923|-260.02464183515923|-260.02464183515923|-260.02464183515923|-260.02464183515923|-260.02464183515923|-260.02464183515923|-260.02464183515923|-260.02464183515923|-260.02464183515923|-260.02464183515923|-260.02464183515923|-260.0253066234288|-260.0253066234288|-260.0253066234288|-260.0253066234288|-260.0253066234288|-260.0253066234288|-260.0253066234288|-260.0253947918584|-260.0253947918584|-260.0253947918584|-260.0253947918584|-260.0253947918584|-260.0253947918584|-260.0253947918584|-260.0253947918584|-260.0253947918584|-260.0253947918584|-260.0253947918584|-260.0253947918584|-260.0253947918584|-260.0253947918584|-260.0253947918584|-260.0253947918584|-260.0253947918584|-260.0253947918584|-260.0253947918584|-260.0253947918584|-260.0253947918584|-260.0253947918584|-260.0253947918584|-260.0253947918584|-260.0253947918584|-260.0253947918584|-260.0253947918584|-260.0253947918584|-260.0253947918584|-260.0253947918584|-260.0253947918584|-260.0253947918584|-260.0253947918584|-260.0253947918584|-260.0253947918584|-260.0253947918584|-260.0253947918584|-260.0253947918584|-260.0253947918584|-260.0253947918584|-260.0253947918584|-260.0253947918584|-260.0253947918584|-260.0253947918584|-260.0253947918584|-260.0253947918584|-260.0253947918584|-260.0253947918584|-260.0253947918584|-260.0253947918584|-260.0253947918584|-260.0253947918584|-260.0253947918584|-260.0253947918584|-260.0253947918584|-260.0253947918584|-260.0253947918584|-260.0253947918584|-260.0253947918584|-260.0253947918584|-260.0253947918584|-260.0253947918584|-260.0253947918584|-260.0253947918584|-260.0253947918584|-260.0253947918584|-260.0253947918584|-260.0253947918584|-260.0253947918584|-260.0253947918584|-260.0253947918584|-260.02543019984284|-260.02543019984284|-260.02543019984284|-260.02543019984284|-260.02543019984284|-260.02543019984284
population_100,10,100,300,5,0.5,10,70,110,10110,30100,-274.1619130919159,-2.909448137127002,-2.908878004939822,-2.902098896538825,-2.901173506916115,-2.903962147447442,-2.903193167393569,-2.9042587590879974,-238.077749125171,-2.6273736117730326,-2.569701532276334,-3.5153635684306317,1.8893263271011946,-3.190466062310687,-2.5707823455713164,-2.7639860635032,-194.41130411522406|-201.55801025020259|-215.53433168808732|-222.64663227845978|-251.32177555030646|-251.32177555030646|-251.32177555030646|-254.13955339950226|-254.13955339950226|-254.13955339950226|-255.65032881755528|-263.7387291066036|-263.7387291066036|-267.24023701894424|-267.24023701894424|-267.9162913625254|-267.9162913625254|-267.9162913625254|-269.9461755636333|-269.9461755636333|-269.9461755636333|-270.3051211185948|-270.3051211185948|-270.3051211185948|-270.54089985444796|-271.1252200238125|-271.4870477773653|-271.76573485888764|-271.7944166307099|-271.9210433271577|-272.1124188720784|-272.43569697817674|-272.43569697817674|-272.7213428367935|-273.46784636798463|-273.46784636798463|-273.46784636798463|-273.54601651174|-273.900793543062|-273.900793543062|-273.90116785659086|-273.90116785659086|-273.90140868006927|-273.90140868006927|-273.9045699006522|-273.95315186823046|-273.95315186823046|-274.02235579039234|-274.02235579039234|-274.02235579039234|-274.02235579039234|-274.02235579039234|-274.03868116862384|-274.03868116862384|-274.03868116862384|-274.03868116862384|-274.03868116862384|-274.03868116862384|-274.03868116862384|-274.03868116862384|-274.0704711030093|-274.0851379067777|-274.0851379067777|-274.0851379067777|-274.0882727154513|-274.0882727154513|-274.0882727154513|-274.0882727154513|-274.0882727154513|-274.0882727154513|-274.0882727154513|-274.0882727154513|-274.0882727154513|-274.0882727154513|-274.0882727154513|-274.0882727154513|-274.0882727154513|-274.1060747231225|-274.1060747231225|-274.1103403463543|-274.1103403463543|-274.1103403463543|-274.1267678032196|-274.1267678032196|-274.1310334264514|-274.1310334264514|-274.1310334264514|-274.1310334264514|-274.13395756390827|-274.13395756390827|-274.13395756390827|-274.1343164504813|-274.1343164504813|-274.1343164504813|-274.1353914907735|-274.1353914907735|-274.1353914907735|-274.1353914907735|-274.1353914907735|-274.1353914907735|-274.1353914907735|-274.1353914907735|-274.1353914907735|-274.1415317751394|-274.14855256994684|-274.15319777906535|-274.15319777906535|-274.15319777906535|-274.15319777906535|-274.15319777906535|-274.15319777906535|-274.1555928462873|-274.1555928462873|-274.1555928462873|-274.1555928462873|-274.1555928462873|-274.1555928462873|-274.1555928462873|-274.1555928462873|-274.1555928462873|-274.1555928462873|-274.1555928462873|-274.15613200671805|-274.1585355314198|-274.1585355314198|-274.1585355314198|-274.1585355314198|-274.1585355314198|-274.1585355314198|-274.1585355314198|-274.1585355314198|-274.1585355314198|-274.1585355314198|-274.1585355314198|-274.1585355314198|-274.1585355314198|-274.1585355314198|-274.1585355314198|-274.1585355314198|-274.1585355314198|-274.1585355314198|-274.1585355314198|-274.1585355314198|-274.1585355314198|-274.1585355314198|-274.1585355314198|-274.1585355314198|-274.1585355314198|-274.1585355314198|-274.1585355314198|-274.1585355314198|-274.1585355314198|-274.1585355314198|-274.1585355314198|-274.1585355314198|-274.1585355314198|-274.1585355314198|-274.1585355314198|-274.1585355314198|-274.1585355314198|-274.1585355314198|-274.16145660779864|-274.16145660779864|-274.16145660779864|-274.16145660779864|-274.16145660779864|-274.16145660779864|-274.16145660779864|-274.16145660779864|-274.16145660779864|-274.16145660779864|-274.16145660779864|-274.16145660779864|-274.16145660779864|-274.16145660779864|-274.16145660779864|-274.16145660779864|-274.16145660779864|-274.16145660779864|-274.1616382570604|-274.1616382570604|-274.1616382570604|-274.1616382570604|-274.1616382570604|-274.1616382570604|-274.1616382570604|-274.1616382570604|-274.1616382570604|-274.1616382570604|-274.1616382570604|-274.1616382570604|-274.1616382570604|-274.1616382570604|-274.1617528897134|-274.1617528897134|-274.1617528897134|-274.1617528897134|-274.1617528897134|-274.1617528897134|-274.1617528897134|-274.1617528897134|-274.1617528897134|-274.1617528897134|-274.1617528897134|-274.1617528897134|-274.1617528897134|-274.1617528897134|-274.161910150349|-274.161910150349|-274.161910150349|-274.161910150349|-274.161910150349|-274.161910150349|-274.161910150349|-274.161910150349|-274.161910150349|-274.161910150349|-274.161910150349|-274.161910150349|-274.161910150349|-274.161910150349|-274.161910150349|-274.161910150349|-274.161910150349|-274.161910150349|-274.161910150349|-274.161910150349|-274.161910150349|-274.1619130919159|-274.1619130919159|-274.1619130919159|-274.1619130919159|-274.1619130919159|-274.1619130919159|-274.1619130919159|-274.1619130919159|-274.1619130919159|-274.1619130919159|-274.1619130919159|-274.1619130919159|-274.1619130919159|-274.1619130919159|-274.1619130919159|-274.1619130919159|-274.1619130919159|-274.1619130919159|-274.1619130919159|-274.1619130919159|-274.1619130919159|-274.1619130919159|-274.1619130919159|-274.1619130919159|-274.1619130919159|-274.1619130919159|-274.1619130919159|-274.1619130919159|-274.1619130919159|-274.1619130919159|-274.1619130919159|-274.1619130919159|-274.1619130919159|-274.1619130919159|-274.1619130919159|-274.1619130919159|-274.1619130919159|-274.1619130919159|-274.1619130919159|-274.1619130919159|-274.1619130919159|-274.1619130919159|-274.1619130919159|-274.1619130919159|-274.1619130919159|-274.1619130919159|-274.1619130919159|-274.1619130919159|-274.1619130919159|-274.1619130919159|-274.1619130919159|-274.1619130919159|-274.1619130919159|-274.1619130919159|-274.1619130919159|-274.1619130919159|-274.1619130919159|-274.1619130919159|-274.1619130919159|-274.1619130919159|-274.1619130919159|-274.1619130919159|-274.1619130919159|-274.1619130919159|-274.1619130919159|-274.1619130919159|-274.1619130919159|-274.1619130919159|-274.1619130919159|-274.1619130919159|-274.1619130919159|-274.1619130919159|-274.1619130919159
population_100,11,100,300,5,0.5,10,70,111,10111,30100,-274.16224612656083,-2.9043003521022204,-2.8989339144368866,-2.9049172640566243,-2.908798830850373,-2.902544358238018,-2.903049530762303,-2.904019449963486,-254.41690016974528,-3.0100992386130443,-2.744821684401637,-3.4458894040991153,-3.244433797702202,-3.4469634701842944,-3.2781653872604033,-2.5410725753605004,-178.65060161169092|-182.13634206291636|-199.7745619506179|-211.09899949391186|-215.80558241346978|-215.80558241346978|-215.80558241346978|-223.98514910623047|-228.74966910838893|-240.85134381948134|-241.94941991682984|-243.0471673544366|-249.0042703072109|-249.0042703072109|-263.117354318625|-263.117354318625|-263.117354318625|-263.117354318625|-264.29095786466655|-268.4241832314184|-268.4241832314184|-268.6652095697084|-268.6652095697084|-268.6652095697084|-270.5376892945295|-270.5376892945295|-271.04859315510964|-271.04859315510964|-271.04859315510964|-271.1337112995821|-271.85746477341326|-271.85746477341326|-272.0351295474872|-272.0351295474872|-272.09524178546604|-272.136235424841|-272.136235424841|-272.661339537116|-272.892797473176|-272.892797473176|-272.892797473176|-272.892797473176|-272.892797473176|-272.8958800618396|-272.9322729657402|-273.2560469958071|-273.2560469958071|-273.2560469958071|-273.33126225824947|-273.5716612617964|-273.5716612617964|-273.5716612617964|-273.5716612617964|-273.5716612617964|-273.5716612617964|-273.65344855776704|-273.65344855776704|-273.9503737629135|-273.9503737629135|-273.9503737629135|-273.9503737629135|-273.9503737629135|-273.95784985293665|-273.95784985293665|-273.95784985293665|-273.95784985293665|-273.95784985293665|-273.95784985293665|-274.00311492261795|-274.00311492261795|-274.00311492261795|-274.00311492261795|-274.00311492261795|-274.00596859453367|-274.01709150210786|-274.01908913887195|-274.01908913887195|-274.0799643470032|-274.0799643470032|-274.0799643470032|-274.0799643470032|-274.0799643470032|-274.0799643470032|-274.10056098136465|-274.10056098136465|-274.10056098136465|-274.10056098136465|-274.10341465328037|-274.10341465328037|-274.1057778130882|-274.1057778130882|-274.1057778130882|-274.1057778130882|-274.1057778130882|-274.1057778130882|-274.1057778130882|-274.1057778130882|-274.1057778130882|-274.1057778130882|-274.1057778130882|-274.13727852925314|-274.13727852925314|-274.13727852925314|-274.13727852925314|-274.1424953609767|-274.1424953609767|-274.1424953609767|-274.1424953609767|-274.1424953609767|-274.1424953609767|-274.1424953609767|-274.1424953609767|-274.1424953609767|-274.1424953609767|-274.1424953609767|-274.1424953609767|-274.1424953609767|-274.1424953609767|-274.1424953609767|-274.14287182757084|-274.1438318051547|-274.1466999631849|-274.1466999631849|-274.1466999631849|-274.1466999631849|-274.1466999631849|-274.1467637840738|-274.1467637840738|-274.1467637840738|-274.1467637840738|-274.1467637840738|-274.1467637840738|-274.1467637840738|-274.1467637840738|-274.1467637840738|-274.1467637840738|-274.1467637840738|-274.14724355341593|-274.14724355341593|-274.14724355341593|-274.14724355341593|-274.14724355341593|-274.14724355341593|-274.15091252634403|-274.15091252634403|-274.15091252634403|-274.15091252634403|-274.15091252634403|-274.15091252634403|-274.15091252634403|-274.15091252634403|-274.15091252634403|-274.1513942723648|-274.1513942723648|-274.1513942723648|-274.15826087377945|-274.15826087377945|-274.15826087377945|-274.15826087377945|-274.15826087377945|-274.15826087377945|-274.15826087377945|-274.15826087377945|-274.15826087377945|-274.15826087377945|-274.15826087377945|-274.15924195523706|-274.15924195523706|-274.15924195523706|-274.15924195523706|-274.15924195523706|-274.15924195523706|-274.15924195523706|-274.15924195523706|-274.15924195523706|-274.15924195523706|-274.15924195523706|-274.1593751606741|-274.1593751606741|-274.1593751606741|-274.1593751606741|-274.1593751606741|-274.1593751606741|-274.1593751606741|-274.1593751606741|-274.1593751606741|-274.1593751606741|-274.1593751606741|-274.1593751606741|-274.1593751606741|-274.1593751606741|-274.1593751606741|-274.1593751606741|-274.1593751606741|-274.1593751606741|-274.1593751606741|-274.1593751606741|-274.1593751606741|-274.1597953794864|-274.1597953794864|-274.1597953794864|-274.1597953794864|-274.1597953794864|-274.1597953794864|-274.1597953794864|-274.1597953794864|-274.1597953794864|-274.15997290615513|-274.15997290615513|-274.15997290615513|-274.15997290615513|-274.15997290615513|-274.15997290615513|-274.15997290615513|-274.15997290615513|-274.15997290615513|-274.15997290615513|-274.15997290615513|-274.15997290615513|-274.15997290615513|-274.15997290615513|-274.15997290615513|-274.15997290615513|-274.15997290615513|-274.15997290615513|-274.15997290615513|-274.15997290615513|-274.15997290615513|-274.15997290615513|-274.15997290615513|-274.15997290615513|-274.15997290615513|-274.15997290615513|-274.15997290615513|-274.15997290615513|-274.16068296814103|-274.16068296814103|-274.16068296814103|-274.16068296814103|-274.16068296814103|-274.16068296814103|-274.16068296814103|-274.16068296814103|-274.16109799106715|-274.16109799106715|-274.16109799106715|-274.16109799106715|-274.16109799106715|-274.16109799106715|-274.16109799106715|-274.16109799106715|-274.16109799106715|-274.16109799106715|-274.16109799106715|-274.16109799106715|-274.16109799106715|-274.16109799106715|-274.16109799106715|-274.16109799106715|-274.16109799106715|-274.16109799106715|-274.16109799106715|-274.16109799106715|-274.16109799106715|-274.16109799106715|-274.16109799106715|-274.16109799106715|-274.16109799106715|-274.16109799106715|-274.16109799106715|-274.16115629753443|-274.16115629753443|-274.16115629753443|-274.16115629753443|-274.16115629753443|-274.16115629753443|-274.16115629753443|-274.16115629753443|-274.16115629753443|-274.16115629753443|-274.16115629753443|-274.16115629753443|-274.16115629753443|-274.16115629753443|-274.16115629753443|-274.16115629753443|-274.1620656805699|-274.1620656805699|-274.1620656805699|-274.1620656805699|-274.1620656805699|-274.1620656805699|-274.16224612656083|-274.16224612656083|-274.16224612656083|-274.16224612656083|-274.16224612656083|-274.16224612656083|-274.16224612656083|-274.16224612656083|-274.16224612656083
population_100,12,100,300,5,0.5,10,70,112,10112,30100,-274.1616967165722,-2.9038842992752496,-2.8963809100663465,-2.9001386108500875,-2.9007643886728034,-2.905283723096611,-2.9004837734258686,-2.902149567026238,-232.8112728777293,-2.592277067002521,-3.4452844920223455,-2.06740692561997,2.712138378132858,-3.251727679459455,-3.2028812847160926,-2.2002441756225255,-185.50899122256632|-185.50899122256632|-185.50899122256632|-185.50899122256632|-209.48143193176065|-209.48143193176065|-209.48143193176065|-220.5511200410227|-222.3490712373752|-222.3490712373752|-222.3490712373752|-228.92706109288437|-238.40387032749192|-245.76471040112784|-245.76471040112784|-256.92104455704504|-256.92104455704504|-256.92104455704504|-267.0959097760662|-267.0959097760662|-267.0959097760662|-270.52093319504854|-270.8141258708071|-270.8141258708071|-270.8141258708071|-270.966724917019|-271.1233263559727|-271.1233263559727|-271.1233263559727|-271.1233263559727|-271.5691180779432|-271.5691180779432|-272.28904147853996|-272.83345214087814|-272.83345214087814|-272.83345214087814|-272.83345214087814|-273.306130321666|-273.306130321666|-273.306130321666|-273.306130321666|-273.4255413685293|-273.4255413685293|-273.4255413685293|-273.4255413685293|-273.4255413685293|-273.4255413685293|-273.5436576248362|-273.5436576248362|-273.5436576248362|-273.5941864397477|-273.5941864397477|-273.5941864397477|-273.7379836590088|-273.7379836590088|-273.7379836590088|-273.8520362878768|-273.8520362878768|-273.8520362878768|-273.8520362878768|-273.8520362878768|-273.8520362878768|-273.8520362878768|-273.8520362878768|-273.8520362878768|-273.8520362878768|-273.89205716449914|-273.89205716449914|-273.89205716449914|-273.95041696457025|-273.95041696457025|-273.95041696457025|-273.95041696457025|-273.95041696457025|-273.95041696457025|-273.95041696457025|-273.99555169241086|-273.99555169241086|-273.99555169241086|-273.99555169241086|-273.99555169241086|-273.99555169241086|-273.99936929750953|-273.99936929750953|-273.99936929750953|-273.99936929750953|-273.99936929750953|-274.02213475490464|-274.02213475490464|-274.02213475490464|-274.02213475490464|-274.02213475490464|-274.02213475490464|-274.02213475490464|-274.06206342819405|-274.06206342819405|-274.06206342819405|-274.06206342819405|-274.06621170383255|-274.06621170383255|-274.06621170383255|-274.06621170383255|-274.06621170383255|-274.06621170383255|-274.06621170383255|-274.08268500816456|-274.10514985043056|-274.10514985043056|-274.10514985043056|-274.10514985043056|-274.10514985043056|-274.10653194057545|-274.10653194057545|-274.10653194057545|-274.10653194057545|-274.10653194057545|-274.10653194057545|-274.10653194057545|-274.10653194057545|-274.1138874409809|-274.1138874409809|-274.1138874409809|-274.1138874409809|-274.1138874409809|-274.1138874409809|-274.1138874409809|-274.1138874409809|-274.1178958291515|-274.1178958291515|-274.1178958291515|-274.1178958291515|-274.1178958291515|-274.1178958291515|-274.1178958291515|-274.1355866678633|-274.1355866678633|-274.1355866678633|-274.1355866678633|-274.1355866678633|-274.1355866678633|-274.1355866678633|-274.1355866678633|-274.1433353340801|-274.1433353340801|-274.14537899837455|-274.14537899837455|-274.14537899837455|-274.14537899837455|-274.1467610885195|-274.1467610885195|-274.1467610885195|-274.1467610885195|-274.14698568174015|-274.1532785165632|-274.1532785165632|-274.1532785165632|-274.1532785165632|-274.1532785165632|-274.1532785165632|-274.1532785165632|-274.1560390060338|-274.1560390060338|-274.1560390060338|-274.1560390060338|-274.1560390060338|-274.1562635992545|-274.1562635992545|-274.1562635992545|-274.1562635992545|-274.1562635992545|-274.1562635992545|-274.1562635992545|-274.15904405476863|-274.15904405476863|-274.15904405476863|-274.15904405476863|-274.15904405476863|-274.15904405476863|-274.15904405476863|-274.15904405476863|-274.15904405476863|-274.15904405476863|-274.15904405476863|-274.15904405476863|-274.15904405476863|-274.15904405476863|-274.15904405476863|-274.15904405476863|-274.15904405476863|-274.15904405476863|-274.15904405476863|-274.15904405476863|-274.15904405476863|-274.1599132896823|-274.1599132896823|-274.1599132896823|-274.1599132896823|-274.1599132896823|-274.1599132896823|-274.1599132896823|-274.1600040787922|-274.1600040787922|-274.1600040787922|-274.1600040787922|-274.1600040787922|-274.1600040787922|-274.1600040787922|-274.1600040787922|-274.1600040787922|-274.1600040787922|-274.1600040787922|-274.1600040787922|-274.1600040787922|-274.1600040787922|-274.1600040787922|-274.1600040787922|-274.1600040787922|-274.16093318266064|-274.16093318266064|-274.16093318266064|-274.16093318266064|-274.16093318266064|-274.16093318266064|-274.16093318266064|-274.16093318266064|-274.16093318266064|-274.16093318266064|-274.16093318266064|-274.16093318266064|-274.16093318266064|-274.16093318266064|-274.16093318266064|-274.16093318266064|-274.16093318266064|-274.16093318266064|-274.16093318266064|-274.16093318266064|-274.16093318266064|-274.16093318266064|-274.16093318266064|-274.16093318266064|-274.16093318266064|-274.16093318266064|-274.16117507133464|-274.16117507133464|-274.16117507133464|-274.16117507133464|-274.16117507133464|-274.16117507133464|-274.16117507133464|-274.16117507133464|-274.16117507133464|-274.16117507133464|-274.16117507133464|-274.16117507133464|-274.16117507133464|-274.16117507133464|-274.16117507133464|-274.16117507133464|-274.16117507133464|-274.16117507133464|-274.16117507133464|-274.16117507133464|-274.16117507133464|-274.16117507133464|-274.16117507133464|-274.16117507133464|-274.16117507133464|-274.16117507133464|-274.16117507133464|-274.16117507133464|-274.16117507133464|-274.16117507133464|-274.16117507133464|-274.16117507133464|-274.16117507133464|-274.16117507133464|-274.1616967165722|-274.1616967165722|-274.1616967165722|-274.1616967165722|-274.1616967165722|-274.1616967165722|-274.1616967165722|-274.1616967165722|-274.1616967165722|-274.1616967165722|-274.1616967165722|-274.1616967165722|-274.1616967165722|-274.1616967165722|-274.1616967165722|-274.1616967165722|-274.1616967165722|-274.1616967165722|-274.1616967165722|-274.1616967165722|-274.1616967165722|-274.1616967165722|-274.1616967165722|-274.1616967165722
population_100,13,100,300,5,0.5,10,70,113,10113,30100,-274.16303617049624,-2.9046745478305676,-2.90140519829662,-2.903111835253429,-2.9041581452352943,-2.903912196742264,-2.9030012803244283,-2.902957395522356,-225.30550722243433,-2.7582262967273143,-2.5532535267662837,-1.6892515232922847,2.4142864992315705,-1.9883001301425631,-2.962895171248674,-3.373208515858318,-184.8545865077731|-184.8545865077731|-188.05407326840202|-216.73101928866024|-216.73101928866024|-216.73101928866024|-216.73101928866024|-230.58623843071922|-230.58623843071922|-245.95400631913603|-246.03918784231908|-246.03918784231908|-247.7877031020115|-252.37699751389056|-257.8587818631806|-258.8092109805529|-266.8368996873101|-266.8368996873101|-267.19800879843444|-270.40492337256313|-272.54585698637027|-272.54585698637027|-272.54585698637027|-272.6274503680333|-272.6274503680333|-272.65031269111245|-272.69224977073213|-272.69224977073213|-272.69224977073213|-272.79545594048477|-272.79545594048477|-273.64020717418464|-273.64020717418464|-273.7239058846355|-273.8463733326688|-273.8463733326688|-273.8463733326688|-273.861474309578|-273.9328035245102|-273.9328035245102|-273.9328035245102|-273.9328035245102|-273.9328035245102|-274.0543089651869|-274.0543089651869|-274.0543089651869|-274.0543089651869|-274.0543089651869|-274.0543089651869|-274.0695733631973|-274.0695733631973|-274.0695733631973|-274.0695733631973|-274.0695733631973|-274.071133276993|-274.071133276993|-274.071133276993|-274.071133276993|-274.071133276993|-274.071133276993|-274.1188448699182|-274.1188448699182|-274.1188448699182|-274.1188448699182|-274.1188448699182|-274.1212964905781|-274.1212964905781|-274.1212964905781|-274.1212964905781|-274.1212964905781|-274.1212964905781|-274.1212964905781|-274.1212964905781|-274.1212964905781|-274.1212964905781|-274.1212964905781|-274.1212964905781|-274.12242640482395|-274.1260869488335|-274.1260869488335|-274.1260869488335|-274.1260869488335|-274.1260869488335|-274.1260869488335|-274.12721686307935|-274.1332154872583|-274.1332154872583|-274.1332154872583|-274.1332154872583|-274.1332154872583|-274.1334891475857|-274.1334891475857|-274.1334891475857|-274.1334891475857|-274.13434540150416|-274.13434540150416|-274.1354224214719|-274.1354224214719|-274.1354224214719|-274.1354224214719|-274.1354224214719|-274.13569608179927|-274.13635777098784|-274.13635777098784|-274.13635777098784|-274.13635777098784|-274.13635777098784|-274.1385647052014|-274.1385647052014|-274.1385647052014|-274.1385647052014|-274.1385647052014|-274.1385647052014|-274.13994337059376|-274.13994337059376|-274.13994337059376|-274.13994337059376|-274.13994337059376|-274.13994337059376|-274.13994337059376|-274.13994337059376|-274.13994337059376|-274.13994337059376|-274.13994337059376|-274.13994337059376|-274.13994337059376|-274.13994337059376|-274.13994337059376|-274.13994337059376|-274.1425304104175|-274.1425304104175|-274.1425304104175|-274.14313341146044|-274.14313341146044|-274.14313341146044|-274.1457204512842|-274.1457204512842|-274.1457204512842|-274.1457204512842|-274.1457204512842|-274.1457204512842|-274.1457204512842|-274.1457204512842|-274.1457204512842|-274.1457204512842|-274.1457204512842|-274.1457204512842|-274.1461170695436|-274.1461170695436|-274.1461170695436|-274.1461170695436|-274.1461170695436|-274.1461170695436|-274.1461170695436|-274.1461170695436|-274.1461170695436|-274.1461170695436|-274.1461170695436|-274.1461170695436|-274.1461170695436|-274.1461170695436|-274.1461170695436|-274.1461170695436|-274.1461170695436|-274.1461170695436|-274.1461170695436|-274.1461170695436|-274.1461170695436|-274.1461170695436|-274.15323851847063|-274.15323851847063|-274.1562221675903|-274.1562221675903|-274.1562221675903|-274.1562221675903|-274.1562221675903|-274.1562221675903|-274.1562221675903|-274.15815127267797|-274.15815127267797|-274.1582397217591|-274.1582397217591|-274.1582397217591|-274.1582397217591|-274.1582397217591|-274.1602485463361|-274.1602485463361|-274.16226610050495|-274.16226610050495|-274.16226610050495|-274.16226610050495|-274.16226610050495|-274.16226610050495|-274.16226610050495|-274.16226610050495|-274.16226610050495|-274.16226610050495|-274.16226610050495|-274.16226610050495|-274.16226610050495|-274.16226610050495|-274.16226610050495|-274.16226610050495|-274.16226610050495|-274.16234181223075|-274.16234181223075|-274.16234181223075|-274.16234181223075|-274.16234181223075|-274.16234181223075|-274.16234181223075|-274.16234181223075|-274.16234181223075|-274.16234181223075|-274.16234181223075|-274.16234181223075|-274.16234181223075|-274.16234181223075|-274.16234181223075|-274.16234181223075|-274.16234181223075|-274.16234181223075|-274.16234181223075|-274.16234181223075|-274.16234181223075|-274.16234181223075|-274.16234181223075|-274.16234181223075|-274.16234181223075|-274.16234181223075|-274.16234181223075|-274.16234181223075|-274.16234181223075|-274.16234181223075|-274.16234181223075|-274.16234181223075|-274.16234181223075|-274.16234181223075|-274.16234181223075|-274.16234181223075|-274.16234181223075|-274.16234181223075|-274.16234181223075|-274.16234181223075|-274.16234181223075|-274.16234181223075|-274.16234181223075|-274.16234181223075|-274.16234181223075|-274.16234181223075|-274.16234181223075|-274.16234181223075|-274.16234181223075|-274.162884404084|-274.162884404084|-274.162884404084|-274.162884404084|-274.162884404084|-274.162884404084|-274.162884404084|-274.162884404084|-274.162884404084|-274.162884404084|-274.162884404084|-274.162884404084|-274.162884404084|-274.162884404084|-274.162884404084|-274.16303617049624|-274.16303617049624|-274.16303617049624|-274.16303617049624|-274.16303617049624|-274.16303617049624|-274.16303617049624|-274.16303617049624|-274.16303617049624|-274.16303617049624|-274.16303617049624|-274.16303617049624|-274.16303617049624|-274.16303617049624|-274.16303617049624|-274.16303617049624|-274.16303617049624|-274.16303617049624|-274.16303617049624|-274.16303617049624|-274.16303617049624|-274.16303617049624|-274.16303617049624|-274.16303617049624|-274.16303617049624|-274.16303617049624|-274.16303617049624|-274.16303617049624|-274.16303617049624|-274.16303617049624|-274.16303617049624|-274.16303617049624|-274.16303617049624
population_100,14,100,300,5,0.5,10,70,114,10114,30100,-260.0259404838337,-2.899778111396071,-2.904892802048406,2.748110211854358,-2.906501123089516,-2.902483718210741,-2.9044371613635596,-2.9044415751236397,-233.82782319439568,-3.2756025827643054,-2.487253907918351,-2.230746103973228,-3.2531195370948884,-3.25387625662634,1.7230025490418512,-2.909518656880862,-179.5285921604804|-179.5285921604804|-179.5285921604804|-182.66193419754694|-209.7900497393441|-209.7900497393441|-209.7900497393441|-210.1327216758603|-216.44149269253296|-220.58799058257364|-231.65195045825612|-231.65195045825612|-245.5511086002022|-247.8392537591996|-247.8392537591996|-249.31240413810318|-249.31240413810318|-251.33769982503844|-255.24291264144526|-255.24291264144526|-255.24291264144526|-255.24291264144526|-256.38436904340864|-257.73861150226406|-257.73861150226406|-257.73861150226406|-257.73861150226406|-257.73861150226406|-257.799985341864|-258.1729944569143|-258.1729944569143|-258.1729944569143|-258.7126258956705|-258.87675325738763|-258.87675325738763|-258.87675325738763|-258.87675325738763|-259.46233335198997|-259.46233335198997|-259.46233335198997|-259.46233335198997|-259.46233335198997|-259.46233335198997|-259.7259846721106|-259.7259846721106|-259.7259846721106|-259.73743384866134|-259.73743384866134|-259.73743384866134|-259.73743384866134|-259.79863117259987|-259.83708147291367|-259.83708147291367|-259.88874117800043|-259.88874117800043|-259.9284691813434|-259.9284691813434|-259.9318014079373|-259.93875684410773|-259.93875684410773|-259.93875684410773|-259.93875684410773|-259.94208907070157|-259.94208907070157|-259.94208907070157|-259.94208907070157|-259.94208907070157|-259.94208907070157|-259.98181707404456|-259.98181707404456|-259.98181707404456|-259.98181707404456|-259.98181707404456|-259.9986977693899|-259.9986977693899|-259.9986977693899|-259.9986977693899|-259.9986977693899|-259.9986977693899|-260.0007084853248|-260.0007084853248|-260.0007084853248|-260.0007084853248|-260.0007084853248|-260.0021539547795|-260.0021539547795|-260.0021539547795|-260.0021539547795|-260.0021539547795|-260.0021539547795|-260.0021539547795|-260.0021539547795|-260.0021539547795|-260.0021539547795|-260.0047360430617|-260.0047360430617|-260.0047360430617|-260.0047360430617|-260.0047360430617|-260.0047360430617|-260.0047360430617|-260.01417836048046|-260.01417836048046|-260.01507878120964|-260.01507878120964|-260.01507878120964|-260.01507878120964|-260.01507878120964|-260.01507878120964|-260.01507878120964|-260.01507878120964|-260.01507878120964|-260.02204504101564|-260.02204504101564|-260.02204504101564|-260.02204504101564|-260.02204504101564|-260.02204504101564|-260.02204504101564|-260.02204504101564|-260.02204504101564|-260.02204504101564|-260.0225566130369|-260.0225566130369|-260.0225566130369|-260.0225566130369|-260.0225566130369|-260.0225566130369|-260.0225566130369|-260.0225566130369|-260.0225566130369|-260.0225566130369|-260.0225566130369|-260.0225566130369|-260.0225566130369|-260.0225566130369|-260.0225566130369|-260.0225566130369|-260.0225566130369|-260.0225566130369|-260.0225566130369|-260.023573617851|-260.023573617851|-260.023573617851|-260.023573617851|-260.023573617851|-260.023573617851|-260.0236418504845|-260.0236418504845|-260.02444748231557|-260.02444748231557|-260.02444748231557|-260.02444748231557|-260.02444748231557|-260.02444748231557|-260.02444748231557|-260.02444748231557|-260.02444748231557|-260.02444748231557|-260.02444748231557|-260.02444748231557|-260.02444748231557|-260.02444748231557|-260.02444748231557|-260.02444748231557|-260.02444748231557|-260.02444748231557|-260.02444748231557|-260.02444748231557|-260.02444748231557|-260.02444748231557|-260.02444748231557|-260.02444748231557|-260.02444748231557|-260.02444748231557|-260.02444748231557|-260.02444748231557|-260.02444748231557|-260.02444748231557|-260.02444748231557|-260.02444748231557|-260.02444748231557|-260.02444748231557|-260.02444748231557|-260.02444748231557|-260.02444748231557|-260.02444748231557|-260.02444748231557|-260.02444748231557|-260.02444748231557|-260.02444748231557|-260.02444748231557|-260.02444748231557|-260.02444748231557|-260.02444748231557|-260.02444748231557|-260.02444748231557|-260.02444748231557|-260.02444748231557|-260.02444748231557|-260.02444748231557|-260.02444748231557|-260.02444748231557|-260.02444748231557|-260.02444748231557|-260.0246800056396|-260.0246800056396|-260.0246800056396|-260.0246800056396|-260.0246800056396|-260.0246800056396|-260.0246800056396|-260.0246800056396|-260.0246800056396|-260.0246800056396|-260.0246800056396|-260.0246800056396|-260.0246800056396|-260.0246800056396|-260.0246800056396|-260.0246800056396|-260.0246800056396|-260.0246800056396|-260.0246800056396|-260.0246800056396|-260.0246800056396|-260.0246800056396|-260.0246800056396|-260.0246800056396|-260.0246800056396|-260.0246800056396|-260.0246800056396|-260.0246800056396|-260.0246800056396|-260.0246800056396|-260.0246800056396|-260.0246800056396|-260.0246800056396|-260.0246800056396|-260.0246800056396|-260.0246800056396|-260.0246800056396|-260.0246800056396|-260.0246800056396|-260.02561747389524|-260.02561747389524|-260.02561747389524|-260.02561747389524|-260.02561747389524|-260.02561747389524|-260.02561747389524|-260.02561747389524|-260.02561747389524|-260.02561747389524|-260.02561747389524|-260.02561747389524|-260.02561747389524|-260.02561747389524|-260.02561747389524|-260.02561747389524|-260.02561747389524|-260.02561747389524|-260.0257416680204|-260.0257416680204|-260.0257416680204|-260.0257416680204|-260.0257416680204|-260.0257416680204|-260.0257416680204|-260.0257416680204|-260.0257416680204|-260.0257416680204|-260.0257416680204|-260.0257416680204|-260.0257416680204|-260.0257907148212|-260.0257907148212|-260.0257907148212|-260.0257907148212|-260.0257907148212|-260.0257907148212|-260.0257907148212|-260.0257907148212|-260.0257907148212|-260.0257907148212|-260.0257907148212|-260.0257907148212|-260.0257907148212|-260.0257907148212|-260.0257907148212|-260.0257907148212|-260.0257907148212|-260.0257907148212|-260.0257907148212|-260.0257907148212|-260.0257907148212|-260.0257907148212|-260.0257907148212|-260.0257907148212|-260.0257907148212|-260.0259404838337
population_100,15,100,300,5,0.5,10,70,115,10115,30100,-274.1627899541361,-2.905063921573746,-2.902054915129464,-2.904757538681763,-2.9048477323139466,-2.9036782548861293,-2.9068734563777774,-2.901965680021472,-239.8096131692643,-1.7762396392930633,-2.567716906131202,-2.7682918864243335,2.770428242454541,-3.183067249666375,-3.0969830921566475,-2.5887971103610354,-175.1475876360307|-188.4076433887329|-188.4076433887329|-188.41628065908444|-195.1664163652693|-203.24874154829638|-214.96163004856294|-223.852278008509|-223.852278008509|-225.22148666524322|-234.41524417792795|-235.21046541284608|-238.3455508948119|-239.15743145115766|-254.6412359621877|-257.35325178345096|-257.35325178345096|-257.35325178345096|-264.2916671881477|-265.2380092390361|-267.051605238029|-267.051605238029|-268.06242261900536|-268.26269689784255|-270.61465171424356|-270.61465171424356|-270.61465171424356|-270.61465171424356|-272.07458949765896|-272.07458949765896|-272.2666610652677|-272.47873099628407|-272.47873099628407|-272.5675995036439|-272.5675995036439|-272.5675995036439|-273.3265131432223|-273.3265131432223|-273.3265131432223|-273.3265131432223|-273.3265131432223|-273.71421370221924|-273.71421370221924|-273.71421370221924|-273.731822772046|-273.731822772046|-273.731822772046|-273.731822772046|-273.731822772046|-273.89695858413245|-273.89695858413245|-273.9210989161814|-273.9210989161814|-274.0298918298586|-274.0298918298586|-274.0481732295367|-274.0481732295367|-274.07287781360696|-274.07287781360696|-274.07287781360696|-274.07287781360696|-274.08538318476644|-274.08538318476644|-274.08538318476644|-274.08538318476644|-274.08538318476644|-274.092615278495|-274.1121174318557|-274.1121174318557|-274.1121174318557|-274.1121174318557|-274.119114214057|-274.119114214057|-274.119114214057|-274.119114214057|-274.119114214057|-274.119114214057|-274.119114214057|-274.13616510586303|-274.13616510586303|-274.13616510586303|-274.13616510586303|-274.13616510586303|-274.13616510586303|-274.13616510586303|-274.13616510586303|-274.13616510586303|-274.13616510586303|-274.13616510586303|-274.13616510586303|-274.13616510586303|-274.13616510586303|-274.13616510586303|-274.13751517444194|-274.13751517444194|-274.13751517444194|-274.13751517444194|-274.13751517444194|-274.1379264748665|-274.1379264748665|-274.1379264748665|-274.1379264748665|-274.1379264748665|-274.1379264748665|-274.1444635726856|-274.1444635726856|-274.1444635726856|-274.1444635726856|-274.1444635726856|-274.1444635726856|-274.1444635726856|-274.1444635726856|-274.1444635726856|-274.1444635726856|-274.14622494168907|-274.14622494168907|-274.14622494168907|-274.14622494168907|-274.14622494168907|-274.14622494168907|-274.14622494168907|-274.1462394179926|-274.1462394179926|-274.1462394179926|-274.1462394179926|-274.1462394179926|-274.1462394179926|-274.1462394179926|-274.1462394179926|-274.1462394179926|-274.1462394179926|-274.1462394179926|-274.1462394179926|-274.1462394179926|-274.1462394179926|-274.1462394179926|-274.1462394179926|-274.1485148663744|-274.1485148663744|-274.1485148663744|-274.1485148663744|-274.1485148663744|-274.1485148663744|-274.1485148663744|-274.1485148663744|-274.1485148663744|-274.1485148663744|-274.1485148663744|-274.1485148663744|-274.1485148663744|-274.1485148663744|-274.1485148663744|-274.1485148663744|-274.1485148663744|-274.1485148663744|-274.1485148663744|-274.1485148663744|-274.1485148663744|-274.1485148663744|-274.1485148663744|-274.1515521820337|-274.1515521820337|-274.1515521820337|-274.1515521820337|-274.1515521820337|-274.1515521820337|-274.1515521820337|-274.1515521820337|-274.1515521820337|-274.1515521820337|-274.1515521820337|-274.1515521820337|-274.1515521820337|-274.1520304492438|-274.1520304492438|-274.1520304492438|-274.1520304492438|-274.1520304492438|-274.1520304492438|-274.1520304492438|-274.1520304492438|-274.1520304492438|-274.1520304492438|-274.1520304492438|-274.1551830598881|-274.1551830598881|-274.1551830598881|-274.1551830598881|-274.1551830598881|-274.1551830598881|-274.1551830598881|-274.1551830598881|-274.1551830598881|-274.1551830598881|-274.1551830598881|-274.1551830598881|-274.1551830598881|-274.1551830598881|-274.1551830598881|-274.1551830598881|-274.1551830598881|-274.1551830598881|-274.15893470788325|-274.15893470788325|-274.15893470788325|-274.15893470788325|-274.15893470788325|-274.15893470788325|-274.15893470788325|-274.15893470788325|-274.15893470788325|-274.15893470788325|-274.15893470788325|-274.15893470788325|-274.15893470788325|-274.15893470788325|-274.15893470788325|-274.15893470788325|-274.15893470788325|-274.15893470788325|-274.15893470788325|-274.15893470788325|-274.15893470788325|-274.15893470788325|-274.15893470788325|-274.15893470788325|-274.15893470788325|-274.15973929533953|-274.15973929533953|-274.15973929533953|-274.15973929533953|-274.15973929533953|-274.16031837283066|-274.16031837283066|-274.16031837283066|-274.16066510583255|-274.16066510583255|-274.16066510583255|-274.16066510583255|-274.1612441833237|-274.1612441833237|-274.162073089173|-274.162073089173|-274.162073089173|-274.162073089173|-274.162073089173|-274.162073089173|-274.162073089173|-274.162073089173|-274.162073089173|-274.162073089173|-274.162073089173|-274.162073089173|-274.162073089173|-274.162073089173|-274.162073089173|-274.162073089173|-274.162073089173|-274.162073089173|-274.16211456378727|-274.16211456378727|-274.16211456378727|-274.16211456378727|-274.16211456378727|-274.16211456378727|-274.16211456378727|-274.16211456378727|-274.16211456378727|-274.16211456378727|-274.16211456378727|-274.16211456378727|-274.16211456378727|-274.16211456378727|-274.16211456378727|-274.16234925874255|-274.16234925874255|-274.16234925874255|-274.16234925874255|-274.16234925874255|-274.16234925874255|-274.16234925874255|-274.16234925874255|-274.16234925874255|-274.1625552591808|-274.1625552591808|-274.1625552591808|-274.1625552591808|-274.1627899541361|-274.1627899541361|-274.1627899541361|-274.1627899541361|-274.1627899541361|-274.1627899541361|-274.1627899541361|-274.1627899541361|-274.1627899541361|-274.1627899541361|-274.1627899541361|-274.1627899541361|-274.1627899541361|-274.1627899541361
population_100,16,100,300,5,0.5,10,70,116,10116,30100,-274.16225261223724,-2.9030719350056526,-2.90766481202649,-2.9011876864698785,-2.9025397865605855,-2.9036922300021635,-2.902014330310242,-2.9086626943362326,-235.5559587302933,-2.869093547895959,-2.9291389857800887,-2.8767203205261724,-2.650166786916457,1.9316563863706415,-3.243686786019373,2.6784385475079677,-197.08920064126744|-197.08920064126744|-197.08920064126744|-236.2020140516075|-236.2020140516075|-236.2020140516075|-236.2020140516075|-241.36582881331404|-241.36582881331404|-255.57493716243025|-259.9579201588932|-263.84437297839554|-263.84437297839554|-269.07687668765124|-269.07687668765124|-269.07687668765124|-269.07687668765124|-271.23613298516784|-271.23613298516784|-271.8915563853715|-271.8915563853715|-271.8915563853715|-272.14068399868745|-272.9248941404597|-272.9248941404597|-273.4378085706404|-273.4378085706404|-273.4378085706404|-273.7690761775948|-273.77149460914086|-273.77149460914086|-273.77149460914086|-273.77149460914086|-273.8231283334229|-273.8231283334229|-273.8916652076774|-273.94571736350554|-273.9608559649746|-273.9608559649746|-273.9608559649746|-273.9608559649746|-273.9608559649746|-273.96398934079593|-274.04366005717134|-274.04366005717134|-274.04366005717134|-274.11832648471346|-274.11832648471346|-274.11832648471346|-274.11832648471346|-274.11832648471346|-274.11832648471346|-274.11832648471346|-274.11832648471346|-274.11832648471346|-274.11832648471346|-274.11832648471346|-274.11832648471346|-274.11832648471346|-274.1292607040187|-274.1292607040187|-274.1292607040187|-274.1292607040187|-274.1292607040187|-274.1292607040187|-274.1292607040187|-274.1292607040187|-274.1292607040187|-274.13196317436973|-274.13196317436973|-274.13196317436973|-274.13418011372465|-274.13619213046576|-274.1422328670619|-274.1422328670619|-274.1422328670619|-274.1422328670619|-274.1422328670619|-274.1422328670619|-274.1422328670619|-274.1422328670619|-274.15262568468756|-274.15262568468756|-274.15262568468756|-274.15262568468756|-274.15262568468756|-274.15262568468756|-274.15262568468756|-274.15262568468756|-274.15262568468756|-274.15262568468756|-274.15262568468756|-274.15262568468756|-274.15262568468756|-274.15262568468756|-274.15262568468756|-274.15262568468756|-274.15262568468756|-274.15262568468756|-274.15262568468756|-274.15262568468756|-274.15262568468756|-274.1544035520462|-274.1544035520462|-274.1544035520462|-274.1544035520462|-274.1544035520462|-274.1544035520462|-274.1544035520462|-274.1544035520462|-274.1544035520462|-274.1544035520462|-274.1544035520462|-274.1544035520462|-274.1544035520462|-274.1544035520462|-274.1598884872136|-274.1598884872136|-274.1598884872136|-274.1598884872136|-274.1598884872136|-274.1598884872136|-274.1598884872136|-274.1598884872136|-274.1598884872136|-274.1598884872136|-274.1598884872136|-274.1598884872136|-274.1598884872136|-274.1598884872136|-274.1598884872136|-274.1598884872136|-274.1598884872136|-274.1598884872136|-274.1598884872136|-274.1598884872136|-274.1598884872136|-274.1598884872136|-274.1598884872136|-274.1598884872136|-274.1598884872136|-274.1598884872136|-274.1598884872136|-274.1598884872136|-274.1598884872136|-274.1598884872136|-274.1598884872136|-274.1598884872136|-274.1598884872136|-274.1598884872136|-274.1598884872136|-274.1598884872136|-274.1598884872136|-274.1598884872136|-274.1598884872136|-274.1598884872136|-274.1598884872136|-274.1598884872136|-274.1598884872136|-274.1598884872136|-274.1598884872136|-274.1598884872136|-274.1598884872136|-274.1598884872136|-274.1598884872136|-274.1598884872136|-274.1599034912431|-274.1599034912431|-274.1599034912431|-274.1599034912431|-274.1599034912431|-274.1599034912431|-274.1599034912431|-274.1599034912431|-274.1599034912431|-274.1599034912431|-274.1599034912431|-274.1599034912431|-274.1599034912431|-274.1599034912431|-274.1599034912431|-274.1599034912431|-274.1599034912431|-274.16042506061257|-274.16042506061257|-274.16042506061257|-274.16042506061257|-274.16042506061257|-274.16042506061257|-274.16042506061257|-274.16042506061257|-274.16042506061257|-274.16042506061257|-274.16042506061257|-274.16042506061257|-274.16042506061257|-274.16042506061257|-274.16042506061257|-274.16042506061257|-274.16042506061257|-274.16042506061257|-274.16042506061257|-274.16042506061257|-274.16042506061257|-274.16042506061257|-274.16042506061257|-274.16042506061257|-274.16042506061257|-274.16042506061257|-274.16042506061257|-274.16042506061257|-274.16042506061257|-274.16042506061257|-274.16042506061257|-274.16042506061257|-274.16042506061257|-274.16042506061257|-274.16042506061257|-274.16042506061257|-274.16042506061257|-274.16042506061257|-274.16042506061257|-274.16042506061257|-274.16042506061257|-274.16042506061257|-274.16042506061257|-274.16042506061257|-274.16042506061257|-274.16042506061257|-274.16042506061257|-274.16042506061257|-274.16042506061257|-274.16042506061257|-274.16042506061257|-274.16042506061257|-274.1613344715641|-274.1613344715641|-274.1613344715641|-274.1613344715641|-274.1613344715641|-274.1613344715641|-274.1613344715641|-274.1613344715641|-274.1613344715641|-274.1613344715641|-274.1613344715641|-274.1613344715641|-274.1613344715641|-274.1613344715641|-274.1613344715641|-274.1613344715641|-274.1613344715641|-274.1613344715641|-274.1613344715641|-274.1613344715641|-274.1613344715641|-274.1613344715641|-274.1613344715641|-274.1613344715641|-274.1613344715641|-274.1613344715641|-274.1613344715641|-274.1613344715641|-274.1613344715641|-274.1613344715641|-274.1613344715641|-274.16177298605396|-274.16177298605396|-274.16177298605396|-274.16177298605396|-274.16177298605396|-274.16181409774737|-274.16181409774737|-274.16225261223724|-274.16225261223724|-274.16225261223724|-274.16225261223724|-274.16225261223724|-274.16225261223724|-274.16225261223724|-274.16225261223724|-274.16225261223724|-274.16225261223724|-274.16225261223724|-274.16225261223724|-274.16225261223724|-274.16225261223724|-274.16225261223724|-274.16225261223724|-274.16225261223724|-274.16225261223724|-274.16225261223724|-274.16225261223724|-274.16225261223724|-274.16225261223724|-274.16225261223724|-274.16225261223724|-274.16225261223724|-274.16225261223724|-274.16225261223724|-274.16225261223724
population_100,17,100,300,5,0.5,10,70,117,10117,30100,-260.0253543714959,-2.903997818662286,-2.906099429648252,-2.9004779120388577,-2.906095066499009,-2.897538224542744,-2.9044826212533428,2.7487945823542885,-235.26040958790804,-3.7230072448279805,-2.74389347909328,3.1616189866548225,-2.8716188455056537,-3.264038235781098,-2.922641542016018,-2.3877351972113345,-177.24859898109594|-177.24859898109594|-190.65976101132935|-190.65976101132935|-231.61048356280853|-231.61048356280853|-235.37620586461372|-241.73792949023712|-241.73792949023712|-241.73792949023712|-243.74299432210663|-244.15717421921244|-244.15717421921244|-246.33572269884505|-249.46377102522123|-255.068336013448|-255.69999222096286|-256.15753971199445|-256.15753971199445|-256.15753971199445|-256.2426748675699|-257.8760423944648|-257.8760423944648|-258.4187250410718|-258.4187250410718|-258.4187250410718|-258.4187250410718|-258.4187250410718|-258.8276241983483|-258.8276241983483|-258.9186419494229|-259.21754003182104|-259.21754003182104|-259.21754003182104|-259.5614633446726|-259.5614633446726|-259.5614633446726|-259.5614633446726|-259.5614633446726|-259.5614633446726|-259.5614633446726|-259.68338807020433|-259.68338807020433|-259.68338807020433|-259.68338807020433|-259.68338807020433|-259.8315054299969|-259.8315054299969|-259.8315054299969|-259.8583927391327|-259.8583927391327|-259.8633425703289|-259.8633425703289|-259.8633425703289|-259.8633425703289|-259.89020022709474|-259.9043957318198|-259.9043957318198|-259.9043957318198|-259.9043957318198|-259.9043957318198|-259.9043957318198|-259.9043957318198|-259.9043957318198|-259.9043957318198|-259.9043957318198|-259.9043957318198|-259.9043957318198|-259.93112894269063|-259.93112894269063|-259.93112894269063|-259.9338968651131|-259.9338968651131|-259.94027502687845|-259.94027502687845|-259.94027502687845|-259.9535667598569|-259.9535667598569|-259.9697761601718|-259.9697761601718|-259.9697761601718|-259.9697761601718|-259.9697761601718|-259.9697761601718|-259.9894460549156|-259.9894460549156|-259.9894460549156|-259.9894460549156|-259.9894460549156|-259.9894460549156|-259.9894460549156|-259.9894460549156|-259.9894460549156|-259.9894460549156|-259.9894460549156|-259.9894460549156|-259.9894460549156|-259.9894460549156|-259.9894460549156|-259.9894460549156|-259.9894460549156|-259.9894460549156|-259.9894460549156|-259.9894460549156|-259.9894460549156|-259.9894460549156|-259.9894460549156|-259.9894460549156|-259.9894460549156|-259.996319912187|-259.996319912187|-259.99918018714044|-259.99918018714044|-259.99918018714044|-259.99918018714044|-259.99918018714044|-260.0060540444118|-260.0060540444118|-260.0060540444118|-260.0060540444118|-260.0060540444118|-260.0060540444118|-260.0060540444118|-260.0060540444118|-260.0060540444118|-260.0060540444118|-260.0117118338695|-260.0117118338695|-260.0117118338695|-260.0117118338695|-260.0117118338695|-260.0117118338695|-260.0117118338695|-260.0117118338695|-260.0117118338695|-260.0147407484948|-260.0147407484948|-260.0147407484948|-260.0147407484948|-260.0147407484948|-260.0147407484948|-260.01860875981436|-260.01860875981436|-260.01860875981436|-260.01860875981436|-260.01860875981436|-260.01860875981436|-260.01860875981436|-260.01860875981436|-260.01860875981436|-260.01860875981436|-260.01860875981436|-260.01860875981436|-260.01860875981436|-260.01860875981436|-260.0198861008903|-260.0198861008903|-260.0198861008903|-260.0198861008903|-260.02000339919726|-260.02000339919726|-260.02000339919726|-260.02000339919726|-260.02000339919726|-260.02000339919726|-260.02000339919726|-260.02000339919726|-260.02000339919726|-260.02000339919726|-260.02000339919726|-260.02000339919726|-260.02000339919726|-260.02000339919726|-260.02000339919726|-260.02000339919726|-260.02000339919726|-260.02000339919726|-260.0201795790693|-260.0201795790693|-260.0201795790693|-260.0201795790693|-260.0201795790693|-260.0201795790693|-260.0201795790693|-260.0201795790693|-260.0201795790693|-260.0201795790693|-260.0201795790693|-260.0201795790693|-260.0219272745673|-260.0219272745673|-260.0222782099226|-260.0222782099226|-260.0222782099226|-260.0222782099226|-260.0222782099226|-260.0231645980671|-260.0231645980671|-260.0231645980671|-260.0231645980671|-260.0231645980671|-260.0231645980671|-260.0231645980671|-260.0231645980671|-260.0231645980671|-260.0231645980671|-260.02348609955584|-260.02348609955584|-260.02348609955584|-260.02348609955584|-260.02348609955584|-260.02348609955584|-260.02348609955584|-260.02348609955584|-260.02348609955584|-260.02348609955584|-260.02348609955584|-260.02348609955584|-260.02348609955584|-260.02348609955584|-260.02348609955584|-260.02348609955584|-260.0234998912587|-260.0234998912587|-260.0234998912587|-260.0234998912587|-260.0234998912587|-260.0234998912587|-260.0234998912587|-260.0234998912587|-260.0234998912587|-260.0234998912587|-260.0234998912587|-260.0234998912587|-260.0234998912587|-260.0234998912587|-260.0234998912587|-260.0234998912587|-260.0234998912587|-260.0234998912587|-260.0234998912587|-260.0234998912587|-260.0234998912587|-260.0234998912587|-260.0234998912587|-260.0234998912587|-260.0236851627921|-260.0236851627921|-260.0236851627921|-260.0236851627921|-260.023838293852|-260.023838293852|-260.02464772656435|-260.02464772656435|-260.02464772656435|-260.0249861291577|-260.0249861291577|-260.0249861291577|-260.0249861291577|-260.0249861291577|-260.0251714006911|-260.0251714006911|-260.0251714006911|-260.0251714006911|-260.0251714006911|-260.0251714006911|-260.0251714006911|-260.0251714006911|-260.0251714006911|-260.0251714006911|-260.0251714006911|-260.0251714006911|-260.0251714006911|-260.0251714006911|-260.0251714006911|-260.0251714006911|-260.0251714006911|-260.0253543714959|-260.0253543714959|-260.0253543714959|-260.0253543714959|-260.0253543714959|-260.0253543714959|-260.0253543714959|-260.0253543714959|-260.0253543714959|-260.0253543714959|-260.0253543714959|-260.0253543714959|-260.0253543714959|-260.0253543714959|-260.0253543714959|-260.0253543714959|-260.0253543714959|-260.0253543714959|-260.0253543714959|-260.0253543714959|-260.0253543714959|-260.0253543714959|-260.0253543714959|-260.0253543714959
population_100,18,100,300,5,0.5,10,70,118,10118,30100,-274.16165691026606,-2.9006417630559227,-2.8990419227520263,-2.902788148892808,-2.9109108104708206,-2.9045096471371448,-2.903248865036583,-2.90202534034339,-236.46323752881253,-1.7259147277115505,2.981593113363946,-3.0449036810722516,-3.083201554547631,-2.2381977368359705,-2.820038990655951,-2.8218480246707256,-182.38327608215334|-182.38327608215334|-182.38327608215334|-182.38327608215334|-211.35442691003252|-211.35442691003252|-213.3247463833026|-231.76775192673625|-231.76775192673625|-231.76775192673625|-236.48177891923677|-246.40671031727325|-246.40671031727325|-246.40671031727325|-246.40671031727325|-249.4855186963034|-253.1181395935178|-258.1270408723344|-258.1270408723344|-261.4816162661226|-261.4816162661226|-263.0957732165639|-263.0957732165639|-263.2131673733646|-265.7817146324826|-265.7817146324826|-269.89124242503124|-270.3707899424237|-270.3707899424237|-270.3707899424237|-270.4883897903552|-271.15456386092256|-271.15456386092256|-271.15456386092256|-271.5434539912622|-271.5434539912622|-272.21208141264367|-272.70683415191246|-272.7213131762181|-272.7213131762181|-272.7213131762181|-273.0284573554092|-273.0284573554092|-273.0284573554092|-273.0284573554092|-273.0284573554092|-273.0284573554092|-273.7101525209305|-273.7101525209305|-273.7101525209305|-273.7596820356976|-273.7596820356976|-273.7741610600032|-273.7741610600032|-273.7741610600032|-273.7881175551|-273.8294747441074|-273.96235079286714|-273.96235079286714|-273.96235079286714|-273.96235079286714|-274.00163398986143|-274.00163398986143|-274.00163398986143|-274.00163398986143|-274.0084204306423|-274.0084204306423|-274.0084204306423|-274.0300695092638|-274.0300695092638|-274.0300695092638|-274.0477036276365|-274.0477036276365|-274.0477036276365|-274.0477036276365|-274.0477036276365|-274.0477036276365|-274.0477036276365|-274.0477036276365|-274.0477036276365|-274.0477036276365|-274.0477036276365|-274.0477036276365|-274.0849690648173|-274.0849690648173|-274.0849690648173|-274.0849690648173|-274.0849690648173|-274.0849690648173|-274.0849690648173|-274.0849690648173|-274.0849690648173|-274.10534486723145|-274.10534486723145|-274.10534486723145|-274.10534486723145|-274.10534486723145|-274.1073206026981|-274.127134924278|-274.127134924278|-274.127134924278|-274.127134924278|-274.127134924278|-274.127134924278|-274.13977444594695|-274.13977444594695|-274.13977444594695|-274.13977444594695|-274.13977444594695|-274.13977444594695|-274.13977444594695|-274.1417501814136|-274.1417501814136|-274.1417501814136|-274.1417501814136|-274.1417501814136|-274.1417501814136|-274.1430126473854|-274.1446872822461|-274.1446872822461|-274.1466386377423|-274.1466386377423|-274.1466386377423|-274.14666301771274|-274.14666301771274|-274.14666301771274|-274.14666301771274|-274.14666301771274|-274.14861437320894|-274.1488913515029|-274.1488913515029|-274.1488913515029|-274.1488913515029|-274.1488913515029|-274.1488913515029|-274.15084270699913|-274.15084270699913|-274.15084270699913|-274.15084270699913|-274.15084270699913|-274.1565345003573|-274.1565345003573|-274.1579158240066|-274.15989155947324|-274.15989155947324|-274.15989155947324|-274.15989155947324|-274.15989155947324|-274.15989155947324|-274.15989155947324|-274.15996911472354|-274.15996911472354|-274.15996911472354|-274.15996911472354|-274.15996911472354|-274.15996911472354|-274.15996911472354|-274.15996911472354|-274.15996911472354|-274.15996911472354|-274.15996911472354|-274.15996911472354|-274.15996911472354|-274.15996911472354|-274.15996911472354|-274.15996911472354|-274.15996911472354|-274.15996911472354|-274.15996911472354|-274.15996911472354|-274.15996911472354|-274.15996911472354|-274.15996911472354|-274.15996911472354|-274.15996911472354|-274.15996911472354|-274.15996911472354|-274.15996911472354|-274.16061926132664|-274.16061926132664|-274.16061926132664|-274.16061926132664|-274.16061926132664|-274.16061926132664|-274.16074146709536|-274.16074146709536|-274.16074146709536|-274.16074146709536|-274.16074146709536|-274.16074146709536|-274.16074146709536|-274.16074473722745|-274.16074473722745|-274.16074473722745|-274.16074473722745|-274.16074473722745|-274.1607561102585|-274.1607561102585|-274.1607561102585|-274.1607561102585|-274.1607561102585|-274.1607561102585|-274.1607561102585|-274.1607593803906|-274.1607593803906|-274.1607593803906|-274.1607593803906|-274.1607593803906|-274.1607593803906|-274.1607593803906|-274.1607593803906|-274.1608121948941|-274.1608121948941|-274.1608121948941|-274.1608121948941|-274.1608121948941|-274.1608121948941|-274.1608121948941|-274.16097887356455|-274.16097887356455|-274.16137130233227|-274.16137130233227|-274.16165691026606|-274.16165691026606|-274.16165691026606|-274.16165691026606|-274.16165691026606|-274.16165691026606|-274.16165691026606|-274.16165691026606|-274.16165691026606|-274.16165691026606|-274.16165691026606|-274.16165691026606|-274.16165691026606|-274.16165691026606|-274.16165691026606|-274.16165691026606|-274.16165691026606|-274.16165691026606|-274.16165691026606|-274.16165691026606|-274.16165691026606|-274.16165691026606|-274.16165691026606|-274.16165691026606|-274.16165691026606|-274.16165691026606|-274.16165691026606|-274.16165691026606|-274.16165691026606|-274.16165691026606|-274.16165691026606|-274.16165691026606|-274.16165691026606|-274.16165691026606|-274.16165691026606|-274.16165691026606|-274.16165691026606|-274.16165691026606|-274.16165691026606|-274.16165691026606|-274.16165691026606|-274.16165691026606|-274.16165691026606|-274.16165691026606|-274.16165691026606|-274.16165691026606|-274.16165691026606|-274.16165691026606|-274.16165691026606|-274.16165691026606|-274.16165691026606|-274.16165691026606|-274.16165691026606|-274.16165691026606|-274.16165691026606|-274.16165691026606|-274.16165691026606|-274.16165691026606|-274.16165691026606|-274.16165691026606|-274.16165691026606|-274.16165691026606|-274.16165691026606|-274.16165691026606|-274.16165691026606|-274.16165691026606|-274.16165691026606|-274.16165691026606|-274.16165691026606|-274.16165691026606|-274.16165691026606|-274.16165691026606|-274.16165691026606|-274.16165691026606|-274.16165691026606|-274.16165691026606|-274.16165691026606|-274.16165691026606|-274.16165691026606
population_100,19,100,300,5,0.5,10,70,119,10119,30100,-274.1607069971108,-2.9107486484697973,-2.899594519440557,-2.9011483895877443,-2.9071050339590494,-2.9040421288792135,-2.897336255854868,-2.9076707629857883,-231.50654256582976,-2.44541153570775,-2.424569308549743,-3.1686956656030487,-3.0600567785043498,3.202563858103435,-2.4959773498604134,2.8233570586426895,-188.68264485593804|-188.68264485593804|-193.50638668337496|-217.4825619373965|-220.31526142508793|-239.03451981262467|-239.03451981262467|-247.1331590327829|-247.1331590327829|-248.48312477819252|-249.15684740240545|-254.1240044350464|-254.9519984419699|-256.1476928046689|-259.977886791938|-262.89344565476597|-263.00137609674664|-263.00137609674664|-264.31052289286816|-267.7795494564707|-267.7795494564707|-267.7795494564707|-268.75613230095996|-270.1765282412462|-270.1765282412462|-270.1765282412462|-272.1398633297788|-272.1474969604892|-272.1474969604892|-272.1474969604892|-272.35284529167603|-272.35284529167603|-272.35284529167603|-272.91982374802717|-272.91982374802717|-272.91982374802717|-272.91982374802717|-273.1214755428445|-273.1214755428445|-273.3914231359345|-273.3914231359345|-273.53745069198584|-273.53745069198584|-273.5870693041625|-273.59013417624453|-273.8376699579813|-273.8376699579813|-273.8376699579813|-273.8376699579813|-274.02606370133003|-274.02606370133003|-274.02606370133003|-274.02606370133003|-274.02606370133003|-274.02606370133003|-274.02606370133003|-274.02606370133003|-274.02606370133003|-274.02606370133003|-274.02606370133003|-274.02606370133003|-274.0303164345787|-274.0580586650393|-274.0580586650393|-274.07989945554976|-274.07989945554976|-274.07989945554976|-274.0841521887985|-274.11625911951455|-274.11625911951455|-274.11625911951455|-274.12051185276323|-274.14235264327374|-274.14235264327374|-274.14235264327374|-274.14235264327374|-274.14235264327374|-274.14235264327374|-274.14235264327374|-274.14235264327374|-274.14235264327374|-274.14571626776734|-274.14571626776734|-274.14571626776734|-274.14571626776734|-274.14571626776734|-274.14571626776734|-274.14771042938753|-274.14771042938753|-274.14771042938753|-274.14771042938753|-274.14771042938753|-274.14771042938753|-274.14771042938753|-274.14771042938753|-274.14771042938753|-274.14771042938753|-274.14771042938753|-274.14771042938753|-274.14771042938753|-274.14771042938753|-274.14771042938753|-274.14771042938753|-274.14771042938753|-274.14771042938753|-274.14771042938753|-274.14771042938753|-274.14771042938753|-274.14771042938753|-274.14771042938753|-274.14771042938753|-274.14771042938753|-274.14771042938753|-274.14771042938753|-274.1486367069069|-274.1486367069069|-274.1486367069069|-274.15150066488115|-274.15150066488115|-274.15150066488115|-274.15150066488115|-274.15150066488115|-274.1524269424006|-274.1524269424006|-274.1524269424006|-274.1524269424006|-274.1524269424006|-274.1524269424006|-274.1524269424006|-274.1564382442752|-274.1564382442752|-274.1564382442752|-274.1564382442752|-274.1564382442752|-274.1564382442752|-274.1564382442752|-274.1578571975634|-274.1578571975634|-274.1578571975634|-274.1578571975634|-274.1578571975634|-274.1578571975634|-274.1578571975634|-274.1578571975634|-274.1578571975634|-274.1578571975634|-274.1578571975634|-274.1578571975634|-274.1578571975634|-274.1578571975634|-274.1578571975634|-274.1578571975634|-274.1578571975634|-274.1578571975634|-274.1578571975634|-274.1578571975634|-274.1578571975634|-274.1578571975634|-274.1578571975634|-274.1578571975634|-274.1578571975634|-274.1578571975634|-274.1578571975634|-274.1578571975634|-274.1578571975634|-274.1578571975634|-274.1578571975634|-274.1578571975634|-274.1578571975634|-274.1578571975634|-274.1578571975634|-274.1578571975634|-274.1578571975634|-274.1578571975634|-274.15932114954586|-274.15932114954586|-274.15932114954586|-274.15932114954586|-274.15932114954586|-274.15932114954586|-274.15932114954586|-274.15932114954586|-274.15932114954586|-274.15932114954586|-274.15932114954586|-274.15932114954586|-274.15932114954586|-274.15932114954586|-274.15932114954586|-274.15932114954586|-274.15932114954586|-274.15932114954586|-274.15932114954586|-274.1595237284958|-274.1595237284958|-274.1595237284958|-274.1595237284958|-274.1595237284958|-274.1595237284958|-274.1595237284958|-274.1595237284958|-274.1595237284958|-274.1595237284958|-274.1595237284958|-274.1595237284958|-274.1595237284958|-274.1595237284958|-274.1595237284958|-274.1596337944319|-274.1596337944319|-274.160180220711|-274.1602727565436|-274.1602727565436|-274.1602727565436|-274.1602902866471|-274.1602902866471|-274.1602902866471|-274.1602902866471|-274.1602902866471|-274.1602902866471|-274.1602902866471|-274.1602902866471|-274.1602902866471|-274.1602902866471|-274.1602902866471|-274.1602902866471|-274.1602902866471|-274.1602902866471|-274.1602902866471|-274.1602902866471|-274.1602902866471|-274.1602902866471|-274.1602902866471|-274.1602902866471|-274.1602902866471|-274.1602902866471|-274.1602902866471|-274.1602902866471|-274.1602902866471|-274.1602902866471|-274.1602902866471|-274.1602902866471|-274.1602902866471|-274.1602902866471|-274.1602902866471|-274.1602902866471|-274.1602902866471|-274.1602902866471|-274.1602902866471|-274.1602902866471|-274.1602902866471|-274.1602902866471|-274.1602902866471|-274.1602902866471|-274.1602902866471|-274.1602902866471|-274.1602902866471|-274.1602902866471|-274.1602902866471|-274.1602902866471|-274.1602902866471|-274.1602902866471|-274.1602902866471|-274.1602902866471|-274.1602902866471|-274.1602902866471|-274.1602902866471|-274.1602902866471|-274.1602902866471|-274.1602902866471|-274.1602902866471|-274.1602902866471|-274.1602902866471|-274.1602902866471|-274.1602902866471|-274.1602902866471|-274.1602902866471|-274.1602902866471|-274.1602902866471|-274.1602902866471|-274.1604581591177|-274.1604581591177|-274.1604581591177|-274.1604581591177|-274.1604581591177|-274.1604581591177|-274.1604581591177|-274.1604581591177|-274.1604581591177|-274.1604581591177|-274.1607069971108|-274.1607069971108|-274.1607069971108|-274.1607069971108|-274.1607069971108|-274.1607069971108|-274.1607069971108|-274.1607069971108|-274.1607069971108|-274.1607069971108|-274.1607069971108
population_100,20,100,300,5,0.5,10,70,120,10120,30100,-274.16249414601083,-2.903953192447746,-2.901983441193992,-2.905347767914256,-2.907847762885041,-2.903152945113706,-2.90694017922946,-2.9020379271096552,-250.43273829498628,-3.427857845836426,-3.2930389776203395,-3.0008916015197973,-2.48207606130205,-2.08165099876479,-2.4057452591293185,-2.8707185682875167,-155.75181778820064|-155.80679218365813|-188.61240460441215|-188.61240460441215|-196.51333424332694|-208.48424740792746|-208.95437203041678|-208.95437203041678|-223.29587903530603|-223.59273968519656|-233.17313163333245|-233.17313163333245|-233.23601845052096|-233.23601845052096|-242.12738665882648|-255.96496867197325|-259.2829057648805|-259.39877503356377|-261.0102210068103|-264.48878819904235|-266.3634485817286|-268.0206454183816|-268.0206454183816|-268.46954281647487|-269.0246744681808|-269.0246744681808|-270.2479468676235|-270.5111590779756|-270.5111590779756|-270.5111590779756|-271.74943452700217|-272.1033749320595|-272.15461010735646|-272.1564411664506|-272.6065441540442|-272.6065441540442|-272.6065441540442|-272.64951045847454|-272.7997438669103|-272.85357150278685|-272.85357150278685|-273.5172214126965|-273.5172214126965|-273.6581143488054|-273.6581143488054|-273.6581143488054|-273.6581143488054|-273.7514815090069|-273.7514815090069|-273.7514815090069|-273.7514815090069|-273.873902036284|-273.873902036284|-273.8752572151674|-273.8752572151674|-273.9976777424444|-273.9976777424444|-273.9976777424444|-273.9976777424444|-273.9976777424444|-273.9976777424444|-273.9976777424444|-273.9976777424444|-273.9976777424444|-274.006533524079|-274.006533524079|-274.023601011967|-274.023601011967|-274.023601011967|-274.023601011967|-274.023601011967|-274.03514768583057|-274.03514768583057|-274.03514768583057|-274.03514768583057|-274.0522151737186|-274.06107095535316|-274.06107095535316|-274.06107095535316|-274.067594382574|-274.067594382574|-274.067594382574|-274.067594382574|-274.067594382574|-274.067594382574|-274.09686569156173|-274.09686569156173|-274.09686569156173|-274.09686569156173|-274.09686569156173|-274.09686569156173|-274.09686569156173|-274.09686569156173|-274.09686569156173|-274.12486190000254|-274.12486190000254|-274.12486190000254|-274.12486190000254|-274.1372663907639|-274.1372663907639|-274.1372663907639|-274.1372663907639|-274.1372663907639|-274.1372663907639|-274.15124932833334|-274.15124932833334|-274.15124932833334|-274.15124932833334|-274.15124932833334|-274.15124932833334|-274.15124932833334|-274.15124932833334|-274.15124932833334|-274.15124932833334|-274.15124932833334|-274.15124932833334|-274.15124932833334|-274.15124932833334|-274.15124932833334|-274.15124932833334|-274.15124932833334|-274.15124932833334|-274.15124932833334|-274.15124932833334|-274.15124932833334|-274.15124932833334|-274.15124932833334|-274.15124932833334|-274.15124932833334|-274.1515322027935|-274.1515322027935|-274.1515322027935|-274.1515322027935|-274.1570597299681|-274.1570597299681|-274.1570597299681|-274.1570597299681|-274.1570597299681|-274.1570597299681|-274.1570597299681|-274.1570597299681|-274.1570597299681|-274.1570597299681|-274.15941801322725|-274.15941801322725|-274.15941801322725|-274.15941801322725|-274.15941801322725|-274.15941801322725|-274.15941801322725|-274.15941801322725|-274.15941801322725|-274.15941801322725|-274.15941801322725|-274.15941801322725|-274.15941801322725|-274.15941801322725|-274.15941801322725|-274.15941801322725|-274.15941801322725|-274.15941801322725|-274.15941801322725|-274.15941801322725|-274.15941801322725|-274.15941801322725|-274.15941801322725|-274.15941801322725|-274.15941801322725|-274.15941801322725|-274.15941801322725|-274.15941801322725|-274.15941801322725|-274.15941801322725|-274.15941801322725|-274.15941801322725|-274.1596893083825|-274.1596893083825|-274.1596893083825|-274.1596893083825|-274.1596893083825|-274.1596893083825|-274.1596893083825|-274.1596893083825|-274.1596893083825|-274.1596893083825|-274.1596893083825|-274.1596893083825|-274.1596893083825|-274.1596893083825|-274.1596893083825|-274.1596893083825|-274.1601053926267|-274.1601053926267|-274.1601053926267|-274.1601053926267|-274.1601053926267|-274.1601053926267|-274.1601053926267|-274.1601053926267|-274.1601053926267|-274.1601053926267|-274.1601053926267|-274.1601053926267|-274.1601053926267|-274.1601053926267|-274.1601053926267|-274.1601053926267|-274.1601053926267|-274.1601053926267|-274.1601053926267|-274.1601053926267|-274.1601053926267|-274.1601053926267|-274.1601053926267|-274.1601053926267|-274.1601053926267|-274.1601053926267|-274.1601053926267|-274.1615833852477|-274.1615833852477|-274.1615833852477|-274.1615833852477|-274.1615833852477|-274.1615833852477|-274.1615833852477|-274.1615833852477|-274.1615833852477|-274.1624181476045|-274.1624181476045|-274.1624181476045|-274.1624181476045|-274.1624181476045|-274.1624181476045|-274.1624181476045|-274.1624181476045|-274.1624181476045|-274.1624181476045|-274.1624181476045|-274.1624181476045|-274.1624181476045|-274.1624181476045|-274.1624181476045|-274.1624181476045|-274.1624181476045|-274.1624181476045|-274.1624181476045|-274.1624181476045|-274.1624181476045|-274.1624181476045|-274.1624181476045|-274.1624181476045|-274.1624181476045|-274.1624181476045|-274.1624181476045|-274.1624181476045|-274.1624181476045|-274.1624181476045|-274.1624181476045|-274.1624181476045|-274.1624181476045|-274.1624181476045|-274.1624181476045|-274.1624181476045|-274.1624181476045|-274.1624181476045|-274.16249414601083|-274.16249414601083|-274.16249414601083|-274.16249414601083|-274.16249414601083|-274.16249414601083|-274.16249414601083|-274.16249414601083|-274.16249414601083|-274.16249414601083|-274.16249414601083|-274.16249414601083|-274.16249414601083|-274.16249414601083|-274.16249414601083|-274.16249414601083|-274.16249414601083|-274.16249414601083|-274.16249414601083|-274.16249414601083|-274.16249414601083|-274.16249414601083|-274.16249414601083|-274.16249414601083|-274.16249414601083|-274.16249414601083|-274.16249414601083|-274.16249414601083|-274.16249414601083|-274.16249414601083|-274.16249414601083|-274.16249414601083|-274.16249414601083|-274.16249414601083|-274.16249414601083|-274.16249414601083
population_200,1,200,300,5,0.5,10,70,101,10101,60200,-274.16285397605253,-2.9030895036274336,-2.9021433066408036,-2.9064052375362186,-2.9008911269026036,-2.9033300118230927,-2.9040629264287583,-2.9036386854313228,-250.21499383514453,-3.5010542236897635,2.5295987346546225,-2.88070741342777,-2.8812410359289595,-2.9486929307625998,-3.185688556357935,-2.8133061945541926,-190.9941816844281|-202.11476074072573|-202.11476074072573|-211.05724978070492|-232.7105024317691|-232.7105024317691|-237.55214529804067|-259.56934966641313|-265.0339518714749|-265.0339518714749|-265.8349117053673|-266.5124006060372|-266.5124006060372|-266.5124006060372|-269.61733286533735|-270.43354805012655|-271.2744399103157|-271.2744399103157|-271.3400164332636|-271.3400164332636|-272.7381274397359|-272.8362088455466|-272.9889488844701|-272.9889488844701|-273.5153712152142|-273.5153712152142|-273.5153712152142|-273.5153712152142|-273.5153712152142|-273.6129052261512|-273.6129052261512|-273.76686717189085|-273.76686717189085|-273.774777488509|-273.7949563649617|-273.7949563649617|-273.7949563649617|-273.94663481950664|-273.94663481950664|-274.0160038518114|-274.0160038518114|-274.0160038518114|-274.0160038518114|-274.0278526930638|-274.0278526930638|-274.0278526930638|-274.0278526930638|-274.0493169995411|-274.0493169995411|-274.0493169995411|-274.12274205883904|-274.12274205883904|-274.12274205883904|-274.12274205883904|-274.1268511992135|-274.1268511992135|-274.1268511992135|-274.1268511992135|-274.12906780787625|-274.12906780787625|-274.12906780787625|-274.12906780787625|-274.1314314016834|-274.1314314016834|-274.1348098677875|-274.1348098677875|-274.1348098677875|-274.14065851839445|-274.14065851839445|-274.14065851839445|-274.14065851839445|-274.14065851839445|-274.14160667892014|-274.1420587010845|-274.1420587010845|-274.1420587010845|-274.1420587010845|-274.1420587010845|-274.1420587010845|-274.1459380908581|-274.1469349129668|-274.1484559587878|-274.1484559587878|-274.1498561414778|-274.1498561414778|-274.1498561414778|-274.1498561414778|-274.1503081636422|-274.1503081636422|-274.1503081636422|-274.1503081636422|-274.1503081636422|-274.15338773737744|-274.1538397595418|-274.1538397595418|-274.1538397595418|-274.15648743013605|-274.1590052980658|-274.15945732023016|-274.15945732023016|-274.15945732023016|-274.15945732023016|-274.15945732023016|-274.15945732023016|-274.15945732023016|-274.15945732023016|-274.15945732023016|-274.15945732023016|-274.15945732023016|-274.1595370463153|-274.1595370463153|-274.16046781560465|-274.16046781560465|-274.16046781560465|-274.16054077109806|-274.16054077109806|-274.16054077109806|-274.16054754168977|-274.16054754168977|-274.16054754168977|-274.16054754168977|-274.16054754168977|-274.16054754168977|-274.1606204971832|-274.1606204971832|-274.1606204971832|-274.1611007730712|-274.1611007730712|-274.1611492735518|-274.1611492735518|-274.1611492735518|-274.1611492735518|-274.1611492735518|-274.1611492735518|-274.16155659394644|-274.16155659394644|-274.16162954943985|-274.16162954943985|-274.16162954943985|-274.16162954943985|-274.16162954943985|-274.16162954943985|-274.16162954943985|-274.16162954943985|-274.16162954943985|-274.16162954943985|-274.16162954943985|-274.16162954943985|-274.16162954943985|-274.16162954943985|-274.16162954943985|-274.16162954943985|-274.16162954943985|-274.16162954943985|-274.16162954943985|-274.16162954943985|-274.16162954943985|-274.16162954943985|-274.16162954943985|-274.16162954943985|-274.16162954943985|-274.16162954943985|-274.16162954943985|-274.16162954943985|-274.16162954943985|-274.16162954943985|-274.16162954943985|-274.16162954943985|-274.16162954943985|-274.16162954943985|-274.16162954943985|-274.16162954943985|-274.16162954943985|-274.16162954943985|-274.16162954943985|-274.16162954943985|-274.1621345123179|-274.1621345123179|-274.1621345123179|-274.1621345123179|-274.1621345123179|-274.1621345123179|-274.1621345123179|-274.1621345123179|-274.1621345123179|-274.1621345123179|-274.1621345123179|-274.1621345123179|-274.1621345123179|-274.1621345123179|-274.1628129369317|-274.1628129369317|-274.1628129369317|-274.1628129369317|-274.1628129369317|-274.1628129369317|-274.1628129369317|-274.1628129369317|-274.1628129369317|-274.1628129369317|-274.1628129369317|-274.1628129369317|-274.1628129369317|-274.1628129369317|-274.1628129369317|-274.1628129369317|-274.1628129369317|-274.1628129369317|-274.1628129369317|-274.1628129369317|-274.1628129369317|-274.1628129369317|-274.1628129369317|-274.1628129369317|-274.1628129369317|-274.1628129369317|-274.1628129369317|-274.1628129369317|-274.1628129369317|-274.1628486632498|-274.1628486632498|-274.1628486632498|-274.1628486632498|-274.1628486632498|-274.1628486632498|-274.1628486632498|-274.1628486632498|-274.1628486632498|-274.1628486632498|-274.1628486632498|-274.1628486632498|-274.1628486632498|-274.1628486632498|-274.1628486632498|-274.1628486632498|-274.1628486632498|-274.1628486632498|-274.1628486632498|-274.1628486632498|-274.1628486632498|-274.1628486632498|-274.1628486632498|-274.1628486632498|-274.1628486632498|-274.1628486632498|-274.1628486632498|-274.1628486632498|-274.1628486632498|-274.1628486632498|-274.1628486632498|-274.1628486632498|-274.1628486632498|-274.1628486632498|-274.1628486632498|-274.1628486632498|-274.1628486632498|-274.1628486632498|-274.1628486632498|-274.1628486632498|-274.1628486632498|-274.1628486632498|-274.1628486632498|-274.1628486632498|-274.1628486632498|-274.16285397605253|-274.16285397605253|-274.16285397605253|-274.16285397605253|-274.16285397605253|-274.16285397605253|-274.16285397605253|-274.16285397605253|-274.16285397605253|-274.16285397605253|-274.16285397605253|-274.16285397605253|-274.16285397605253|-274.16285397605253|-274.16285397605253|-274.16285397605253|-274.16285397605253|-274.16285397605253|-274.16285397605253|-274.16285397605253|-274.16285397605253|-274.16285397605253|-274.16285397605253|-274.16285397605253|-274.16285397605253|-274.16285397605253|-274.16285397605253|-274.16285397605253|-274.16285397605253|-274.16285397605253|-274.16285397605253|-274.16285397605253|-274.16285397605253|-274.16285397605253|-274.16285397605253|-274.16285397605253|-274.16285397605253
population_200,2,200,300,5,0.5,10,70,102,10102,60200,-274.16289896814584,-2.9042257783177816,-2.9005443266198263,-2.9041004715267733,-2.9042134852906902,-2.9018908597514335,-2.902874409078526,-2.90220425304843,-242.48928865247274,-3.3988275045404883,-2.872576170835326,-2.0339069079036562,-2.999106127945522,-2.9059399054307744,-1.6722642989710979,-2.737734226852313,-211.54491172473513|-211.54491172473513|-211.54491172473513|-217.629463537939|-217.629463537939|-236.43229560281776|-244.07153035910426|-254.11816762610124|-256.84744164159736|-263.33653722898373|-263.33653722898373|-263.6560789763747|-263.6560789763747|-264.91944090742055|-266.2120427637311|-267.7956810298964|-267.7956810298964|-269.30742290674937|-270.30702418082006|-271.4088975060565|-271.4088975060565|-272.21866493673645|-272.21866493673645|-272.4834714514324|-272.4834714514324|-272.4834714514324|-273.19561553614926|-273.19561553614926|-273.58201205567775|-273.58201205567775|-273.58201205567775|-273.7635800298111|-273.7635800298111|-273.7635800298111|-273.7635800298111|-273.7635800298111|-273.7635800298111|-273.82832228595106|-273.82832228595106|-273.882639767488|-273.92921992134086|-273.92921992134086|-273.9843342837339|-273.98822949994326|-273.98934215450777|-274.03605447917823|-274.03605447917823|-274.03605447917823|-274.05918068000324|-274.05918068000324|-274.05918068000324|-274.05918068000324|-274.07392188348757|-274.07392188348757|-274.0886816680126|-274.0978666326794|-274.1090372673499|-274.1090372673499|-274.1090372673499|-274.1097985699149|-274.1097985699149|-274.1097985699149|-274.12429381762684|-274.12429381762684|-274.12429381762684|-274.12429381762684|-274.12429381762684|-274.12429381762684|-274.12429381762684|-274.12429381762684|-274.12429381762684|-274.12538609288924|-274.1258345778683|-274.1258345778683|-274.1258345778683|-274.1258345778683|-274.1258345778683|-274.1258345778683|-274.1258345778683|-274.1258345778683|-274.1258345778683|-274.1269268531307|-274.1316463430154|-274.1326252967878|-274.1326252967878|-274.1326252967878|-274.1326252967878|-274.1326252967878|-274.1326252967878|-274.1326252967878|-274.1326252967878|-274.1354953913775|-274.1354953913775|-274.1354953913775|-274.1354953913775|-274.1354953913775|-274.1383005357841|-274.1383005357841|-274.1383005357841|-274.1383005357841|-274.1476942538805|-274.1476942538805|-274.1476942538805|-274.1476942538805|-274.14784980289267|-274.1504993982871|-274.1504993982871|-274.15071989748236|-274.15071989748236|-274.15352504188894|-274.157176875453|-274.157176875453|-274.157176875453|-274.157176875453|-274.157176875453|-274.157176875453|-274.157176875453|-274.157176875453|-274.157176875453|-274.157176875453|-274.157176875453|-274.157176875453|-274.157176875453|-274.157176875453|-274.157176875453|-274.157176875453|-274.157176875453|-274.157176875453|-274.157176875453|-274.157176875453|-274.157176875453|-274.1578979406992|-274.1578979406992|-274.1578979406992|-274.1578979406992|-274.1578979406992|-274.1578979406992|-274.1578979406992|-274.1578979406992|-274.15813655242573|-274.15816520847136|-274.15816520847136|-274.15816520847136|-274.15816520847136|-274.15816520847136|-274.15816520847136|-274.16035044972193|-274.16035044972193|-274.16035044972193|-274.16035044972193|-274.16035044972193|-274.16035044972193|-274.16035044972193|-274.16035044972193|-274.161327679553|-274.161327679553|-274.1613446320508|-274.1613446320508|-274.1613446320508|-274.16205370231523|-274.16205370231523|-274.16208235836086|-274.16208235836086|-274.16208235836086|-274.16208235836086|-274.16208235836086|-274.16208235836086|-274.1622780131754|-274.1622780131754|-274.1622780131754|-274.1622780131754|-274.16230666922104|-274.16230666922104|-274.16230666922104|-274.16230666922104|-274.16230666922104|-274.16230666922104|-274.16230666922104|-274.16230666922104|-274.16230666922104|-274.16230666922104|-274.1623274065109|-274.1623274065109|-274.1623274065109|-274.16236959684625|-274.1626820099552|-274.1626820099552|-274.1626820099552|-274.1626820099552|-274.1626820099552|-274.162702747245|-274.162702747245|-274.162702747245|-274.1627106423841|-274.1627106423841|-274.1627106423841|-274.1627106423841|-274.1627106423841|-274.1627106423841|-274.1627106423841|-274.1627106423841|-274.1627106423841|-274.16277490277747|-274.16277490277747|-274.16277490277747|-274.16277490277747|-274.16277490277747|-274.16277490277747|-274.16277490277747|-274.16277490277747|-274.16277490277747|-274.16277490277747|-274.16277490277747|-274.16277490277747|-274.16277490277747|-274.16277490277747|-274.16277490277747|-274.16277490277747|-274.16277490277747|-274.16277490277747|-274.16277490277747|-274.16277490277747|-274.16277490277747|-274.16277490277747|-274.16277490277747|-274.16277490277747|-274.16277490277747|-274.16277490277747|-274.16277490277747|-274.16277490277747|-274.16277490277747|-274.16277490277747|-274.16277490277747|-274.16277490277747|-274.16277490277747|-274.16280925483767|-274.16280925483767|-274.16280925483767|-274.16280925483767|-274.16280925483767|-274.16280925483767|-274.16280925483767|-274.16280925483767|-274.16280925483767|-274.16280925483767|-274.16280925483767|-274.16280925483767|-274.16280925483767|-274.16280925483767|-274.16280925483767|-274.16280925483767|-274.16280925483767|-274.16280925483767|-274.16280925483767|-274.16280925483767|-274.16280925483767|-274.16280925483767|-274.16280925483767|-274.16280925483767|-274.16280925483767|-274.16280925483767|-274.16280925483767|-274.16280925483767|-274.16280925483767|-274.16280925483767|-274.16280925483767|-274.16280925483767|-274.16280925483767|-274.16280925483767|-274.16280925483767|-274.16280925483767|-274.16280925483767|-274.16280925483767|-274.16280925483767|-274.16280925483767|-274.16280925483767|-274.16280925483767|-274.16280925483767|-274.16280925483767|-274.16289896814584|-274.16289896814584|-274.16289896814584|-274.16289896814584|-274.16289896814584|-274.16289896814584|-274.16289896814584|-274.16289896814584|-274.16289896814584|-274.16289896814584|-274.16289896814584|-274.16289896814584|-274.16289896814584|-274.16289896814584|-274.16289896814584|-274.16289896814584|-274.16289896814584|-274.16289896814584|-274.16289896814584|-274.16289896814584|-274.16289896814584|-274.16289896814584
population_200,3,200,300,5,0.5,10,70,103,10103,60200,-274.16305279681274,-2.9038366615573667,-2.9044802189005883,-2.9025471275595858,-2.9023407933899374,-2.9034325368635887,-2.905148456911032,-2.9030942742572607,-256.48962155232175,-2.811333487642397,-2.5986011582639845,-3.1887730312901805,-2.519794093239752,-2.348070962306351,-2.1292254303397993,-2.9669741884061915,-177.2510376971332|-197.99947550074987|-197.99947550074987|-208.68714251498616|-208.68714251498616|-236.89472352842313|-241.2675747570955|-241.88988117377036|-251.51886143803156|-251.51886143803156|-257.52157225792206|-258.00041509413523|-261.0468664624939|-261.0468664624939|-264.10636370529755|-264.10636370529755|-264.69553924110676|-268.44187416945124|-268.554713505145|-268.554713505145|-268.56702644098044|-269.94419451429394|-270.1089870229377|-272.03489041863116|-272.0722027551087|-272.0722027551087|-272.0722027551087|-272.0722027551087|-272.1350413901138|-272.35037131723004|-272.74290962574537|-272.74290962574537|-272.88323839769026|-273.76741295523163|-273.76741295523163|-273.76741295523163|-273.76741295523163|-273.794081132408|-273.794081132408|-273.794081132408|-273.85000140000017|-273.85000140000017|-273.8670043237957|-273.8670043237957|-273.9103884676666|-273.9103884676666|-274.0143894249062|-274.0143894249062|-274.0143894249062|-274.07089208146544|-274.07089208146544|-274.07089208146544|-274.07089208146544|-274.07089208146544|-274.07089208146544|-274.07089208146544|-274.07089208146544|-274.09163630992464|-274.09163630992464|-274.0919118009816|-274.0919118009816|-274.0919118009816|-274.0972847675849|-274.100996456491|-274.100996456491|-274.1134498957563|-274.11651666430674|-274.11651666430674|-274.11651666430674|-274.11651666430674|-274.11651666430674|-274.11651666430674|-274.1190983534165|-274.1190983534165|-274.12718203472787|-274.12718203472787|-274.12718203472787|-274.12718203472787|-274.12718203472787|-274.12718203472787|-274.13545404320257|-274.1373901011758|-274.1373901011758|-274.1373901011758|-274.1398966764814|-274.1398966764814|-274.1398966764814|-274.14263977193275|-274.14263977193275|-274.14263977193275|-274.14263977193275|-274.14263977193275|-274.1456621096505|-274.14976737602876|-274.14976737602876|-274.14976737602876|-274.14976737602876|-274.15278971374653|-274.15278971374653|-274.15278971374653|-274.15278971374653|-274.15278971374653|-274.15278971374653|-274.1543798330812|-274.1543798330812|-274.1543798330812|-274.1543798330812|-274.156833560122|-274.156833560122|-274.156833560122|-274.156833560122|-274.156833560122|-274.15842367945663|-274.15842367945663|-274.15842367945663|-274.15842367945663|-274.15842367945663|-274.15842367945663|-274.1584504523259|-274.1584504523259|-274.1584504523259|-274.1584504523259|-274.1584504523259|-274.1584504523259|-274.1584504523259|-274.1584504523259|-274.1584504523259|-274.1584504523259|-274.1584504523259|-274.1584504523259|-274.1584504523259|-274.1584504523259|-274.1584504523259|-274.1584504523259|-274.1584504523259|-274.1584504523259|-274.1584504523259|-274.1584504523259|-274.1584504523259|-274.1584504523259|-274.1584504523259|-274.1584504523259|-274.1586236411119|-274.1586236411119|-274.1586236411119|-274.1586236411119|-274.1586236411119|-274.1586236411119|-274.1586236411119|-274.1586236411119|-274.1586236411119|-274.1586236411119|-274.1586236411119|-274.1586236411119|-274.1586236411119|-274.1588458579996|-274.1588458579996|-274.1588458579996|-274.1588458579996|-274.1588458579996|-274.1590521243303|-274.1590521243303|-274.1590521243303|-274.1590521243303|-274.1591374153503|-274.1591374153503|-274.1591374153503|-274.1603136974873|-274.1603136974873|-274.1603136974873|-274.1603136974873|-274.1603136974873|-274.1603136974873|-274.1603136974873|-274.16189396225656|-274.16189396225656|-274.16189396225656|-274.16189396225656|-274.16189396225656|-274.16189396225656|-274.16189396225656|-274.16189396225656|-274.16189396225656|-274.16213230474466|-274.16213230474466|-274.16213230474466|-274.16213230474466|-274.16213230474466|-274.16213230474466|-274.16213230474466|-274.16213230474466|-274.1623633201806|-274.1623633201806|-274.1623633201806|-274.1623633201806|-274.1623633201806|-274.1623633201806|-274.1623633201806|-274.1623633201806|-274.1623633201806|-274.1623633201806|-274.1623633201806|-274.1623633201806|-274.16300753284327|-274.16300753284327|-274.16300753284327|-274.16300753284327|-274.16300753284327|-274.16300753284327|-274.16300753284327|-274.16300753284327|-274.16300753284327|-274.16300753284327|-274.16300753284327|-274.16300753284327|-274.16300753284327|-274.16300753284327|-274.16300753284327|-274.16300753284327|-274.16305279681274|-274.16305279681274|-274.16305279681274|-274.16305279681274|-274.16305279681274|-274.16305279681274|-274.16305279681274|-274.16305279681274|-274.16305279681274|-274.16305279681274|-274.16305279681274|-274.16305279681274|-274.16305279681274|-274.16305279681274|-274.16305279681274|-274.16305279681274|-274.16305279681274|-274.16305279681274|-274.16305279681274|-274.16305279681274|-274.16305279681274|-274.16305279681274|-274.16305279681274|-274.16305279681274|-274.16305279681274|-274.16305279681274|-274.16305279681274|-274.16305279681274|-274.16305279681274|-274.16305279681274|-274.16305279681274|-274.16305279681274|-274.16305279681274|-274.16305279681274|-274.16305279681274|-274.16305279681274|-274.16305279681274|-274.16305279681274|-274.16305279681274|-274.16305279681274|-274.16305279681274|-274.16305279681274|-274.16305279681274|-274.16305279681274|-274.16305279681274|-274.16305279681274|-274.16305279681274|-274.16305279681274|-274.16305279681274|-274.16305279681274|-274.16305279681274|-274.16305279681274|-274.16305279681274|-274.16305279681274|-274.16305279681274|-274.16305279681274|-274.16305279681274|-274.16305279681274|-274.16305279681274|-274.16305279681274|-274.16305279681274|-274.16305279681274|-274.16305279681274|-274.16305279681274|-274.16305279681274|-274.16305279681274|-274.16305279681274|-274.16305279681274|-274.16305279681274|-274.16305279681274|-274.16305279681274|-274.16305279681274|-274.16305279681274|-274.16305279681274|-274.16305279681274|-274.16305279681274|-274.16305279681274|-274.16305279681274|-274.16305279681274|-274.16305279681274|-274.16305279681274|-274.16305279681274
population_200,4,200,300,5,0.5,10,70,104,10104,60200,-274.1628914118772,-2.903919402251082,-2.904016037246126,-2.901804336378974,-2.9049492824123133,-2.9056405136905283,-2.9018543288292964,-2.9052345883682613,-242.43220536515577,-3.021516303587105,-2.86769597979991,-2.36061455569745,-3.372814527070087,-1.5927911051453911,-2.441972736622496,-3.191269865041204,-194.50791746980252|-194.50791746980252|-203.12940934054515|-221.48823328019535|-221.48823328019535|-221.48823328019535|-232.8739204542222|-241.96030658762606|-247.34911433098165|-261.67643510279146|-265.1802280360544|-265.1802280360544|-267.93162555438903|-267.93162555438903|-267.93162555438903|-270.3092699993057|-270.3092699993057|-270.3092699993057|-271.5549345398924|-271.5549345398924|-272.6142201318012|-272.6339504011266|-272.6339504011266|-273.28979976779783|-273.28979976779783|-273.28979976779783|-273.28979976779783|-273.4341243517358|-273.61937705817587|-273.74041404325527|-273.87417728972025|-273.87417728972025|-273.87417728972025|-273.87417728972025|-273.87417728972025|-273.87417728972025|-273.88308730676255|-273.96338005412105|-273.96338005412105|-273.96338005412105|-273.96338005412105|-273.96338005412105|-273.997142264339|-273.997142264339|-274.0417532279919|-274.08038699360384|-274.08038699360384|-274.08038699360384|-274.08038699360384|-274.0833712976573|-274.0833712976573|-274.0833712976573|-274.09697466339225|-274.09697466339225|-274.09697466339225|-274.09697466339225|-274.09697466339225|-274.0975713594637|-274.0975713594637|-274.10206800407735|-274.1195237955904|-274.1195237955904|-274.1195237955904|-274.1195878189658|-274.12791797913223|-274.12791797913223|-274.12791797913223|-274.14431796027975|-274.14431796027975|-274.14431796027975|-274.15054366625816|-274.15054366625816|-274.15054366625816|-274.15054366625816|-274.15084497634996|-274.15084497634996|-274.1510648312485|-274.1510648312485|-274.1527068270632|-274.1527068270632|-274.15367661337734|-274.15367661337734|-274.15367661337734|-274.15367661337734|-274.15367661337734|-274.15367661337734|-274.15367661337734|-274.15394147991856|-274.15394147991856|-274.15394147991856|-274.15394147991856|-274.15394147991856|-274.15394147991856|-274.15394147991856|-274.155928934341|-274.155928934341|-274.155928934341|-274.1561938008822|-274.1561938008822|-274.1564506393982|-274.1564506393982|-274.1565787144357|-274.1565787144357|-274.1565787144357|-274.1565787144357|-274.1565787144357|-274.1613893661667|-274.1613893661667|-274.1613893661667|-274.16164620468265|-274.16177427972013|-274.16229598477736|-274.16229598477736|-274.16229598477736|-274.16229598477736|-274.16229598477736|-274.16229598477736|-274.16229598477736|-274.16229598477736|-274.16229598477736|-274.16229598477736|-274.16229598477736|-274.16229598477736|-274.16229598477736|-274.16229598477736|-274.16229598477736|-274.16229598477736|-274.16229598477736|-274.16229598477736|-274.16229598477736|-274.16229598477736|-274.16229598477736|-274.16236484565303|-274.1623769235144|-274.1623769235144|-274.1623769235144|-274.1623769235144|-274.1623769235144|-274.1623769235144|-274.16244578439006|-274.16244578439006|-274.16244578439006|-274.16244578439006|-274.16244578439006|-274.16244578439006|-274.16244578439006|-274.16244578439006|-274.1624663889879|-274.1624663889879|-274.1624663889879|-274.1625352498636|-274.1625352498636|-274.1625352498636|-274.1626161886006|-274.1626161886006|-274.1626161886006|-274.1626161886006|-274.1626161886006|-274.1626161886006|-274.1626161886006|-274.1626161886006|-274.1626161886006|-274.1626161886006|-274.1626161886006|-274.1626161886006|-274.1626161886006|-274.1626161886006|-274.1626161886006|-274.1626161886006|-274.1626161886006|-274.1626161886006|-274.1626161886006|-274.1626161886006|-274.1626161886006|-274.1626161886006|-274.1626161886006|-274.1626161886006|-274.1626161886006|-274.1626161886006|-274.1626161886006|-274.1626161886006|-274.1626161886006|-274.1626161886006|-274.1626161886006|-274.1626161886006|-274.1626161886006|-274.1626161886006|-274.1626161886006|-274.1626161886006|-274.1626161886006|-274.1626161886006|-274.1626161886006|-274.1626161886006|-274.1626199471399|-274.1626199471399|-274.1626199471399|-274.1626199471399|-274.1626199471399|-274.1626199471399|-274.1626199471399|-274.1626199471399|-274.1626199471399|-274.1626199471399|-274.1626199471399|-274.1626199471399|-274.1626199471399|-274.1626199471399|-274.1626199471399|-274.1626199471399|-274.1626199471399|-274.1626199471399|-274.1626199471399|-274.1626199471399|-274.1626199471399|-274.1626199471399|-274.1626199471399|-274.1626199471399|-274.1626199471399|-274.1626199471399|-274.1626199471399|-274.1626199471399|-274.1626199471399|-274.1626199471399|-274.1626199471399|-274.1626199471399|-274.1626199471399|-274.1626199471399|-274.1626199471399|-274.1626199471399|-274.1626199471399|-274.1626199471399|-274.1626199471399|-274.1626199471399|-274.1626199471399|-274.1626199471399|-274.1626199471399|-274.1626199471399|-274.1626199471399|-274.1626199471399|-274.1626199471399|-274.1626199471399|-274.1626199471399|-274.1626199471399|-274.1626199471399|-274.1626199471399|-274.1626199471399|-274.1626199471399|-274.1626199471399|-274.1626199471399|-274.1626199471399|-274.1626199471399|-274.1626199471399|-274.1626199471399|-274.1626199471399|-274.1626199471399|-274.1626199471399|-274.1626199471399|-274.1626199471399|-274.1626199471399|-274.1626199471399|-274.1626199471399|-274.1626199471399|-274.1626199471399|-274.1626199471399|-274.1626199471399|-274.1626199471399|-274.1626199471399|-274.1626199471399|-274.1626199471399|-274.1626199471399|-274.1626199471399|-274.1626199471399|-274.1626199471399|-274.1626199471399|-274.1626199471399|-274.1626199471399|-274.1626199471399|-274.1626199471399|-274.1626199471399|-274.1626199471399|-274.1626199471399|-274.1626199471399|-274.1626199471399|-274.1626199471399|-274.1628914118772|-274.1628914118772|-274.1628914118772|-274.1628914118772|-274.1628914118772|-274.1628914118772|-274.1628914118772|-274.1628914118772|-274.1628914118772|-274.1628914118772|-274.1628914118772|-274.1628914118772|-274.1628914118772|-274.1628914118772|-274.1628914118772|-274.1628914118772|-274.1628914118772
population_200,5,200,300,5,0.5,10,70,105,10105,60200,-274.1630991526555,-2.9038276180622207,-2.9043590242873214,-2.9032809923076313,-2.903034738156031,-2.9035354415462784,-2.90236031262398,-2.9025055961434183,-248.40431940546426,-1.8932227640844088,-2.813850661200903,-2.9537979256210303,-3.2615681245036154,-2.7462039873118815,-2.14980202586447,-2.452799866137263,-177.47842692640089|-177.47842692640089|-203.0901925134992|-203.0901925134992|-205.0099171432826|-223.42632726573453|-223.42632726573453|-238.5538355505218|-238.5538355505218|-238.6592490930779|-245.11712550894865|-245.11712550894865|-251.30465382454219|-253.64408985133707|-264.22274352031485|-264.22274352031485|-264.22274352031485|-266.37950482665974|-266.37950482665974|-267.58771697467995|-267.742838546288|-268.0096427585352|-268.5288462740621|-271.4117397657365|-271.4117397657365|-271.4117397657365|-271.7122099496003|-271.733571519023|-271.733571519023|-272.16486240539535|-272.8652063548297|-272.8652063548297|-272.8652063548297|-272.8652063548297|-273.22040338945874|-273.22040338945874|-273.23236179208766|-273.5755679654381|-273.5755679654381|-273.5755679654381|-273.8496611564232|-273.8496611564232|-273.9550942074451|-273.9550942074451|-273.9550942074451|-273.9936647508606|-273.9936647508606|-274.0373519363354|-274.04668746484055|-274.04668746484055|-274.04668746484055|-274.04668746484055|-274.04668746484055|-274.04668746484055|-274.052553176733|-274.052553176733|-274.052553176733|-274.052553176733|-274.0818752996429|-274.09436820427214|-274.10370373277726|-274.10370373277726|-274.10790917371554|-274.10790917371554|-274.10790917371554|-274.1498928316155|-274.1498928316155|-274.1498928316155|-274.1498928316155|-274.1498928316155|-274.1498928316155|-274.1498928316155|-274.1498928316155|-274.1498928316155|-274.15022126542624|-274.15022126542624|-274.15041862445617|-274.15341059182583|-274.15341059182583|-274.15341059182583|-274.15341059182583|-274.15341059182583|-274.15341059182583|-274.15341059182583|-274.15341059182583|-274.15341059182583|-274.15521064410166|-274.1557616902545|-274.1557616902545|-274.1557616902545|-274.1557616902545|-274.1557616902545|-274.1574466961313|-274.1574466961313|-274.1576592508788|-274.1576592508788|-274.1576592508788|-274.1576592508788|-274.1576592508788|-274.1576592508788|-274.16109574536557|-274.16109574536557|-274.16109574536557|-274.16109574536557|-274.16109574536557|-274.1613083001131|-274.1613083001131|-274.1613083001131|-274.1613083001131|-274.1613083001131|-274.1613083001131|-274.1613083001131|-274.1621153189293|-274.1621153189293|-274.1621153189293|-274.1623278736768|-274.1623278736768|-274.1623278736768|-274.1623278736768|-274.1623278736768|-274.16246216844024|-274.16246216844024|-274.16246216844024|-274.16246216844024|-274.16246216844024|-274.16246216844024|-274.16246216844024|-274.16246216844024|-274.16246216844024|-274.16246216844024|-274.16246216844024|-274.16246216844024|-274.16246216844024|-274.16246216844024|-274.16246216844024|-274.16246216844024|-274.16246216844024|-274.16246216844024|-274.16246216844024|-274.16246216844024|-274.16246216844024|-274.16246216844024|-274.1625485669735|-274.1625485669735|-274.1625485669735|-274.1625485669735|-274.1625485669735|-274.1626562823122|-274.1626562823122|-274.1626562823122|-274.1626562823122|-274.1626562823122|-274.1626562823122|-274.16274268084544|-274.16274268084544|-274.16274268084544|-274.16274268084544|-274.16274268084544|-274.16274268084544|-274.16274268084544|-274.16274268084544|-274.1630626871755|-274.1630626871755|-274.1630626871755|-274.1630626871755|-274.1630626871755|-274.1630626871755|-274.1630626871755|-274.1630626871755|-274.1630626871755|-274.1630626871755|-274.1630626871755|-274.1630626871755|-274.1630626871755|-274.1630626871755|-274.1630626871755|-274.1630626871755|-274.1630626871755|-274.1630626871755|-274.1630626871755|-274.1630626871755|-274.1630626871755|-274.1630626871755|-274.1630626871755|-274.1630626871755|-274.1630626871755|-274.1630626871755|-274.1630626871755|-274.1630626871755|-274.16306469781637|-274.16306469781637|-274.16306469781637|-274.16306469781637|-274.16306469781637|-274.16306469781637|-274.16306469781637|-274.16306469781637|-274.16306469781637|-274.16306469781637|-274.16306469781637|-274.16306469781637|-274.16306469781637|-274.16306469781637|-274.16306469781637|-274.16306469781637|-274.16306469781637|-274.16306469781637|-274.16306469781637|-274.16306469781637|-274.16306469781637|-274.16308409821795|-274.16308409821795|-274.16308409821795|-274.16308409821795|-274.16308409821795|-274.16308409821795|-274.16308409821795|-274.16308409821795|-274.16308409821795|-274.16308409821795|-274.16308409821795|-274.16308409821795|-274.16308409821795|-274.16308409821795|-274.16308409821795|-274.16308409821795|-274.16308409821795|-274.16308409821795|-274.16308409821795|-274.16308409821795|-274.16308409821795|-274.16308409821795|-274.16308409821795|-274.16308409821795|-274.16308409821795|-274.16308409821795|-274.16308409821795|-274.16308409821795|-274.16308409821795|-274.16308409821795|-274.16308409821795|-274.16308409821795|-274.16308409821795|-274.16308409821795|-274.16308409821795|-274.16308409821795|-274.16308409821795|-274.16308409821795|-274.16308409821795|-274.16308409821795|-274.16308409821795|-274.16308409821795|-274.16308409821795|-274.16308409821795|-274.16308409821795|-274.16308409821795|-274.16308409821795|-274.16308409821795|-274.1630991526555|-274.1630991526555|-274.1630991526555|-274.1630991526555|-274.1630991526555|-274.1630991526555|-274.1630991526555|-274.1630991526555|-274.1630991526555|-274.1630991526555|-274.1630991526555|-274.1630991526555|-274.1630991526555|-274.1630991526555|-274.1630991526555|-274.1630991526555|-274.1630991526555|-274.1630991526555|-274.1630991526555|-274.1630991526555|-274.1630991526555|-274.1630991526555|-274.1630991526555|-274.1630991526555|-274.1630991526555|-274.1630991526555|-274.1630991526555|-274.1630991526555|-274.1630991526555|-274.1630991526555|-274.1630991526555|-274.1630991526555|-274.1630991526555|-274.1630991526555|-274.1630991526555|-274.1630991526555|-274.1630991526555|-274.1630991526555|-274.1630991526555|-274.1630991526555|-274.1630991526555|-274.1630991526555|-274.1630991526555
population_200,6,200,300,5,0.5,10,70,106,10106,60200,-274.16297187647194,-2.9038629231269715,-2.90513185660843,-2.9032153358918307,-2.903593121765325,-2.9046776665926,-2.9061276421470583,-2.9037918877366247,-241.75082859762367,-2.4435664916079025,-2.6295071381649757,-2.4466833497852623,-3.3852700586903994,2.4352230101365517,-3.2311669292215415,-2.462281467143698,-189.5949283796713|-212.66672851821494|-214.9652461320551|-214.9652461320551|-225.53446133307193|-240.2285721741271|-240.2285721741271|-240.2285721741271|-242.69144782699914|-251.92102086396136|-263.3808811936959|-264.9665538843971|-264.9665538843971|-264.9665538843971|-266.6152970221327|-268.05018931238254|-268.05018931238254|-268.3114516830526|-271.4453598485337|-271.4453598485337|-271.4453598485337|-271.4453598485337|-271.69358907151025|-271.69358907151025|-273.5286235129613|-273.5286235129613|-273.5286235129613|-273.5286235129613|-273.6925536650964|-273.6925536650964|-273.69605770348744|-273.69605770348744|-273.7526159808157|-273.7526159808157|-273.7526159808157|-273.7526159808157|-273.7808878813779|-273.942124467818|-273.942124467818|-273.942124467818|-273.9516963175019|-273.96897573570936|-273.97926743881027|-274.0007360275432|-274.01343379976197|-274.02263935754615|-274.0846811536904|-274.0846811536904|-274.0846811536904|-274.0846811536904|-274.09369679425373|-274.1095824917085|-274.1095824917085|-274.1095824917085|-274.1095824917085|-274.1207583432564|-274.1207583432564|-274.1207583432564|-274.12977398381975|-274.12977398381975|-274.12977398381975|-274.12977398381975|-274.1367224957843|-274.1367224957843|-274.1367224957843|-274.13850792362274|-274.1423720136639|-274.1423720136639|-274.14398006994185|-274.1511059534669|-274.1511059534669|-274.15171442929426|-274.15171442929426|-274.15171442929426|-274.1517185461583|-274.1517185461583|-274.1517185461583|-274.1530025286981|-274.1530025286981|-274.1530025286981|-274.1567101410729|-274.15673474220415|-274.1573227337643|-274.1573227337643|-274.1574390152867|-274.1574390152867|-274.1574390152867|-274.1574390152867|-274.15756313237677|-274.1591186214114|-274.1591186214114|-274.1591186214114|-274.1591186214114|-274.1591186214114|-274.1591186214114|-274.1591186214114|-274.1593938689512|-274.1593938689512|-274.1593938689512|-274.1593938689512|-274.1593938689512|-274.1593938689512|-274.1593938689512|-274.15997532815146|-274.15997532815146|-274.15997532815146|-274.15997532815146|-274.15997532815146|-274.15997532815146|-274.1602505756913|-274.1602505756913|-274.1602505756913|-274.1602505756913|-274.1602505756913|-274.16106651785|-274.16106651785|-274.16106651785|-274.1612932520871|-274.1612932520871|-274.1612932520871|-274.1612932520871|-274.1612932520871|-274.1612932520871|-274.1612932520871|-274.1612932520871|-274.1612932520871|-274.1612932520871|-274.16133369204977|-274.16133369204977|-274.16133369204977|-274.16133369204977|-274.16133369204977|-274.16133369204977|-274.1613390006417|-274.1613390006417|-274.1613390006417|-274.1613390006417|-274.1613390006417|-274.1613390006417|-274.1613390006417|-274.1613390006417|-274.1614571072063|-274.1614571072063|-274.1614571072063|-274.1614571072063|-274.1616357057528|-274.1616357057528|-274.1616357057528|-274.1616357057528|-274.1616357057528|-274.1616357057528|-274.1617538123174|-274.1617538123174|-274.1617538123174|-274.1617538123174|-274.1617538123174|-274.1617538123174|-274.1617538123174|-274.1617538123174|-274.1621174542567|-274.1621174542567|-274.1621174542567|-274.1621174542567|-274.1621174542567|-274.1621174542567|-274.1621174542567|-274.1621174542567|-274.1621174542567|-274.1621174542567|-274.1621174542567|-274.1621174542567|-274.1621174542567|-274.16262745057395|-274.16262745057395|-274.16262745057395|-274.1626322373494|-274.1626322373494|-274.1626322373494|-274.1626322373494|-274.1626322373494|-274.1626322373494|-274.1626322373494|-274.1626322373494|-274.1626322373494|-274.1626322373494|-274.1626322373494|-274.1626322373494|-274.1626322373494|-274.1626322373494|-274.1626322373494|-274.1626322373494|-274.1626322373494|-274.16282966219103|-274.16282966219103|-274.16282966219103|-274.16282966219103|-274.16282966219103|-274.16282966219103|-274.16282966219103|-274.16282966219103|-274.16282966219103|-274.16282966219103|-274.16282966219103|-274.16282966219103|-274.16282966219103|-274.16282966219103|-274.16282966219103|-274.16282966219103|-274.16282966219103|-274.16287665319544|-274.16287665319544|-274.16287665319544|-274.16287665319544|-274.16287665319544|-274.16287665319544|-274.16287665319544|-274.16287665319544|-274.16287665319544|-274.16287665319544|-274.16287665319544|-274.1628812410965|-274.1628812410965|-274.1628812410965|-274.1628812410965|-274.1628812410965|-274.1628812410965|-274.1628812410965|-274.1628812410965|-274.1628812410965|-274.1628812410965|-274.1628812410965|-274.1628812410965|-274.1628812410965|-274.1628812410965|-274.1628812410965|-274.1628812410965|-274.1628812410965|-274.1628812410965|-274.1628812410965|-274.1628812410965|-274.1628812410965|-274.1628812410965|-274.1628812410965|-274.1628812410965|-274.1628812410965|-274.1628812410965|-274.1628812410965|-274.1628812410965|-274.1628812410965|-274.1628812410965|-274.1628812410965|-274.1628812410965|-274.1628812410965|-274.1628812410965|-274.1628812410965|-274.1628812410965|-274.1628812410965|-274.1628812410965|-274.1628812410965|-274.1628812410965|-274.1628812410965|-274.1628812410965|-274.1628812410965|-274.1628812410965|-274.1628812410965|-274.1628812410965|-274.1628812410965|-274.1628812410965|-274.1628812410965|-274.1629705104412|-274.1629705104412|-274.1629705104412|-274.1629705104412|-274.1629705104412|-274.1629705104412|-274.1629705104412|-274.1629705104412|-274.1629705104412|-274.1629705104412|-274.1629705104412|-274.1629705104412|-274.1629705104412|-274.1629705104412|-274.1629705104412|-274.1629705104412|-274.1629705104412|-274.1629705104412|-274.1629705104412|-274.16297187647194|-274.16297187647194|-274.16297187647194|-274.16297187647194|-274.16297187647194|-274.16297187647194|-274.16297187647194|-274.16297187647194|-274.16297187647194|-274.16297187647194|-274.16297187647194|-274.16297187647194|-274.16297187647194
population_200,7,200,300,5,0.5,10,70,107,10107,60200,-274.1627437704991,-2.902659604722845,-2.901266090264108,-2.9077001697860494,-2.9041854816902903,-2.903502005901275,-2.9033847707818556,-2.902955867892607,-236.68616132628347,-2.3872321237460756,-3.2818127133617105,-2.096317252703581,-2.795207787632632,-2.844124204052627,-2.0993173830842906,-3.6917516068680323,-174.45398484388272|-178.09412083000913|-178.09412083000913|-204.45986210680144|-204.45986210680144|-204.45986210680144|-211.57750614467864|-231.72167608133606|-245.43983659578237|-250.05608917663676|-250.05608917663676|-253.26950415331788|-257.4122485996834|-263.3040121306973|-263.3040121306973|-265.0618812940455|-265.1766865212552|-266.8134311383964|-268.3180035022207|-268.3180035022207|-269.27945334713604|-270.0170822129612|-270.0170822129612|-270.8782637033747|-272.80800988624117|-272.80800988624117|-272.80800988624117|-272.80800988624117|-272.80800988624117|-272.9875112070821|-273.38763892009825|-273.38763892009825|-273.38763892009825|-273.38763892009825|-273.38763892009825|-273.53221983237336|-273.53221983237336|-273.53221983237336|-273.53221983237336|-273.5554229147398|-273.6193097296981|-273.6801308324403|-273.7461219961196|-273.7461219961196|-273.922222231336|-273.922222231336|-273.922222231336|-273.922222231336|-273.922222231336|-273.972557680572|-273.972557680572|-273.972557680572|-273.99747361197|-273.99747361197|-273.99747361197|-273.99747361197|-274.0611553611939|-274.0611553611939|-274.0611553611939|-274.0611553611939|-274.0611553611939|-274.08657823038504|-274.08657823038504|-274.08657823038504|-274.09894328940015|-274.09894328940015|-274.1113063073262|-274.1113063073262|-274.1236713663413|-274.1236713663413|-274.1236713663413|-274.1236713663413|-274.1236713663413|-274.1236713663413|-274.1236713663413|-274.1236713663413|-274.1236713663413|-274.1236713663413|-274.1236713663413|-274.1236713663413|-274.12430056597526|-274.12430056597526|-274.12430056597526|-274.12430056597526|-274.12430056597526|-274.12817535101186|-274.12817535101186|-274.12817535101186|-274.12817535101186|-274.12880455064584|-274.12880455064584|-274.12880455064584|-274.12880455064584|-274.13733883076486|-274.13733883076486|-274.13733883076486|-274.141318879992|-274.141318879992|-274.141318879992|-274.141318879992|-274.141318879992|-274.141318879992|-274.1501560887669|-274.1501560887669|-274.150482359745|-274.150482359745|-274.150482359745|-274.150482359745|-274.150482359745|-274.150482359745|-274.1507787347291|-274.15263607225285|-274.15263607225285|-274.15263607225285|-274.15263607225285|-274.15263607225285|-274.15296234323097|-274.15475504123305|-274.15475504123305|-274.15475504123305|-274.15475504123305|-274.15475504123305|-274.15723502471906|-274.1575612956971|-274.1575612956971|-274.1575612956971|-274.1575612956971|-274.1575612956971|-274.1575612956971|-274.1575612956971|-274.1575612956971|-274.1575612956971|-274.1583784494895|-274.1583784494895|-274.1583784494895|-274.1583784494895|-274.1583784494895|-274.1583784494895|-274.1583784494895|-274.1583784494895|-274.1583784494895|-274.1583784494895|-274.1606322898602|-274.16144944365254|-274.16144944365254|-274.16144944365254|-274.16144944365254|-274.16144944365254|-274.16144944365254|-274.16144944365254|-274.16144944365254|-274.16144944365254|-274.16144944365254|-274.16144944365254|-274.16144944365254|-274.16144944365254|-274.16144944365254|-274.16144944365254|-274.16144944365254|-274.16144944365254|-274.16144944365254|-274.16144944365254|-274.16144944365254|-274.16144944365254|-274.16144944365254|-274.16144944365254|-274.16144944365254|-274.16144944365254|-274.16144944365254|-274.16144944365254|-274.16144944365254|-274.16144944365254|-274.16149287557863|-274.16149287557863|-274.16149287557863|-274.16149287557863|-274.16149287557863|-274.16149287557863|-274.16149287557863|-274.16149287557863|-274.16149287557863|-274.16149287557863|-274.16149287557863|-274.16149287557863|-274.16149287557863|-274.16166028280907|-274.16166028280907|-274.16166028280907|-274.16166028280907|-274.16166028280907|-274.16166028280907|-274.16166028280907|-274.16166028280907|-274.16166028280907|-274.16186723805015|-274.16186723805015|-274.16186723805015|-274.16186723805015|-274.16186723805015|-274.16186723805015|-274.16186723805015|-274.16186723805015|-274.16186723805015|-274.16186723805015|-274.16186723805015|-274.16186723805015|-274.16234659427596|-274.16234659427596|-274.16234659427596|-274.16234659427596|-274.16234659427596|-274.16234659427596|-274.16234659427596|-274.16234659427596|-274.1624249730479|-274.1624249730479|-274.1624249730479|-274.1624249730479|-274.1624249730479|-274.1624249730479|-274.1624249730479|-274.1624249730479|-274.1624249730479|-274.1624249730479|-274.1624249730479|-274.1624249730479|-274.1624249730479|-274.1624249730479|-274.1624249730479|-274.1624249730479|-274.1624249730479|-274.1624249730479|-274.1624249730479|-274.16249333554924|-274.16249333554924|-274.16249333554924|-274.16249333554924|-274.16249333554924|-274.16249333554924|-274.16249333554924|-274.16249333554924|-274.16249333554924|-274.16249333554924|-274.16249333554924|-274.16249333554924|-274.16249333554924|-274.16249333554924|-274.16249333554924|-274.16249333554924|-274.16249333554924|-274.16273332413556|-274.16273332413556|-274.16273332413556|-274.16273332413556|-274.16273332413556|-274.16273332413556|-274.16273332413556|-274.16273332413556|-274.16273332413556|-274.16273332413556|-274.16273332413556|-274.16273332413556|-274.16273332413556|-274.16273332413556|-274.16273332413556|-274.16273332413556|-274.16273332413556|-274.16273332413556|-274.16273332413556|-274.16273332413556|-274.16273332413556|-274.16273332413556|-274.16273332413556|-274.16273332413556|-274.16273332413556|-274.16273332413556|-274.16273332413556|-274.16273332413556|-274.16273332413556|-274.16273332413556|-274.1627437704991|-274.1627437704991|-274.1627437704991|-274.1627437704991|-274.1627437704991|-274.1627437704991|-274.1627437704991|-274.1627437704991|-274.1627437704991|-274.1627437704991|-274.1627437704991|-274.1627437704991|-274.1627437704991|-274.1627437704991|-274.1627437704991|-274.1627437704991|-274.1627437704991|-274.1627437704991|-274.1627437704991|-274.1627437704991|-274.1627437704991
population_200,8,200,300,5,0.5,10,70,108,10108,60200,-274.1631194597905,-2.904584381550003,-2.903583079490236,-2.9044692164374197,-2.9038859960541874,-2.9032286574295956,-2.9033338142663276,-2.903214409694495,-260.7244236677471,-2.529991828978242,-2.690228874439222,-2.151889209693356,-2.984016909484394,-2.6505393111574413,-2.591545153092878,-2.7313597577875823,-191.8969775632986|-191.8969775632986|-191.8969775632986|-240.69597348474667|-240.69597348474667|-240.69597348474667|-240.69597348474667|-248.45852893980066|-248.45852893980066|-253.7571109338806|-262.415329149986|-262.415329149986|-266.67967275454754|-266.67967275454754|-267.23112255967976|-267.27746289754293|-269.4003025372629|-272.170497631248|-272.170497631248|-272.7586365483243|-272.7586365483243|-272.7586365483243|-273.5644549533589|-273.7791186825785|-273.7791186825785|-274.0588076038277|-274.0588076038277|-274.0588076038277|-274.0588076038277|-274.0588076038277|-274.0806263574224|-274.0988555883202|-274.0988555883202|-274.0988555883202|-274.0988555883202|-274.1206743419148|-274.1206743419148|-274.1206743419148|-274.1206743419148|-274.1206743419148|-274.1346906732571|-274.1346906732571|-274.1346906732571|-274.1478556934324|-274.1478556934324|-274.1478556934324|-274.1478556934324|-274.1478556934324|-274.15002060275947|-274.15002060275947|-274.15002060275947|-274.15002060275947|-274.15002060275947|-274.15002060275947|-274.1600282869524|-274.1600282869524|-274.1600282869524|-274.1600282869524|-274.1600282869524|-274.1600282869524|-274.1600282869524|-274.1600282869524|-274.1600282869524|-274.16052188171113|-274.16052188171113|-274.16052188171113|-274.16052188171113|-274.16052188171113|-274.1610954659043|-274.1610954659043|-274.1610954659043|-274.161589060663|-274.161589060663|-274.161589060663|-274.161589060663|-274.161589060663|-274.161589060663|-274.161589060663|-274.161589060663|-274.161589060663|-274.161589060663|-274.161589060663|-274.161589060663|-274.161589060663|-274.16207249487286|-274.16207249487286|-274.16207249487286|-274.16207249487286|-274.16207249487286|-274.16207249487286|-274.16207249487286|-274.16207249487286|-274.16207249487286|-274.16207249487286|-274.16207249487286|-274.1622758339839|-274.1622758339839|-274.1622758339839|-274.1622758339839|-274.1622758339839|-274.1622758339839|-274.1622758339839|-274.1622758339839|-274.1622758339839|-274.1622758339839|-274.1622758339839|-274.1622758339839|-274.1622758339839|-274.1622758339839|-274.1622758339839|-274.1622758339839|-274.16241289755453|-274.16241289755453|-274.16241289755453|-274.16241289755453|-274.16241289755453|-274.16241289755453|-274.16241289755453|-274.16241289755453|-274.16241289755453|-274.16241289755453|-274.1626345634241|-274.1626345634241|-274.1626345634241|-274.1626345634241|-274.16269252565183|-274.16269252565183|-274.16269252565183|-274.16269252565183|-274.16269252565183|-274.16269252565183|-274.16269252565183|-274.16269252565183|-274.16269252565183|-274.16269252565183|-274.16269252565183|-274.16269252565183|-274.16269252565183|-274.16269252565183|-274.16269252565183|-274.16269252565183|-274.16269252565183|-274.16269252565183|-274.16269252565183|-274.16269252565183|-274.16269252565183|-274.16269252565183|-274.16269252565183|-274.16269252565183|-274.1627447543991|-274.1627447543991|-274.1627447543991|-274.1627447543991|-274.1627447543991|-274.1627447543991|-274.1627447543991|-274.162904422534|-274.162904422534|-274.16295665128126|-274.16295665128126|-274.16295665128126|-274.16295665128126|-274.16295665128126|-274.16295665128126|-274.16295665128126|-274.16295665128126|-274.16295665128126|-274.16295665128126|-274.16295665128126|-274.16295665128126|-274.16295665128126|-274.16295665128126|-274.16295665128126|-274.16295665128126|-274.16295665128126|-274.16295665128126|-274.16295665128126|-274.16295665128126|-274.16295665128126|-274.16295665128126|-274.16295665128126|-274.16295665128126|-274.16295665128126|-274.16295665128126|-274.16295665128126|-274.16295665128126|-274.16295665128126|-274.16295665128126|-274.16295665128126|-274.16295665128126|-274.16295665128126|-274.16295665128126|-274.16295665128126|-274.16295665128126|-274.1629575099889|-274.1629575099889|-274.1629575099889|-274.1629575099889|-274.1629575099889|-274.1629575099889|-274.1629575099889|-274.1629575099889|-274.1629575099889|-274.1629575099889|-274.1629575099889|-274.1629575099889|-274.1629575099889|-274.1629575099889|-274.1629575099889|-274.1629575099889|-274.1629575099889|-274.1629575099889|-274.1629575099889|-274.1629575099889|-274.1629575099889|-274.1629575099889|-274.16306140842073|-274.16306140842073|-274.16306140842073|-274.16306140842073|-274.16306140842073|-274.16306140842073|-274.16306140842073|-274.16306140842073|-274.16306140842073|-274.16306140842073|-274.16306140842073|-274.16306140842073|-274.16306140842073|-274.16306140842073|-274.16306140842073|-274.16306140842073|-274.16306140842073|-274.16306140842073|-274.16306140842073|-274.16306140842073|-274.16306140842073|-274.16306140842073|-274.16306140842073|-274.16306140842073|-274.16306140842073|-274.16306140842073|-274.16306140842073|-274.16306140842073|-274.16306140842073|-274.16306140842073|-274.16306140842073|-274.16306140842073|-274.16306140842073|-274.16306140842073|-274.16306140842073|-274.16306140842073|-274.16306140842073|-274.16306140842073|-274.16306140842073|-274.16306140842073|-274.16306140842073|-274.16306140842073|-274.16306140842073|-274.16306140842073|-274.16306140842073|-274.16306140842073|-274.16306140842073|-274.16306140842073|-274.16306140842073|-274.16306140842073|-274.16306140842073|-274.16306140842073|-274.16306140842073|-274.16306140842073|-274.16306140842073|-274.16306140842073|-274.16306140842073|-274.16306140842073|-274.16306140842073|-274.16306140842073|-274.163096862536|-274.163096862536|-274.163096862536|-274.163096862536|-274.163096862536|-274.163096862536|-274.163096862536|-274.163096862536|-274.163096862536|-274.163096862536|-274.163096862536|-274.163096862536|-274.163096862536|-274.163096862536|-274.163096862536|-274.163096862536|-274.163096862536|-274.163096862536|-274.163096862536|-274.163096862536|-274.163096862536|-274.163096862536|-274.1631194597905|-274.1631194597905|-274.1631194597905
population_200,9,200,300,5,0.5,10,70,109,10109,60200,-274.16285466977774,-2.903233973908452,-2.904310034700165,-2.9051129970256944,-2.904610666687288,-2.9035645229907274,-2.907174763825252,-2.903721187010793,-246.79102941009864,-2.5559909476007734,-2.9550480953364877,-2.846492736465256,-2.067801461002822,-2.601177614671437,2.9164648999531684,-2.7325366508059634,-175.2647530963705|-184.59142199949474|-192.84193633174897|-203.26616454913523|-225.8723352236072|-228.34601149413368|-228.34601149413368|-236.99783497961116|-236.99783497961116|-236.99783497961116|-240.9909103418264|-251.5322780979173|-255.70488732675284|-255.70488732675284|-260.30817599456054|-260.34227857907507|-264.71761867521207|-264.71761867521207|-265.69935890759115|-265.69935890759115|-266.4884152418466|-267.44552455172834|-270.389923254384|-272.8213211139305|-272.8213211139305|-272.8213211139305|-272.8213211139305|-272.8213211139305|-272.8213211139305|-273.1980784951569|-273.1980784951569|-273.1980784951569|-273.1980784951569|-273.25313574199015|-273.46690735373875|-273.46690735373875|-273.46690735373875|-273.46690735373875|-273.46690735373875|-273.73030631099596|-273.73030631099596|-273.73030631099596|-273.73030631099596|-273.73030631099596|-274.0482643296741|-274.0482643296741|-274.0482643296741|-274.0482643296741|-274.05315543341976|-274.05315543341976|-274.0574560236023|-274.0574560236023|-274.0574560236023|-274.0574560236023|-274.07499636656183|-274.07499636656183|-274.07499636656183|-274.07499636656183|-274.09652451483555|-274.09652451483555|-274.09652451483555|-274.09652451483555|-274.11955273610516|-274.12532036893424|-274.12615749415664|-274.13835320224166|-274.13835320224166|-274.13835320224166|-274.13835320224166|-274.1387172838456|-274.1387172838456|-274.1387172838456|-274.14348118280486|-274.14348118280486|-274.14348118280486|-274.14348118280486|-274.14348118280486|-274.1438452644088|-274.14666327231885|-274.14666327231885|-274.14666327231885|-274.14666327231885|-274.14666327231885|-274.14666327231885|-274.14666327231885|-274.14666327231885|-274.1476503439944|-274.1476503439944|-274.1476503439944|-274.1476503439944|-274.1476503439944|-274.1476503439944|-274.1476503439944|-274.1497154714253|-274.15360643231696|-274.15360643231696|-274.15360643231696|-274.15360643231696|-274.15360643231696|-274.15360643231696|-274.15360643231696|-274.1561500973315|-274.1561500973315|-274.1561500973315|-274.1561500973315|-274.1561500973315|-274.1561500973315|-274.1561500973315|-274.1591296808675|-274.1591296808675|-274.1591296808675|-274.1591296808675|-274.1591296808675|-274.1591296808675|-274.1591296808675|-274.1591296808675|-274.15925702341684|-274.15925702341684|-274.15925702341684|-274.15925702341684|-274.15925702341684|-274.15925702341684|-274.15925702341684|-274.15925702341684|-274.15925702341684|-274.15925702341684|-274.15925702341684|-274.15925702341684|-274.15925702341684|-274.15925702341684|-274.15925702341684|-274.15925702341684|-274.15925702341684|-274.15925702341684|-274.15925702341684|-274.15925702341684|-274.15925702341684|-274.15925702341684|-274.15925702341684|-274.1609038636704|-274.1609038636704|-274.1609038636704|-274.1609038636704|-274.1609038636704|-274.1609038636704|-274.1609038636704|-274.1609038636704|-274.1609038636704|-274.1609038636704|-274.1609038636704|-274.1609038636704|-274.1609038636704|-274.1609038636704|-274.1609038636704|-274.1609038636704|-274.1609038636704|-274.1609038636704|-274.1609038636704|-274.1609038636704|-274.1618882012681|-274.1618882012681|-274.1618882012681|-274.1618882012681|-274.1618882012681|-274.16193424270904|-274.16193424270904|-274.16193424270904|-274.16193424270904|-274.16193424270904|-274.16193424270904|-274.16193424270904|-274.16193424270904|-274.16193424270904|-274.16193424270904|-274.16193424270904|-274.16193424270904|-274.16193424270904|-274.16193424270904|-274.16193424270904|-274.16193424270904|-274.16193424270904|-274.16193424270904|-274.16193424270904|-274.16193424270904|-274.16259065989175|-274.16259065989175|-274.16259065989175|-274.16259065989175|-274.16259065989175|-274.16259065989175|-274.16259065989175|-274.16259065989175|-274.16259065989175|-274.16259065989175|-274.16259065989175|-274.16259065989175|-274.16259065989175|-274.16259065989175|-274.16259065989175|-274.16259065989175|-274.16259065989175|-274.16259065989175|-274.16259065989175|-274.16259065989175|-274.16259065989175|-274.16259065989175|-274.16259065989175|-274.16259065989175|-274.16259065989175|-274.16259065989175|-274.16259065989175|-274.16259065989175|-274.16259065989175|-274.16259065989175|-274.16259065989175|-274.16259065989175|-274.16259065989175|-274.16259065989175|-274.16259065989175|-274.1626630749509|-274.1626630749509|-274.1626630749509|-274.1626630749509|-274.1626630749509|-274.1626630749509|-274.1626630749509|-274.1626630749509|-274.1626630749509|-274.1626630749509|-274.1626630749509|-274.1626630749509|-274.1626630749509|-274.1626630749509|-274.1626630749509|-274.1626630749509|-274.1626630749509|-274.1626630749509|-274.1626630749509|-274.1626630749509|-274.16281545770585|-274.16281545770585|-274.16281545770585|-274.16281545770585|-274.16281545770585|-274.16281545770585|-274.16281545770585|-274.16281545770585|-274.16281545770585|-274.16281545770585|-274.16281545770585|-274.16281545770585|-274.16281545770585|-274.16281545770585|-274.16281545770585|-274.16281545770585|-274.16281545770585|-274.16285392955035|-274.16285392955035|-274.16285392955035|-274.16285392955035|-274.16285392955035|-274.16285392955035|-274.16285392955035|-274.16285392955035|-274.16285392955035|-274.16285392955035|-274.16285392955035|-274.16285392955035|-274.16285392955035|-274.16285392955035|-274.16285392955035|-274.16285392955035|-274.16285392955035|-274.16285392955035|-274.16285392955035|-274.16285392955035|-274.16285392955035|-274.16285392955035|-274.16285392955035|-274.16285466977774|-274.16285466977774|-274.16285466977774|-274.16285466977774|-274.16285466977774|-274.16285466977774|-274.16285466977774|-274.16285466977774|-274.16285466977774|-274.16285466977774|-274.16285466977774|-274.16285466977774|-274.16285466977774|-274.16285466977774|-274.16285466977774|-274.16285466977774|-274.16285466977774|-274.16285466977774|-274.16285466977774|-274.16285466977774|-274.16285466977774|-274.16285466977774
population_200,10,200,300,5,0.5,10,70,110,10110,60200,-274.1629098251572,-2.905864681607839,-2.903233818968674,-2.901478542327142,-2.9048113208634145,-2.902470280662375,-2.9021643221756457,-2.903256852855785,-238.077749125171,-2.6273736117730326,-2.569701532276334,-3.5153635684306317,1.8893263271011946,-3.190466062310687,-2.5707823455713164,-2.7639860635032,-194.41130411522406|-205.78868855265398|-223.2011842073661|-225.56349235846014|-252.92346631862387|-252.92346631862387|-255.30914887027848|-255.30914887027848|-260.3741889520496|-263.5886229598137|-263.5886229598137|-265.51763081368745|-265.51763081368745|-267.82024423006|-267.82024423006|-270.3375679417344|-270.94441335879685|-272.09855618404123|-272.91458433363266|-272.91458433363266|-272.91458433363266|-273.56239194299496|-273.56239194299496|-273.75218289297106|-273.75218289297106|-273.75218289297106|-273.8046643926699|-273.8046643926699|-273.8046643926699|-273.8046643926699|-273.8046643926699|-273.9013750185451|-273.9922440283726|-273.9922440283726|-273.9922440283726|-273.9922440283726|-273.9982580095739|-274.01559011855915|-274.0311146647616|-274.06962092638923|-274.06962092638923|-274.06962092638923|-274.06962092638923|-274.06962092638923|-274.06962092638923|-274.1046631784719|-274.1046631784719|-274.1046631784719|-274.1046631784719|-274.1046631784719|-274.15065032204325|-274.15065032204325|-274.15065032204325|-274.15065032204325|-274.15065032204325|-274.15065032204325|-274.15065032204325|-274.15065032204325|-274.15065032204325|-274.15444266419763|-274.15444266419763|-274.15444266419763|-274.15444266419763|-274.15444266419763|-274.15444266419763|-274.15444266419763|-274.15574430559303|-274.15574430559303|-274.15574430559303|-274.15574430559303|-274.15574430559303|-274.15574430559303|-274.15574430559303|-274.15574430559303|-274.15574430559303|-274.15574430559303|-274.15574430559303|-274.15814197300756|-274.15814197300756|-274.15814197300756|-274.15814197300756|-274.15814197300756|-274.15814197300756|-274.15814197300756|-274.15814197300756|-274.15888047700884|-274.159517511996|-274.159517511996|-274.159517511996|-274.159517511996|-274.159517511996|-274.1596701567537|-274.1596701567537|-274.1596701567537|-274.1596701567537|-274.1596701567537|-274.1596701567537|-274.16000511174445|-274.16000511174445|-274.160022408052|-274.160022408052|-274.160022408052|-274.1603555544737|-274.1603555544737|-274.1603555544737|-274.1603555544737|-274.1603555544737|-274.1603555544737|-274.1607345716955|-274.1607345716955|-274.1607345716955|-274.1607345716955|-274.1607345716955|-274.1607345716955|-274.1607345716955|-274.1607345716955|-274.1607345716955|-274.1607345716955|-274.1607345716955|-274.1607345716955|-274.1607345716955|-274.1607345716955|-274.1607345716955|-274.1607345716955|-274.1607345716955|-274.1607345716955|-274.1607345716955|-274.1607345716955|-274.160758893934|-274.160758893934|-274.160758893934|-274.160758893934|-274.160758893934|-274.160758893934|-274.160758893934|-274.160758893934|-274.160758893934|-274.160758893934|-274.160758893934|-274.160758893934|-274.160758893934|-274.160758893934|-274.160758893934|-274.160758893934|-274.160758893934|-274.160758893934|-274.160758893934|-274.160758893934|-274.160758893934|-274.160758893934|-274.160758893934|-274.160758893934|-274.160758893934|-274.1613144974815|-274.1613144974815|-274.1614524471591|-274.1614524471591|-274.1614524471591|-274.1614524471591|-274.1621586087419|-274.1621586087419|-274.1621586087419|-274.1621586087419|-274.1621586087419|-274.1621586087419|-274.1621586087419|-274.1621586087419|-274.1621586087419|-274.1621586087419|-274.1622828801503|-274.1622828801503|-274.1622828801503|-274.1622828801503|-274.1622828801503|-274.1622828801503|-274.1622828801503|-274.1622828801503|-274.1622828801503|-274.1622828801503|-274.1622828801503|-274.1622828801503|-274.1622828801503|-274.1622828801503|-274.1622828801503|-274.1622828801503|-274.1622828801503|-274.1622828801503|-274.1622828801503|-274.1622828801503|-274.1622828801503|-274.1622828801503|-274.1622828801503|-274.1622828801503|-274.1622828801503|-274.16231700828195|-274.16231700828195|-274.16231700828195|-274.16231700828195|-274.16231700828195|-274.16231700828195|-274.1626382333574|-274.1626382333574|-274.1626382333574|-274.16267236148906|-274.16267236148906|-274.16267236148906|-274.16267236148906|-274.16267236148906|-274.16267236148906|-274.16267236148906|-274.16272319635635|-274.16272319635635|-274.16272319635635|-274.162857006115|-274.162857006115|-274.162857006115|-274.162857006115|-274.162857006115|-274.162857006115|-274.16290784098226|-274.16290784098226|-274.16290784098226|-274.16290784098226|-274.16290784098226|-274.16290784098226|-274.16290784098226|-274.16290784098226|-274.16290784098226|-274.16290784098226|-274.16290784098226|-274.16290784098226|-274.16290784098226|-274.1629098251572|-274.1629098251572|-274.1629098251572|-274.1629098251572|-274.1629098251572|-274.1629098251572|-274.1629098251572|-274.1629098251572|-274.1629098251572|-274.1629098251572|-274.1629098251572|-274.1629098251572|-274.1629098251572|-274.1629098251572|-274.1629098251572|-274.1629098251572|-274.1629098251572|-274.1629098251572|-274.1629098251572|-274.1629098251572|-274.1629098251572|-274.1629098251572|-274.1629098251572|-274.1629098251572|-274.1629098251572|-274.1629098251572|-274.1629098251572|-274.1629098251572|-274.1629098251572|-274.1629098251572|-274.1629098251572|-274.1629098251572|-274.1629098251572|-274.1629098251572|-274.1629098251572|-274.1629098251572|-274.1629098251572|-274.1629098251572|-274.1629098251572|-274.1629098251572|-274.1629098251572|-274.1629098251572|-274.1629098251572|-274.1629098251572|-274.1629098251572|-274.1629098251572|-274.1629098251572|-274.1629098251572|-274.1629098251572|-274.1629098251572|-274.1629098251572|-274.1629098251572|-274.1629098251572|-274.1629098251572|-274.1629098251572|-274.1629098251572|-274.1629098251572|-274.1629098251572|-274.1629098251572|-274.1629098251572|-274.1629098251572|-274.1629098251572|-274.1629098251572|-274.1629098251572|-274.1629098251572|-274.1629098251572|-274.1629098251572|-274.1629098251572|-274.1629098251572
population_200,11,200,300,5,0.5,10,70,111,10111,60200,-274.1630084177474,-2.901492499967629,-2.9039963342499817,-2.9035337077124783,-2.903707174336739,-2.9036522272211562,-2.903446586914954,-2.905614569160744,-254.41690016974528,-3.0100992386130443,-2.744821684401637,-3.4458894040991153,-3.244433797702202,-3.4469634701842944,-3.2781653872604033,-2.5410725753605004,-178.65060161169092|-178.65060161169092|-214.5655817170416|-214.9091698686981|-228.34164624205323|-239.73856836037953|-249.48348917380093|-249.48348917380093|-249.48348917380093|-256.3403897819182|-263.44599735016106|-266.1619047946351|-266.1619047946351|-269.14015628093466|-270.6841660660304|-270.6841660660304|-270.6841660660304|-270.8287906002556|-270.8287906002556|-272.4079669151512|-272.4079669151512|-272.83939106511644|-272.8453670083827|-272.8453670083827|-273.02432347685806|-273.34401429357064|-273.90324491883075|-273.90857091086804|-273.90857091086804|-273.90857091086804|-273.90857091086804|-273.90857091086804|-273.90857091086804|-273.9376712033652|-273.9615781423262|-273.9615781423262|-273.9615781423262|-273.9916248373457|-273.9916248373457|-273.9916248373457|-273.9916248373457|-274.0130725531234|-274.0130725531234|-274.0130725531234|-274.04463206880376|-274.04463206880376|-274.04463206880376|-274.0873693776602|-274.0873693776602|-274.0873693776602|-274.0873693776602|-274.0873693776602|-274.1112641113581|-274.1112641113581|-274.1112641113581|-274.1149256031424|-274.1149256031424|-274.1149256031424|-274.1181823446795|-274.1181823446795|-274.1181823446795|-274.1392521423181|-274.1392521423181|-274.1392521423181|-274.15671473127895|-274.15671473127895|-274.15671473127895|-274.15671473127895|-274.15671473127895|-274.15671473127895|-274.15671473127895|-274.15671473127895|-274.15671473127895|-274.15671473127895|-274.1576125578281|-274.1576125578281|-274.1576125578281|-274.1576125578281|-274.1576125578281|-274.1576125578281|-274.15769718076376|-274.15769718076376|-274.15769718076376|-274.15769718076376|-274.1587474527312|-274.1587912024011|-274.1587912024011|-274.1587912024011|-274.1587912024011|-274.1587912024011|-274.1587912024011|-274.1587912024011|-274.1588758253368|-274.1588758253368|-274.1588758253368|-274.1599260973042|-274.1599260973042|-274.1599260973042|-274.1599260973042|-274.16048966688936|-274.16048966688936|-274.16048966688936|-274.16048966688936|-274.16057428982504|-274.16162456179245|-274.16162456179245|-274.16162456179245|-274.16162456179245|-274.16162456179245|-274.16162456179245|-274.16162456179245|-274.16162456179245|-274.16162456179245|-274.16162456179245|-274.16162456179245|-274.16162456179245|-274.16162456179245|-274.16162456179245|-274.16162456179245|-274.16162456179245|-274.16162456179245|-274.16162456179245|-274.16193074823735|-274.16193074823735|-274.16193074823735|-274.16193074823735|-274.16193074823735|-274.16193074823735|-274.16193074823735|-274.16193074823735|-274.16193074823735|-274.16193074823735|-274.16210901314895|-274.16210901314895|-274.16210901314895|-274.16210901314895|-274.16210901314895|-274.16210901314895|-274.16210901314895|-274.16210901314895|-274.16210901314895|-274.16210901314895|-274.16210901314895|-274.16210901314895|-274.16210901314895|-274.16210901314895|-274.16210901314895|-274.16210901314895|-274.16210901314895|-274.16210901314895|-274.16210901314895|-274.16210901314895|-274.16210901314895|-274.16210901314895|-274.1624037573285|-274.1624037573285|-274.1624037573285|-274.1624037573285|-274.1624037573285|-274.1624037573285|-274.1624037573285|-274.1624037573285|-274.1624037573285|-274.1624037573285|-274.1624037573285|-274.1624037573285|-274.1624037573285|-274.1624037573285|-274.1624037573285|-274.1624037573285|-274.1624037573285|-274.1624037573285|-274.1624037573285|-274.1624037573285|-274.1624037573285|-274.1624037573285|-274.1624037573285|-274.16257215829904|-274.16257215829904|-274.16257215829904|-274.16257215829904|-274.16257215829904|-274.16257215829904|-274.16257215829904|-274.16257215829904|-274.16257215829904|-274.16257215829904|-274.16257215829904|-274.16257215829904|-274.16257215829904|-274.16257215829904|-274.16257215829904|-274.16257215829904|-274.16257215829904|-274.16257215829904|-274.16257215829904|-274.16257215829904|-274.16257215829904|-274.16257215829904|-274.16257215829904|-274.16257215829904|-274.16260002071755|-274.16260002071755|-274.16260002071755|-274.16260002071755|-274.16260002071755|-274.16260002071755|-274.16260002071755|-274.16260002071755|-274.16260002071755|-274.16260002071755|-274.16260002071755|-274.16260002071755|-274.16260002071755|-274.16260002071755|-274.16260002071755|-274.16260002071755|-274.16260002071755|-274.16260002071755|-274.16260002071755|-274.16260002071755|-274.16260002071755|-274.16260002071755|-274.16260002071755|-274.16260002071755|-274.16260002071755|-274.16260002071755|-274.16260002071755|-274.16260002071755|-274.16260002071755|-274.16260002071755|-274.16260002071755|-274.16260002071755|-274.16260002071755|-274.16260002071755|-274.1626788727304|-274.1626788727304|-274.1626788727304|-274.16283144218227|-274.16283144218227|-274.16283144218227|-274.16283144218227|-274.1629102941951|-274.1629102941951|-274.1629102941951|-274.1629102941951|-274.1629102941951|-274.1629102941951|-274.1629102941951|-274.1629102941951|-274.1629102941951|-274.1629102941951|-274.1629102941951|-274.1629440504596|-274.1629440504596|-274.1629440504596|-274.1629440504596|-274.1629440504596|-274.1629440504596|-274.1629440504596|-274.1629440504596|-274.1629440504596|-274.1629440504596|-274.1629440504596|-274.1629440504596|-274.1629440504596|-274.1629440504596|-274.1629440504596|-274.1629440504596|-274.1629440504596|-274.1629440504596|-274.1629440504596|-274.1629440504596|-274.1629440504596|-274.1629440504596|-274.1629440504596|-274.1629440504596|-274.1629440504596|-274.1629440504596|-274.1629440504596|-274.1630084177474|-274.1630084177474|-274.1630084177474|-274.1630084177474|-274.1630084177474|-274.1630084177474|-274.1630084177474|-274.1630084177474|-274.1630084177474|-274.1630084177474|-274.1630084177474|-274.1630084177474|-274.1630084177474|-274.1630084177474|-274.1630084177474|-274.1630084177474|-274.1630084177474|-274.1630084177474|-274.1630084177474|-274.1630084177474|-274.1630084177474
population_200,12,200,300,5,0.5,10,70,112,10112,60200,-274.16261443452555,-2.9040388424118615,-2.9083702599909254,-2.902408496159663,-2.9020169350051956,-2.90154780839112,-2.9029628528318345,-2.903362598820138,-235.04484693375184,-3.180704893825941,-3.5740721759226624,-2.1959271722445317,-1.821578136488371,-2.6781714232565337,-2.426234146638776,-2.406285907683153,-199.80706113171868|-199.80706113171868|-199.80706113171868|-201.72186850525424|-219.95012133008962|-219.95012133008962|-237.12223297179585|-237.12223297179585|-246.41564751104653|-246.41564751104653|-246.41564751104653|-260.7087613527479|-260.7087613527479|-260.7087613527479|-260.7087613527479|-263.9360981263049|-264.76295368587677|-267.03515002640063|-267.9210273036584|-271.079278555176|-271.079278555176|-271.079278555176|-271.861800499838|-271.9673700551194|-273.4829228023613|-273.4829228023613|-273.5014324099356|-273.5101788759847|-273.79988512604|-273.79988512604|-273.79988512604|-273.79988512604|-273.79988512604|-273.79988512604|-273.86287934196633|-273.86287934196633|-273.86287934196633|-273.86287934196633|-273.86287934196633|-273.86287934196633|-273.86287934196633|-273.87931864271445|-273.87931864271445|-273.89414531719797|-273.89414531719797|-273.89414531719797|-273.89414531719797|-273.9606678729872|-273.9606678729872|-273.9606678729872|-273.97169252135706|-273.99954592976434|-273.99954592976434|-273.99954592976434|-274.0013098558471|-274.0013098558471|-274.0013098558471|-274.01368703476396|-274.0261123284279|-274.0378687498492|-274.0547107348452|-274.0622625154433|-274.0622625154433|-274.0622625154433|-274.07238740248766|-274.0820117941773|-274.0820117941773|-274.0867494702697|-274.09166026054874|-274.0921366812216|-274.0935665901993|-274.0984510949254|-274.1056299812667|-274.1056299812667|-274.1056299812667|-274.1085759819697|-274.1182266592123|-274.1182266592123|-274.1182266592123|-274.1182266592123|-274.1286750947254|-274.1321963799303|-274.13623947524104|-274.13623947524104|-274.13623947524104|-274.13623947524104|-274.13623947524104|-274.13623947524104|-274.13623947524104|-274.13623947524104|-274.13623947524104|-274.13623947524104|-274.13623947524104|-274.13623947524104|-274.14325129861237|-274.14325129861237|-274.14325129861237|-274.14325129861237|-274.1439272341027|-274.1439272341027|-274.1452344605295|-274.1452344605295|-274.1454200719343|-274.1454200719343|-274.1454200719343|-274.1454200719343|-274.1454200719343|-274.1457226928401|-274.1457226928401|-274.1457226928401|-274.1457226928401|-274.1467272983611|-274.1467272983611|-274.1467272983611|-274.1467272983611|-274.1472155306717|-274.1472155306717|-274.1491904529541|-274.1491904529541|-274.1491904529541|-274.1491904529541|-274.1491904529541|-274.1491904529541|-274.1499376992224|-274.1506832907857|-274.1523195649937|-274.1523195649937|-274.1523195649937|-274.1523195649937|-274.1523195649937|-274.1523195649937|-274.1523195649937|-274.15278653694895|-274.15381240282534|-274.1544709981372|-274.1544709981372|-274.1544709981372|-274.1544709981372|-274.15482961083393|-274.15482961083393|-274.15595517810107|-274.15595517810107|-274.15595517810107|-274.15595517810107|-274.15595517810107|-274.1568116615521|-274.1568116615521|-274.1568116615521|-274.15727863350736|-274.15788401208476|-274.15788401208476|-274.15788401208476|-274.15788401208476|-274.15788401208476|-274.15788401208476|-274.15835098404|-274.15835098404|-274.15835098404|-274.15835098404|-274.1585386617938|-274.1585386617938|-274.1590807749325|-274.1590807749325|-274.1590807749325|-274.1590807749325|-274.1590807749325|-274.1592997528054|-274.1592997528054|-274.1592997528054|-274.15942389510536|-274.15942389510536|-274.15942389510536|-274.15942389510536|-274.15942389510536|-274.15942389510536|-274.1594551952245|-274.1594551952245|-274.1594551952245|-274.1594551952245|-274.1594551952245|-274.1594551952245|-274.1594551952245|-274.1594551952245|-274.1594551952245|-274.1594551952245|-274.1594551952245|-274.1594551952245|-274.1594551952245|-274.1594551952245|-274.1594551952245|-274.1594551952245|-274.1594551952245|-274.1594551952245|-274.1594551952245|-274.15951536318823|-274.15951536318823|-274.15951536318823|-274.15951536318823|-274.15951536318823|-274.15951536318823|-274.15951536318823|-274.1599479817617|-274.1599479817617|-274.1599479817617|-274.1599479817617|-274.1599479817617|-274.1599479817617|-274.1606380839746|-274.1606380839746|-274.1606380839746|-274.1606380839746|-274.1606380839746|-274.1606380839746|-274.1606380839746|-274.1606728887405|-274.1606728887405|-274.1606728887405|-274.16090209946447|-274.16090209946447|-274.16090209946447|-274.16093690423037|-274.16093690423037|-274.16093690423037|-274.16093690423037|-274.16093690423037|-274.16093690423037|-274.16093690423037|-274.16093690423037|-274.16093690423037|-274.16093690423037|-274.16118493689595|-274.16118493689595|-274.16118493689595|-274.16137451570654|-274.16137451570654|-274.16137451570654|-274.16137451570654|-274.16137451570654|-274.16162254837207|-274.16162254837207|-274.16162254837207|-274.16162254837207|-274.16164754135366|-274.16164754135366|-274.16164754135366|-274.16164754135366|-274.16164754135366|-274.16164754135366|-274.16164754135366|-274.16164754135366|-274.1618955740192|-274.1618955740192|-274.1618955740192|-274.1618955740192|-274.1618955740192|-274.1618955740192|-274.1618955740192|-274.1618955740192|-274.1618955740192|-274.1618955740192|-274.1618955740192|-274.1618955740192|-274.1618955740192|-274.1618955740192|-274.1618955740192|-274.1618955740192|-274.1618955740192|-274.1618955740192|-274.1618955740192|-274.1618955740192|-274.1618955740192|-274.1618955740192|-274.1618955740192|-274.1618955740192|-274.1624690619627|-274.1624690619627|-274.1624690619627|-274.1624690619627|-274.1624690619627|-274.1624690619627|-274.1624690619627|-274.1624690619627|-274.1624690619627|-274.1624690619627|-274.1624690619627|-274.1624690619627|-274.1624763386592|-274.1624763386592|-274.1624763386592|-274.1624763386592|-274.1624763386592|-274.16260715782914|-274.16260715782914|-274.16261443452555|-274.16261443452555|-274.16261443452555|-274.16261443452555|-274.16261443452555|-274.16261443452555|-274.16261443452555|-274.16261443452555
population_200,13,200,300,5,0.5,10,70,113,10113,60200,-274.16309768730605,-2.902702345853618,-2.902463660099523,-2.903297134324016,-2.903232534159804,-2.9034757826214723,-2.9026980693145825,-2.902578052675178,-232.84478043758315,-2.2404724816984425,-3.139695771279063,-2.427470000890848,-3.3887659765306033,-3.2328725591125673,-3.7208753254017415,-3.5589490142744484,-184.8545865077731|-184.8545865077731|-209.63986764284925|-209.63986764284925|-243.12704850204582|-247.53821481908435|-248.51837884151922|-248.51837884151922|-257.551615106285|-257.551615106285|-259.89247462486185|-262.4651875027481|-263.32331888637754|-268.4978726972606|-268.4978726972606|-268.4978726972606|-268.5696229811878|-273.3817846540888|-273.59560924469076|-273.59560924469076|-273.59560924469076|-273.59560924469076|-273.7375226688992|-273.7375226688992|-273.7375226688992|-273.7661188151403|-273.8405449116806|-273.8405449116806|-273.8405449116806|-273.8405449116806|-273.8405449116806|-273.8405449116806|-273.8901780283595|-273.8901780283595|-273.96066561236876|-273.96066561236876|-273.96066561236876|-273.96066561236876|-273.96066561236876|-273.96066561236876|-273.96066561236876|-274.0137418919044|-274.0137418919044|-274.0371208902686|-274.0891797456205|-274.0891797456205|-274.0891797456205|-274.0891797456205|-274.0891797456205|-274.0891797456205|-274.0891797456205|-274.0998001844749|-274.0998001844749|-274.0998001844749|-274.0998001844749|-274.0998001844749|-274.0998001844749|-274.0998001844749|-274.1004323969536|-274.1233737908059|-274.1233737908059|-274.1233737908059|-274.1273254624724|-274.1275200704392|-274.1275200704392|-274.1275200704392|-274.1275200704392|-274.1275200704392|-274.1275200704392|-274.13530854982145|-274.13530854982145|-274.13530854982145|-274.13530854982145|-274.13530854982145|-274.14323754355013|-274.14323754355013|-274.14323754355013|-274.14323754355013|-274.14380077805913|-274.15122063089916|-274.15122063089916|-274.1517838654081|-274.1517838654081|-274.1517838654081|-274.15678514857797|-274.15678514857797|-274.15678514857797|-274.15868538974024|-274.15868538974024|-274.1608870643974|-274.1608870643974|-274.1608870643974|-274.1608870643974|-274.1608870643974|-274.1608870643974|-274.1610816723641|-274.1610816723641|-274.1610816723641|-274.16259269759297|-274.16259269759297|-274.1627873055597|-274.1627873055597|-274.1627873055597|-274.1627873055597|-274.1627873055597|-274.1627873055597|-274.1627873055597|-274.1627873055597|-274.16282973767983|-274.16282973767983|-274.16282973767983|-274.16282973767983|-274.16282973767983|-274.16282973767983|-274.16282973767983|-274.16282973767983|-274.16282973767983|-274.16282973767983|-274.16282973767983|-274.16282973767983|-274.16282973767983|-274.16282973767983|-274.16282973767983|-274.16282973767983|-274.16282973767983|-274.16282973767983|-274.16282973767983|-274.16282973767983|-274.16282973767983|-274.16282973767983|-274.16282973767983|-274.16282973767983|-274.16282973767983|-274.16282973767983|-274.16282973767983|-274.16282973767983|-274.16282973767983|-274.16282973767983|-274.16282973767983|-274.16284226861063|-274.16284226861063|-274.16284226861063|-274.16284226861063|-274.16284226861063|-274.16284226861063|-274.16284226861063|-274.16284226861063|-274.16284226861063|-274.16284226861063|-274.16284226861063|-274.16284226861063|-274.16284226861063|-274.16284226861063|-274.16284226861063|-274.16284226861063|-274.16284226861063|-274.16284226861063|-274.16284226861063|-274.16284226861063|-274.16284226861063|-274.16284226861063|-274.16284226861063|-274.16284226861063|-274.16284226861063|-274.16284226861063|-274.16284226861063|-274.16284226861063|-274.1630421684336|-274.1630421684336|-274.1630421684336|-274.1630421684336|-274.1630421684336|-274.1630421684336|-274.1630421684336|-274.1630421684336|-274.1630421684336|-274.1630421684336|-274.1630421684336|-274.1630421684336|-274.1630421684336|-274.1630421684336|-274.1630421684336|-274.1630421684336|-274.1630421684336|-274.1630421684336|-274.1630421684336|-274.1630421684336|-274.1630421684336|-274.1630421684336|-274.1630421684336|-274.1630421684336|-274.1630421684336|-274.1630421684336|-274.1630421684336|-274.1630421684336|-274.1630421684336|-274.1630421684336|-274.1630421684336|-274.1630421684336|-274.1630421684336|-274.1630421684336|-274.1630421684336|-274.1630421684336|-274.1630421684336|-274.1630421684336|-274.1630421684336|-274.1630421684336|-274.1630421684336|-274.1630421684336|-274.1630421684336|-274.1630421684336|-274.1630421684336|-274.1630421684336|-274.1630421684336|-274.1630421684336|-274.1630421684336|-274.1630421684336|-274.1630421684336|-274.1630488123399|-274.1630488123399|-274.1630488123399|-274.1630488123399|-274.1630488123399|-274.1630488123399|-274.1630488123399|-274.1630488123399|-274.1630488123399|-274.1630488123399|-274.16306061547687|-274.16306061547687|-274.16306061547687|-274.16306061547687|-274.16306061547687|-274.16306061547687|-274.16306061547687|-274.16306061547687|-274.16306061547687|-274.16306061547687|-274.16306061547687|-274.16306061547687|-274.16306061547687|-274.16306061547687|-274.16306061547687|-274.16306061547687|-274.16306061547687|-274.16306061547687|-274.16306061547687|-274.16306061547687|-274.16306061547687|-274.16306061547687|-274.16306061547687|-274.16306061547687|-274.16306061547687|-274.16306061547687|-274.16306061547687|-274.16306061547687|-274.16306061547687|-274.16306061547687|-274.16306061547687|-274.16306061547687|-274.16306061547687|-274.16306061547687|-274.16306061547687|-274.16306061547687|-274.16306061547687|-274.16306061547687|-274.16306061547687|-274.16306061547687|-274.16306061547687|-274.16306061547687|-274.16306061547687|-274.16306061547687|-274.16306061547687|-274.16306061547687|-274.16306061547687|-274.16306061547687|-274.16306061547687|-274.16306061547687|-274.16306061547687|-274.16306061547687|-274.16306061547687|-274.16306061547687|-274.16306061547687|-274.16306061547687|-274.16306061547687|-274.16306061547687|-274.16306061547687|-274.16306061547687|-274.16309768730605|-274.16309768730605|-274.16309768730605|-274.16309768730605|-274.16309768730605|-274.16309768730605|-274.16309768730605|-274.16309768730605|-274.16309768730605|-274.16309768730605|-274.16309768730605|-274.16309768730605|-274.16309768730605
population_200,14,200,300,5,0.5,10,70,114,10114,60200,-274.16299386104544,-2.9037674014972445,-2.90419148499459,-2.9020823276056396,-2.903003503498078,-2.9042460691520176,-2.902775455058537,-2.901156774843539,-245.9518765055567,-2.4239254952861558,-2.2035733739100136,-2.7216831698818855,-2.7183747659969293,2.6782961962393266,-2.978628524104999,-2.465349014144129,-205.3620343521941|-218.82568419462024|-218.82568419462024|-218.82568419462024|-241.7294947370272|-241.7294947370272|-250.68324994772888|-250.68324994772888|-250.68324994772888|-255.20637139985115|-255.20637139985115|-256.0646493544063|-258.29264231776693|-262.41253990792285|-262.41253990792285|-262.84789784410594|-266.12488744720105|-266.12488744720105|-266.4247451943127|-269.0740074800038|-269.0740074800038|-269.0740074800038|-270.3121189460491|-270.81033413682235|-271.1343313751213|-271.1343313751213|-271.8649560921132|-273.21329453747927|-273.21329453747927|-273.21329453747927|-273.3264724175759|-273.3264724175759|-273.3264724175759|-273.6001378587871|-273.6279251171238|-273.70499762278604|-273.70499762278604|-273.70499762278604|-273.7116815494429|-273.7116815494429|-273.86837938444484|-273.86837938444484|-274.03950919214054|-274.0465033800276|-274.0465033800276|-274.05325775872205|-274.05325775872205|-274.0629532961053|-274.0629532961053|-274.080451332071|-274.080451332071|-274.08489950956834|-274.08489950956834|-274.0919987205807|-274.0919987205807|-274.0919987205807|-274.0919987205807|-274.0954713890332|-274.1026124317318|-274.10680873129223|-274.1069137544176|-274.1098408256822|-274.1098408256822|-274.11525621351666|-274.11543280052894|-274.1155378236543|-274.1155378236543|-274.12124013828765|-274.12124013828765|-274.12124013828765|-274.12124013828765|-274.1251344198894|-274.1251344198894|-274.1251344198894|-274.12958259738673|-274.1337584891261|-274.1337584891261|-274.1337584891261|-274.1337584891261|-274.1337584891261|-274.1337584891261|-274.1341623881649|-274.13426741129024|-274.13426741129024|-274.13426741129024|-274.15539696364874|-274.15539696364874|-274.15539696364874|-274.15539696364874|-274.15539696364874|-274.15539696364874|-274.15539696364874|-274.15539696364874|-274.1559058858128|-274.1575793294103|-274.1575793294103|-274.1575793294103|-274.1575793294103|-274.15808825157444|-274.15808825157444|-274.15808825157444|-274.15808825157444|-274.15808825157444|-274.15808825157444|-274.15808825157444|-274.15808825157444|-274.15808825157444|-274.15808825157444|-274.15808825157444|-274.15808825157444|-274.15808825157444|-274.15808825157444|-274.15808825157444|-274.15823967136464|-274.15823967136464|-274.15823967136464|-274.15823967136464|-274.15823967136464|-274.15823967136464|-274.15823967136464|-274.1604096074966|-274.1604096074966|-274.1604096074966|-274.1605610272869|-274.1605610272869|-274.1605610272869|-274.1605610272869|-274.1605610272869|-274.1605610272869|-274.1605610272869|-274.1605610272869|-274.1605610272869|-274.1605610272869|-274.1605610272869|-274.1605610272869|-274.1605610272869|-274.1605610272869|-274.1605610272869|-274.1605610272869|-274.1605610272869|-274.1605610272869|-274.1605610272869|-274.1605610272869|-274.1605610272869|-274.1605610272869|-274.1605610272869|-274.1617185447285|-274.1617185447285|-274.1617185447285|-274.1617185447285|-274.1617185447285|-274.1617185447285|-274.1617185447285|-274.1617185447285|-274.1617185447285|-274.1617185447285|-274.1617185447285|-274.1617212699475|-274.1617212699475|-274.16187027084686|-274.16187027084686|-274.16187027084686|-274.16202192566357|-274.16202192566357|-274.16202192566357|-274.16202192566357|-274.1620246508825|-274.1620246508825|-274.1621736517819|-274.16224536764|-274.1623758496222|-274.16243904133967|-274.16243904133967|-274.1625514737941|-274.1625514737941|-274.1625514737941|-274.1627536716344|-274.1627536716344|-274.1627536716344|-274.1627536716344|-274.1627563968534|-274.1627563968534|-274.1627563968534|-274.1627563968534|-274.1627563968534|-274.1627563968534|-274.1627563968534|-274.1627563968534|-274.1627563968534|-274.1627563968534|-274.1627563968534|-274.1627563968534|-274.1627563968534|-274.1627563968534|-274.1627563968534|-274.1628359423062|-274.1628359423062|-274.1628359423062|-274.1628359423062|-274.1628359423062|-274.1628359423062|-274.1628359423062|-274.1628359423062|-274.1628359423062|-274.1628359423062|-274.1628359423062|-274.1628359423062|-274.1628359423062|-274.1628359423062|-274.1628359423062|-274.1628359423062|-274.1628359423062|-274.1628359423062|-274.1628359423062|-274.1628359423062|-274.1628359423062|-274.1628359423062|-274.1628359423062|-274.1628359423062|-274.1628359423062|-274.1628359423062|-274.1628359423062|-274.1628359423062|-274.1628359423062|-274.1628359423062|-274.1628359423062|-274.1628359423062|-274.16285060290136|-274.16285060290136|-274.16285060290136|-274.16285060290136|-274.16285060290136|-274.16285060290136|-274.1629036872895|-274.1629036872895|-274.1629036872895|-274.1629036872895|-274.1629036872895|-274.1629036872895|-274.1629036872895|-274.1629067337369|-274.1629067337369|-274.1629067337369|-274.1629067337369|-274.1629067337369|-274.1629067337369|-274.1629067337369|-274.1629067337369|-274.1629067337369|-274.1629067337369|-274.1629067337369|-274.1629067337369|-274.1629067337369|-274.1629067337369|-274.1629067337369|-274.1629067337369|-274.1629067337369|-274.1629067337369|-274.1629067337369|-274.1629067337369|-274.1629067337369|-274.16291397486157|-274.16291397486157|-274.16291397486157|-274.16291397486157|-274.16291397486157|-274.1629930262385|-274.1629930262385|-274.1629930262385|-274.1629930262385|-274.16299386104544|-274.16299386104544|-274.16299386104544|-274.16299386104544|-274.16299386104544|-274.16299386104544|-274.16299386104544|-274.16299386104544|-274.16299386104544|-274.16299386104544|-274.16299386104544|-274.16299386104544|-274.16299386104544|-274.16299386104544|-274.16299386104544|-274.16299386104544|-274.16299386104544|-274.16299386104544|-274.16299386104544|-274.16299386104544|-274.16299386104544|-274.16299386104544|-274.16299386104544|-274.16299386104544|-274.16299386104544|-274.16299386104544|-274.16299386104544|-274.16299386104544|-274.16299386104544|-274.16299386104544|-274.16299386104544
population_200,15,200,300,5,0.5,10,70,115,10115,60200,-274.16311085102654,-2.903666490205628,-2.904166782695352,-2.9037692082270277,-2.9030197941990648,-2.9034791930376103,-2.9045790289476874,-2.9045363475703176,-241.67435533711705,-3.5664419777788456,-2.5246407850510213,-3.142126528817748,-3.275017421943595,-2.1525112261069257,-2.0345848354847984,-3.004762312439989,-187.2178061000281|-187.2178061000281|-205.553436760012|-215.34915585296582|-215.8153794487962|-227.94009758929988|-227.95471872684664|-227.95471872684664|-238.76796105253402|-245.17539505096352|-248.16977124346204|-255.9574391174441|-255.9574391174441|-261.63500846207273|-266.22433144397314|-266.22433144397314|-267.3195398755874|-268.16049906086874|-269.6443782445011|-270.58429381682305|-271.9406921547943|-271.9406921547943|-272.04118515062186|-272.073405770366|-272.6114418007264|-272.66970260084526|-272.7618735613262|-273.6616465338655|-273.67531063311185|-273.67531063311185|-273.67531063311185|-273.67531063311185|-273.832267579478|-274.0062222405979|-274.0062222405979|-274.0062222405979|-274.0062222405979|-274.0321265606781|-274.0321265606781|-274.0321265606781|-274.0321265606781|-274.0321265606781|-274.0321265606781|-274.07065356656324|-274.07065356656324|-274.07065356656324|-274.0790336345039|-274.0790336345039|-274.10365309470404|-274.10365309470404|-274.12955741478424|-274.13158989296505|-274.13158989296505|-274.13158989296505|-274.13158989296505|-274.13158989296505|-274.13158989296505|-274.13158989296505|-274.13158989296505|-274.1367379746546|-274.1465898801831|-274.1465898801831|-274.1465898801831|-274.1465898801831|-274.15094585614906|-274.15094585614906|-274.15094585614906|-274.1512960958134|-274.1512960958134|-274.15377044005345|-274.15377044005345|-274.15377044005345|-274.15847665568367|-274.15847665568367|-274.15847665568367|-274.15847665568367|-274.15847665568367|-274.15847665568367|-274.15847665568367|-274.15847665568367|-274.15847665568367|-274.15847665568367|-274.15847665568367|-274.15847665568367|-274.15847665568367|-274.15847665568367|-274.15847665568367|-274.15847665568367|-274.15847665568367|-274.15847665568367|-274.15847665568367|-274.15847665568367|-274.15847665568367|-274.15847665568367|-274.15847665568367|-274.15847665568367|-274.15847665568367|-274.15847665568367|-274.15847665568367|-274.15847665568367|-274.15847665568367|-274.15847665568367|-274.15847665568367|-274.15847665568367|-274.15847665568367|-274.15847665568367|-274.15847665568367|-274.15847665568367|-274.15847665568367|-274.15847665568367|-274.15847665568367|-274.15847665568367|-274.15847665568367|-274.15847665568367|-274.1587306103062|-274.1587306103062|-274.1587306103062|-274.1587306103062|-274.1587306103062|-274.15878050796493|-274.15878050796493|-274.15878050796493|-274.15878050796493|-274.15878050796493|-274.1593363077324|-274.1593363077324|-274.1593363077324|-274.1593363077324|-274.1593363077324|-274.1593363077324|-274.1593363077324|-274.1593363077324|-274.1596401600137|-274.1596401600137|-274.15986645590567|-274.15986645590567|-274.15988275636994|-274.15988275636994|-274.15988275636994|-274.15988275636994|-274.15988275636994|-274.15988275636994|-274.15988275636994|-274.1599170595112|-274.1599170595112|-274.1599170595112|-274.1599170595112|-274.1599170595112|-274.1599170595112|-274.1599170595112|-274.1599170595112|-274.1599170595112|-274.1606493479603|-274.1606493479603|-274.1606493479603|-274.1606493479603|-274.1606493479603|-274.1606493479603|-274.1606493479603|-274.1606493479603|-274.1607877736098|-274.1607877736098|-274.1607877736098|-274.16083935768637|-274.16083935768637|-274.1608736608277|-274.1608736608277|-274.1611024009131|-274.1611024009131|-274.1611024009131|-274.1611024009131|-274.1611024009131|-274.1611024009131|-274.1611024009131|-274.1611024009131|-274.1611024009131|-274.1611367040544|-274.1611367040544|-274.1611367040544|-274.1611367040544|-274.1611367040544|-274.1611367040544|-274.1613305586065|-274.1613305586065|-274.1613305586065|-274.1613305586065|-274.1613305586065|-274.1613305586065|-274.1613305586065|-274.1613305586065|-274.1613305586065|-274.1613305586065|-274.1613305586065|-274.1613305586065|-274.1613305586065|-274.1613305586065|-274.1613305586065|-274.1613305586065|-274.1613305586065|-274.1613305586065|-274.1613305586065|-274.1619844994509|-274.1619844994509|-274.1619844994509|-274.1619844994509|-274.1619844994509|-274.1619844994509|-274.1619844994509|-274.1619844994509|-274.16281395239804|-274.16281395239804|-274.16281395239804|-274.16281395239804|-274.16281395239804|-274.16281395239804|-274.16281395239804|-274.16281395239804|-274.16281395239804|-274.16281395239804|-274.16281395239804|-274.16281395239804|-274.16281395239804|-274.16281395239804|-274.16281395239804|-274.16281395239804|-274.16281395239804|-274.16281395239804|-274.16281395239804|-274.16281395239804|-274.16281395239804|-274.16281395239804|-274.16281395239804|-274.16281395239804|-274.16281395239804|-274.16281395239804|-274.16281395239804|-274.16281395239804|-274.16281395239804|-274.16281395239804|-274.16281395239804|-274.16281395239804|-274.16281395239804|-274.16282492247313|-274.16282492247313|-274.16282492247313|-274.16282492247313|-274.16282492247313|-274.16282492247313|-274.16282492247313|-274.16282492247313|-274.1628527804274|-274.1628527804274|-274.1628527804274|-274.1628527804274|-274.1628527804274|-274.1628527804274|-274.1628527804274|-274.1628527804274|-274.1628527804274|-274.1628527804274|-274.1628527804274|-274.1628527804274|-274.1628527804274|-274.1628527804274|-274.1628527804274|-274.1628527804274|-274.1628527804274|-274.1628527804274|-274.1628527804274|-274.1628527804274|-274.1628527804274|-274.1628527804274|-274.1628527804274|-274.1628527804274|-274.1628527804274|-274.16311085102654|-274.16311085102654|-274.16311085102654|-274.16311085102654|-274.16311085102654|-274.16311085102654|-274.16311085102654|-274.16311085102654|-274.16311085102654|-274.16311085102654|-274.16311085102654|-274.16311085102654|-274.16311085102654|-274.16311085102654|-274.16311085102654|-274.16311085102654|-274.16311085102654|-274.16311085102654|-274.16311085102654|-274.16311085102654|-274.16311085102654|-274.16311085102654|-274.16311085102654|-274.16311085102654|-274.16311085102654|-274.16311085102654
population_200,16,200,300,5,0.5,10,70,116,10116,60200,-274.1630082798222,-2.903853128892365,-2.9035900758424193,-2.905384140453576,-2.9042463292358076,-2.9036945604293773,-2.9056353525767067,-2.90407065508331,-235.5559587302933,-2.869093547895959,-2.9291389857800887,-2.8767203205261724,-2.650166786916457,1.9316563863706415,-3.243686786019373,2.6784385475079677,-197.08920064126744|-218.31311532975164|-218.31311532975164|-227.91511539955872|-227.91511539955872|-227.91511539955872|-239.71318729589876|-246.6420963503606|-250.08734967964614|-253.42058914628882|-255.5949510159743|-258.62745775201563|-258.62745775201563|-258.6381973617365|-267.6251071829189|-267.6251071829189|-268.1000802155881|-268.1000802155881|-270.3895902194391|-270.3895902194391|-272.1401548537614|-272.1401548537614|-272.1401548537614|-273.225344883418|-273.225344883418|-273.225344883418|-273.225344883418|-273.3098286672509|-273.31660472171563|-273.31660472171563|-273.31660472171563|-273.5375789094259|-273.5375789094259|-273.5375789094259|-273.5844386707005|-273.6548952624362|-273.6548952624362|-273.66687905956996|-273.6930031571246|-273.84515539817545|-273.84515539817545|-273.86120221606546|-273.86120221606546|-273.88047924280045|-273.88047924280045|-273.88047924280045|-273.88047924280045|-273.8825353398149|-273.9304207377385|-273.93518058194076|-273.93518058194076|-273.9497129365684|-273.98764956269144|-273.98764956269144|-274.01310070949455|-274.01310070949455|-274.01310070949455|-274.016427075732|-274.016427075732|-274.0882352772134|-274.0882352772134|-274.0882352772134|-274.0882352772134|-274.0882352772134|-274.0882352772134|-274.0882352772134|-274.0882352772134|-274.0898080856247|-274.12683211044435|-274.12683211044435|-274.12683211044435|-274.12683211044435|-274.12683211044435|-274.12683211044435|-274.12683211044435|-274.12683211044435|-274.13220166232344|-274.1432168180035|-274.1432168180035|-274.1484289819418|-274.1484289819418|-274.1484289819418|-274.1484289819418|-274.1484289819418|-274.1484289819418|-274.15338564678325|-274.15338564678325|-274.15338564678325|-274.15338564678325|-274.15875519866233|-274.15875519866233|-274.15875519866233|-274.15875519866233|-274.15875519866233|-274.15875519866233|-274.15875519866233|-274.15875519866233|-274.15875519866233|-274.15875519866233|-274.15918632059214|-274.15918632059214|-274.15918632059214|-274.15918632059214|-274.15918632059214|-274.1602246476237|-274.1602246476237|-274.1602246476237|-274.16164760250825|-274.16164760250825|-274.16164760250825|-274.16164760250825|-274.16164760250825|-274.16164760250825|-274.16207872443806|-274.16207872443806|-274.16207872443806|-274.16207872443806|-274.16207872443806|-274.16207872443806|-274.16207872443806|-274.16207872443806|-274.16207872443806|-274.16207872443806|-274.16216399329875|-274.16216399329875|-274.1622633350529|-274.1622633350529|-274.1622633350529|-274.1622633350529|-274.1622633350529|-274.1622633350529|-274.1622633350529|-274.1622633350529|-274.1622633350529|-274.1622633350529|-274.1622633350529|-274.1622633350529|-274.1622633350529|-274.1622633350529|-274.1622633350529|-274.1622633350529|-274.1622633350529|-274.1622762875956|-274.1622762875956|-274.1622762875956|-274.1622762875956|-274.1622762875956|-274.1622762875956|-274.1622762875956|-274.1622762875956|-274.1622762875956|-274.1622762875956|-274.1622762875956|-274.1622762875956|-274.1622762875956|-274.1622762875956|-274.1622762875956|-274.1622762875956|-274.1622762875956|-274.1622762875956|-274.16260331807484|-274.16260331807484|-274.16260331807484|-274.16260331807484|-274.16260331807484|-274.16260331807484|-274.16260331807484|-274.16260331807484|-274.16260331807484|-274.1626052035051|-274.1626052035051|-274.1626052035051|-274.1626052035051|-274.1626052035051|-274.1626052035051|-274.16261981900516|-274.16261981900516|-274.16261981900516|-274.16261981900516|-274.16261981900516|-274.16261981900516|-274.16261981900516|-274.16261981900516|-274.16261981900516|-274.1628440817113|-274.1628440817113|-274.16285869721133|-274.16285869721133|-274.16285869721133|-274.16285869721133|-274.16285869721133|-274.16285869721133|-274.16285869721133|-274.16285869721133|-274.16285869721133|-274.16285869721133|-274.16285869721133|-274.16285869721133|-274.16285869721133|-274.16285869721133|-274.16285869721133|-274.16285869721133|-274.16285869721133|-274.16285869721133|-274.16285869721133|-274.16285869721133|-274.16285869721133|-274.16285869721133|-274.16285869721133|-274.16285869721133|-274.16285869721133|-274.16285869721133|-274.16285869721133|-274.16285869721133|-274.16285869721133|-274.16285869721133|-274.16285869721133|-274.16285869721133|-274.16285869721133|-274.16285869721133|-274.16285869721133|-274.16285869721133|-274.16285869721133|-274.16285869721133|-274.16285869721133|-274.1628654609962|-274.1628654609962|-274.1629819302974|-274.1629819302974|-274.1629886940823|-274.1629886940823|-274.1629886940823|-274.1629886940823|-274.1629886940823|-274.1629886940823|-274.1629886940823|-274.1629886940823|-274.1629886940823|-274.1629886940823|-274.1629886940823|-274.1629886940823|-274.1629886940823|-274.1629886940823|-274.1629886940823|-274.1629886940823|-274.1629886940823|-274.1629886940823|-274.1629886940823|-274.1629886940823|-274.1629886940823|-274.1629886940823|-274.1630082798222|-274.1630082798222|-274.1630082798222|-274.1630082798222|-274.1630082798222|-274.1630082798222|-274.1630082798222|-274.1630082798222|-274.1630082798222|-274.1630082798222|-274.1630082798222|-274.1630082798222|-274.1630082798222|-274.1630082798222|-274.1630082798222|-274.1630082798222|-274.1630082798222|-274.1630082798222|-274.1630082798222|-274.1630082798222|-274.1630082798222|-274.1630082798222|-274.1630082798222|-274.1630082798222|-274.1630082798222|-274.1630082798222|-274.1630082798222|-274.1630082798222|-274.1630082798222|-274.1630082798222|-274.1630082798222|-274.1630082798222|-274.1630082798222|-274.1630082798222|-274.1630082798222|-274.1630082798222|-274.1630082798222|-274.1630082798222|-274.1630082798222|-274.1630082798222|-274.1630082798222|-274.1630082798222|-274.1630082798222|-274.1630082798222|-274.1630082798222|-274.1630082798222|-274.1630082798222|-274.1630082798222|-274.1630082798222|-274.1630082798222
population_200,17,200,300,5,0.5,10,70,117,10117,60200,-274.16298390312477,-2.904750057402197,-2.9035884637252716,-2.904126460712082,-2.906277149105586,-2.904046262636792,-2.9029932072506464,-2.9040437746249004,-236.42835638028427,-3.1025292405040017,-2.671570470966592,2.2204883552699437,-2.4397780267212967,2.8341867529175886,-3.1593198156136335,-2.9666901106257537,-184.79190992505482|-184.79190992505482|-198.97966450204706|-209.48319071624525|-211.9094804628217|-220.03241807723907|-229.47349623572742|-229.47349623572742|-232.14957405359178|-234.5675799057723|-245.94859282463435|-247.7189817107344|-259.90556999998023|-259.90556999998023|-266.06374219842814|-272.72187864870017|-272.72187864870017|-272.72187864870017|-272.72187864870017|-272.72187864870017|-273.18978840572095|-273.18978840572095|-273.18978840572095|-273.2880476700068|-273.2880476700068|-273.53730223556727|-273.91350135230323|-273.951219255148|-273.951219255148|-273.951219255148|-273.951219255148|-273.951219255148|-273.951219255148|-273.9565563422467|-273.9565563422467|-274.04012594187634|-274.04012594187634|-274.04012594187634|-274.04012594187634|-274.04012594187634|-274.0454630289751|-274.0454630289751|-274.1146069094506|-274.1146069094506|-274.1146069094506|-274.1146069094506|-274.1146069094506|-274.1239349499468|-274.1239349499468|-274.1239349499468|-274.1239349499468|-274.1239349499468|-274.1239349499468|-274.1239349499468|-274.1239349499468|-274.1239349499468|-274.1239349499468|-274.1239349499468|-274.1239349499468|-274.12572252759736|-274.13567905133937|-274.13567905133937|-274.13567905133937|-274.13567905133937|-274.13746662898996|-274.13746662898996|-274.13904494289267|-274.13904494289267|-274.13904494289267|-274.13904494289267|-274.14083252054326|-274.14083252054326|-274.14083252054326|-274.1445204205961|-274.1445204205961|-274.1445204205961|-274.1445204205961|-274.1486953453926|-274.1486953453926|-274.1486953453926|-274.1486953453926|-274.1486953453926|-274.1486953453926|-274.1486953453926|-274.1487398338042|-274.1487398338042|-274.1487398338042|-274.15781931386203|-274.15781931386203|-274.1597078935146|-274.1597078935146|-274.1597078935146|-274.1597078935146|-274.1597078935146|-274.1597078935146|-274.1597078935146|-274.1597078935146|-274.1597078935146|-274.1607475201909|-274.1607475201909|-274.1607475201909|-274.16113114832456|-274.16113114832456|-274.16113114832456|-274.16113114832456|-274.16113114832456|-274.16113114832456|-274.16141644797796|-274.16141644797796|-274.16141644797796|-274.16141644797796|-274.16141644797796|-274.16141644797796|-274.16141644797796|-274.16141644797796|-274.16141644797796|-274.16141644797796|-274.16141644797796|-274.16141644797796|-274.16141644797796|-274.16141644797796|-274.16141644797796|-274.16141644797796|-274.16141644797796|-274.1618975267821|-274.1618975267821|-274.1618975267821|-274.1618975267821|-274.1618975267821|-274.1618975267821|-274.1618975267821|-274.1618975267821|-274.1618975267821|-274.1618975267821|-274.1618975267821|-274.1618975267821|-274.1618975267821|-274.16194921881106|-274.16194921881106|-274.16194921881106|-274.16194921881106|-274.16194921881106|-274.16194921881106|-274.16194921881106|-274.16194921881106|-274.16194921881106|-274.16194921881106|-274.16257940882923|-274.16257940882923|-274.16257940882923|-274.16257940882923|-274.16257940882923|-274.16257940882923|-274.16257940882923|-274.1626311008581|-274.1626311008581|-274.1626311008581|-274.1626311008581|-274.1626311008581|-274.162793232276|-274.162793232276|-274.162793232276|-274.162793232276|-274.162793232276|-274.162793232276|-274.162793232276|-274.162793232276|-274.162793232276|-274.162793232276|-274.162793232276|-274.162793232276|-274.162793232276|-274.162793232276|-274.162793232276|-274.162793232276|-274.162793232276|-274.162793232276|-274.1628203622428|-274.1628203622428|-274.1628203622428|-274.1628203622428|-274.1628203622428|-274.1628203622428|-274.1628203622428|-274.1628203622428|-274.1628203622428|-274.1628203622428|-274.1628203622428|-274.1628203622428|-274.1628203622428|-274.1628203622428|-274.1628203622428|-274.1628203622428|-274.1628203622428|-274.1628203622428|-274.1628203622428|-274.16292435784004|-274.16292435784004|-274.16292435784004|-274.16292435784004|-274.16292435784004|-274.16292435784004|-274.16292435784004|-274.16292435784004|-274.16292435784004|-274.16292435784004|-274.16292435784004|-274.16292435784004|-274.16292435784004|-274.16292435784004|-274.16292435784004|-274.16292435784004|-274.16292435784004|-274.16292435784004|-274.16292435784004|-274.16292435784004|-274.16292435784004|-274.16292435784004|-274.16292435784004|-274.16292435784004|-274.16298318757225|-274.16298318757225|-274.16298318757225|-274.16298318757225|-274.16298318757225|-274.16298318757225|-274.16298318757225|-274.16298318757225|-274.16298318757225|-274.16298318757225|-274.16298318757225|-274.16298318757225|-274.16298318757225|-274.16298318757225|-274.16298318757225|-274.16298318757225|-274.16298318757225|-274.16298318757225|-274.16298318757225|-274.16298318757225|-274.16298318757225|-274.16298318757225|-274.16298318757225|-274.16298318757225|-274.16298318757225|-274.16298318757225|-274.16298390312477|-274.16298390312477|-274.16298390312477|-274.16298390312477|-274.16298390312477|-274.16298390312477|-274.16298390312477|-274.16298390312477|-274.16298390312477|-274.16298390312477|-274.16298390312477|-274.16298390312477|-274.16298390312477|-274.16298390312477|-274.16298390312477|-274.16298390312477|-274.16298390312477|-274.16298390312477|-274.16298390312477|-274.16298390312477|-274.16298390312477|-274.16298390312477|-274.16298390312477|-274.16298390312477|-274.16298390312477|-274.16298390312477|-274.16298390312477|-274.16298390312477|-274.16298390312477|-274.16298390312477|-274.16298390312477|-274.16298390312477|-274.16298390312477|-274.16298390312477|-274.16298390312477|-274.16298390312477|-274.16298390312477|-274.16298390312477|-274.16298390312477|-274.16298390312477|-274.16298390312477|-274.16298390312477|-274.16298390312477|-274.16298390312477|-274.16298390312477|-274.16298390312477|-274.16298390312477|-274.16298390312477|-274.16298390312477|-274.16298390312477|-274.16298390312477|-274.16298390312477|-274.16298390312477|-274.16298390312477|-274.16298390312477
population_200,18,200,300,5,0.5,10,70,118,10118,60200,-274.1627981330836,-2.903708879064884,-2.8994062758750703,-2.9038602634658037,-2.9030428147324057,-2.904214802628451,-2.903145499784141,-2.9052410707863388,-236.46323752881253,-1.7259147277115505,2.981593113363946,-3.0449036810722516,-3.083201554547631,-2.2381977368359705,-2.820038990655951,-2.8218480246707256,-184.5072913174392|-195.33014639053226|-198.39698823337167|-198.39698823337167|-223.98340116521828|-224.19182148867674|-236.07174673332196|-236.07174673332196|-249.59320817321276|-266.9100245893491|-267.54699815536407|-267.54699815536407|-270.8967456122159|-270.8967456122159|-271.24284067965107|-271.24284067965107|-271.88425780480384|-271.88425780480384|-271.88425780480384|-272.0512362357899|-272.0512362357899|-272.73758463305626|-272.73758463305626|-273.0387484283778|-273.0387484283778|-273.08673605403135|-273.08673605403135|-273.40291907589324|-273.40291907589324|-273.40291907589324|-273.59412993463087|-273.71135910754305|-273.71135910754305|-273.71135910754305|-273.71135910754305|-273.71135910754305|-273.78945673205607|-273.78945673205607|-273.78945673205607|-273.8160832320915|-273.89255680937697|-273.9823747453207|-273.9823747453207|-273.9823747453207|-274.015478695397|-274.015478695397|-274.015478695397|-274.015478695397|-274.07243135421766|-274.07243135421766|-274.07243135421766|-274.07243135421766|-274.07243135421766|-274.07425260801625|-274.07425260801625|-274.07425260801625|-274.07425260801625|-274.09105797077143|-274.09105797077143|-274.09786799845625|-274.09786799845625|-274.09786799845625|-274.09786799845625|-274.09786799845625|-274.09786799845625|-274.11649461501|-274.11649461501|-274.11649461501|-274.11649461501|-274.11649461501|-274.1330200174984|-274.1330200174984|-274.1350024689474|-274.1350024689474|-274.1350024689474|-274.1350024689474|-274.1350024689474|-274.1350024689474|-274.1350024689474|-274.1350024689474|-274.1416627833702|-274.1416627833702|-274.1416627833702|-274.1416627833702|-274.1416627833702|-274.1436452348192|-274.1436452348192|-274.1436452348192|-274.14432994256777|-274.14432994256777|-274.14432994256777|-274.14432994256777|-274.14432994256777|-274.14432994256777|-274.14432994256777|-274.14432994256777|-274.14792721850216|-274.14792721850216|-274.14792721850216|-274.14792721850216|-274.14792721850216|-274.14861192625074|-274.14861192625074|-274.14861192625074|-274.15015815214593|-274.15015815214593|-274.15015815214593|-274.15015815214593|-274.15131415969915|-274.15131415969915|-274.15491143563355|-274.1571423692774|-274.1571717885028|-274.1571717885028|-274.158718014398|-274.15976461832486|-274.15976461832486|-274.15976461832486|-274.15976461832486|-274.15976461832486|-274.15976461832486|-274.15976461832486|-274.15976461832486|-274.15976461832486|-274.15976461832486|-274.15976461832486|-274.15976461832486|-274.15976461832486|-274.15976461832486|-274.15976461832486|-274.15976461832486|-274.16048424204814|-274.1607569525968|-274.1607569525968|-274.1607569525968|-274.1607569525968|-274.1607569525968|-274.1607569525968|-274.16147657632007|-274.16147657632007|-274.16147657632007|-274.16147657632007|-274.16147657632007|-274.16147657632007|-274.1615860666194|-274.1615860666194|-274.1615860666194|-274.1615860666194|-274.1615860666194|-274.1615860666194|-274.1615860666194|-274.1615860666194|-274.1615860666194|-274.1615860666194|-274.1615860666194|-274.1615860666194|-274.1615860666194|-274.1615860666194|-274.1615860666194|-274.1615860666194|-274.1621803574521|-274.1621803574521|-274.1621803574521|-274.1621803574521|-274.1621803574521|-274.1621803574521|-274.1621803574521|-274.1621803574521|-274.1621803574521|-274.1621803574521|-274.1621803574521|-274.1621803574521|-274.1621803574521|-274.1621803574521|-274.1621803574521|-274.1621803574521|-274.1621803574521|-274.1621803574521|-274.1622366116206|-274.1622366116206|-274.1622366116206|-274.1622366116206|-274.1622366116206|-274.1622366116206|-274.1624418397719|-274.1624418397719|-274.1624418397719|-274.1624418397719|-274.1624418397719|-274.16249809394037|-274.16249809394037|-274.16249809394037|-274.16249809394037|-274.16249809394037|-274.16249809394037|-274.16249809394037|-274.16249809394037|-274.16249809394037|-274.16249809394037|-274.16249809394037|-274.16249809394037|-274.1625319644468|-274.1625319644468|-274.1625319644468|-274.1625319644468|-274.1625319644468|-274.1625319644468|-274.1625319644468|-274.16260655105077|-274.16260655105077|-274.16260655105077|-274.16260655105077|-274.16260655105077|-274.16266101485644|-274.16276947196684|-274.16276947196684|-274.16276947196684|-274.16276947196684|-274.16276947196684|-274.16276947196684|-274.16276947196684|-274.16276947196684|-274.16276947196684|-274.16276947196684|-274.16276947196684|-274.16276947196684|-274.16276947196684|-274.16276947196684|-274.16276947196684|-274.16276947196684|-274.16276947196684|-274.16276947196684|-274.16276947196684|-274.16276947196684|-274.16276947196684|-274.16276947196684|-274.16276947196684|-274.16276947196684|-274.16276947196684|-274.16276947196684|-274.16276947196684|-274.16276947196684|-274.16276947196684|-274.16276947196684|-274.16276947196684|-274.16276947196684|-274.16276947196684|-274.16276947196684|-274.16276947196684|-274.16276947196684|-274.16276947196684|-274.16276947196684|-274.16276947196684|-274.16276947196684|-274.16276947196684|-274.16276947196684|-274.16276947196684|-274.16276947196684|-274.16276947196684|-274.16276947196684|-274.16276947196684|-274.16276947196684|-274.16276947196684|-274.16276947196684|-274.16277514549415|-274.16277514549415|-274.16277514549415|-274.16277514549415|-274.16277514549415|-274.16277514549415|-274.16277514549415|-274.16277514549415|-274.16277514549415|-274.16277514549415|-274.16277514549415|-274.16277514549415|-274.16277514549415|-274.16277514549415|-274.16277514549415|-274.16277514549415|-274.16277514549415|-274.16277514549415|-274.16277514549415|-274.16277514549415|-274.16277514549415|-274.16277514549415|-274.16277514549415|-274.16277514549415|-274.16277514549415|-274.16277514549415|-274.16277514549415|-274.16277514549415|-274.16277514549415|-274.16277514549415|-274.16277514549415|-274.16277514549415|-274.16277514549415|-274.1627981330836|-274.1627981330836|-274.1627981330836|-274.1627981330836
population_200,19,200,300,5,0.5,10,70,119,10119,60200,-274.16294688901365,-2.903720555154798,-2.9049388593936945,-2.9040391611280936,-2.904620486823452,-2.9034377295174076,-2.9005553055827624,-2.9034911082580295,-231.50654256582976,-2.44541153570775,-2.424569308549743,-3.1686956656030487,-3.0600567785043498,3.202563858103435,-2.4959773498604134,2.8233570586426895,-216.0487207475512|-216.0487207475512|-216.0487207475512|-216.0487207475512|-216.11531042476435|-252.41615152531836|-252.41615152531836|-259.3247139597318|-259.3247139597318|-259.3247139597318|-265.8399886090865|-265.8399886090865|-268.01619686382344|-268.01619686382344|-268.2604090922855|-268.2604090922855|-270.40530803277574|-270.40530803277574|-271.3895251181659|-271.3895251181659|-271.3895251181659|-271.3895251181659|-272.0884658912515|-273.2725157583286|-273.2725157583286|-273.2725157583286|-273.2725157583286|-273.6265680944885|-273.6265680944885|-273.6265680944885|-273.6265680944885|-273.6650007237679|-273.87116899606895|-273.87116899606895|-273.87116899606895|-273.97643989489717|-273.97643989489717|-274.0769965038165|-274.0769965038165|-274.0769965038165|-274.0769965038165|-274.0870316750878|-274.0870316750878|-274.0870316750878|-274.0870316750878|-274.0870316750878|-274.0870316750878|-274.0870316750878|-274.0870316750878|-274.0870316750878|-274.0870316750878|-274.0870316750878|-274.09019018057023|-274.09019018057023|-274.1401346609374|-274.1401346609374|-274.1401346609374|-274.1401346609374|-274.1401346609374|-274.1401346609374|-274.1401346609374|-274.1401346609374|-274.1401346609374|-274.1401346609374|-274.1401346609374|-274.1432931664198|-274.1432931664198|-274.1432931664198|-274.1432931664198|-274.15021975849334|-274.15021975849334|-274.15021975849334|-274.15021975849334|-274.1512332603688|-274.1512332603688|-274.1512332603688|-274.1512332603688|-274.1540957902758|-274.1540957902758|-274.1540957902758|-274.1540957902758|-274.1540957902758|-274.1540957902758|-274.1554318347248|-274.1572542957582|-274.15859034020724|-274.15859034020724|-274.15859034020724|-274.15859034020724|-274.15859034020724|-274.15859034020724|-274.15859034020724|-274.15859034020724|-274.15859034020724|-274.15859034020724|-274.15859034020724|-274.15859034020724|-274.15859034020724|-274.15859034020724|-274.15859034020724|-274.15859034020724|-274.15859034020724|-274.15859034020724|-274.15859034020724|-274.15859034020724|-274.15859034020724|-274.15859034020724|-274.15859034020724|-274.15859034020724|-274.15859034020724|-274.15859034020724|-274.15859034020724|-274.15859034020724|-274.15859034020724|-274.15859034020724|-274.15859034020724|-274.15859034020724|-274.15859034020724|-274.15903921027683|-274.15903921027683|-274.15903921027683|-274.15903921027683|-274.15903921027683|-274.15903921027683|-274.15903921027683|-274.15903921027683|-274.15903921027683|-274.15903921027683|-274.15903921027683|-274.15903921027683|-274.15903921027683|-274.15903921027683|-274.15903921027683|-274.15903921027683|-274.1608361320348|-274.1608361320348|-274.1608361320348|-274.1608361320348|-274.1608361320348|-274.16128500210436|-274.16128500210436|-274.16128500210436|-274.1620715482547|-274.1620715482547|-274.1620715482547|-274.1620715482547|-274.1620715482547|-274.1620715482547|-274.1620715482547|-274.1623762491153|-274.1623762491153|-274.1623762491153|-274.1623762491153|-274.1623762491153|-274.1623762491153|-274.1623762491153|-274.1623762491153|-274.1623762491153|-274.1623762491153|-274.1623762491153|-274.1623762491153|-274.1623762491153|-274.1623762491153|-274.1623762491153|-274.1623762491153|-274.1623762491153|-274.1623762491153|-274.1623762491153|-274.1623762491153|-274.1623762491153|-274.1623762491153|-274.1623762491153|-274.1623762491153|-274.1623762491153|-274.1623762491153|-274.1623762491153|-274.1623762491153|-274.1623762491153|-274.1623762491153|-274.1623762491153|-274.1623762491153|-274.1623762491153|-274.1623762491153|-274.1623762491153|-274.1623762491153|-274.1623762491153|-274.1623762491153|-274.1623762491153|-274.1623762491153|-274.1623762491153|-274.1623762491153|-274.1623762491153|-274.1623762491153|-274.1623762491153|-274.1623762491153|-274.1623762491153|-274.1623762491153|-274.1623762491153|-274.1623762491153|-274.1623762491153|-274.1623762491153|-274.1625172545812|-274.1625172545812|-274.1625172545812|-274.1625172545812|-274.1625172545812|-274.16274299208595|-274.16274299208595|-274.16274299208595|-274.16274299208595|-274.16274299208595|-274.16274299208595|-274.16274299208595|-274.16274299208595|-274.16274299208595|-274.16274299208595|-274.16274299208595|-274.16274299208595|-274.16274299208595|-274.16274299208595|-274.16274299208595|-274.16274299208595|-274.16274299208595|-274.16274299208595|-274.16274299208595|-274.16274299208595|-274.16274299208595|-274.16274299208595|-274.16274299208595|-274.16274299208595|-274.16274299208595|-274.16274299208595|-274.16274299208595|-274.16274299208595|-274.16274299208595|-274.16274299208595|-274.16274299208595|-274.16274299208595|-274.16274299208595|-274.16274299208595|-274.16274299208595|-274.16274299208595|-274.16274299208595|-274.16274299208595|-274.16274299208595|-274.16274299208595|-274.16274299208595|-274.16274299208595|-274.16274299208595|-274.16274299208595|-274.16274299208595|-274.16274299208595|-274.16274299208595|-274.16274299208595|-274.16274299208595|-274.16274299208595|-274.16274299208595|-274.16274299208595|-274.16274299208595|-274.16274299208595|-274.16274299208595|-274.16274299208595|-274.16274299208595|-274.16274299208595|-274.16274299208595|-274.16274299208595|-274.16274299208595|-274.16274299208595|-274.16274299208595|-274.16274299208595|-274.16274299208595|-274.16274299208595|-274.16274299208595|-274.16274299208595|-274.16274299208595|-274.16274299208595|-274.16274299208595|-274.16274299208595|-274.16274299208595|-274.16276421023593|-274.16276421023593|-274.16276421023593|-274.16276421023593|-274.16276421023593|-274.1629256708637|-274.1629256708637|-274.1629256708637|-274.1629256708637|-274.1629256708637|-274.1629256708637|-274.16294688901365|-274.16294688901365|-274.16294688901365|-274.16294688901365|-274.16294688901365|-274.16294688901365|-274.16294688901365|-274.16294688901365|-274.16294688901365|-274.16294688901365|-274.16294688901365
population_200,20,200,300,5,0.5,10,70,120,10120,60200,-260.02602900880873,-2.903483226787899,-2.901265793122247,-2.900808661579784,-2.9068744787969254,-2.9032839307767375,2.746651117054096,-2.9035741254446683,-250.43273829498628,-3.427857845836426,-3.2930389776203395,-3.0008916015197973,-2.48207606130205,-2.08165099876479,-2.4057452591293185,-2.8707185682875167,-190.64521519679536|-190.64521519679536|-190.64521519679536|-190.64521519679536|-223.4089868633188|-230.74503337621618|-230.74503337621618|-231.8016093360657|-239.23399690276736|-241.65353184298039|-244.12096674671227|-249.6651380402183|-249.7591197639725|-250.1961838638801|-250.1961838638801|-252.72432291394512|-252.72432291394512|-252.72432291394512|-254.7530553839138|-254.7530553839138|-255.4143950206928|-255.4143950206928|-257.7031306751446|-257.7031306751446|-258.24132873740433|-258.24132873740433|-259.1634201052677|-259.1634201052677|-259.1634201052677|-259.1634201052677|-259.20683610845344|-259.2165744170063|-259.5379101940911|-259.5379101940911|-259.5379101940911|-259.5545995894058|-259.5545995894058|-259.5545995894058|-259.6932239492275|-259.6932239492275|-259.71266086788955|-259.71266086788955|-259.7248044395644|-259.7345644066975|-259.7345644066975|-259.828830556141|-259.828830556141|-259.8834193956767|-259.8834193956767|-259.8834193956767|-259.8834193956767|-259.8834193956767|-259.88914111374396|-259.8915162152476|-259.90195897848844|-259.9260776628761|-259.9260776628761|-259.9260776628761|-259.9260776628761|-259.9387883577266|-259.93889552762056|-259.9474794422439|-259.9474794422439|-259.9474794422439|-259.9757249068587|-259.9757249068587|-259.9757249068587|-259.9757249068587|-259.9757249068587|-259.9757249068587|-259.983982918695|-259.983982918695|-259.983982918695|-259.983982918695|-259.9840138175928|-259.9840138175928|-259.9870041638913|-259.9870041638913|-259.99295158513866|-259.9946411263171|-259.9946483348221|-259.9946483348221|-259.9946483348221|-259.9946483348221|-260.00360979276076|-260.00360979276076|-260.00530654244415|-260.00530654244415|-260.00530654244415|-260.00530654244415|-260.00530654244415|-260.00530654244415|-260.0142752088878|-260.0142752088878|-260.0142752088878|-260.0142752088878|-260.0142752088878|-260.0142752088878|-260.0142752088878|-260.0142752088878|-260.0142752088878|-260.0143418687246|-260.0143418687246|-260.0143418687246|-260.0143418687246|-260.0143418687246|-260.0143418687246|-260.0143418687246|-260.0143418687246|-260.0143418687246|-260.0143418687246|-260.0143418687246|-260.01462860085684|-260.01462860085684|-260.01462860085684|-260.01462860085684|-260.01462860085684|-260.01462860085684|-260.01462860085684|-260.01462860085684|-260.01462860085684|-260.01462860085684|-260.0244887379408|-260.0244887379408|-260.024775470073|-260.024775470073|-260.024775470073|-260.024775470073|-260.024775470073|-260.024775470073|-260.024775470073|-260.024775470073|-260.024775470073|-260.024775470073|-260.024775470073|-260.024775470073|-260.024775470073|-260.024775470073|-260.024775470073|-260.024775470073|-260.024775470073|-260.024775470073|-260.024775470073|-260.024775470073|-260.024775470073|-260.024775470073|-260.024775470073|-260.024775470073|-260.024775470073|-260.024775470073|-260.024775470073|-260.02488995586657|-260.0249301642514|-260.0249301642514|-260.0249301642514|-260.0249301642514|-260.0249301642514|-260.02504465004495|-260.02504465004495|-260.02504465004495|-260.02504465004495|-260.02504465004495|-260.02504465004495|-260.02504465004495|-260.02504465004495|-260.02504465004495|-260.02504465004495|-260.02504465004495|-260.02504465004495|-260.02504465004495|-260.02504465004495|-260.02504465004495|-260.02504465004495|-260.02504465004495|-260.02504465004495|-260.02504465004495|-260.02504465004495|-260.0255949503576|-260.0255949503576|-260.0255949503576|-260.0255949503576|-260.0255949503576|-260.0255949503576|-260.0255949503576|-260.0258293927774|-260.0258293927774|-260.0258293927774|-260.0258293927774|-260.0258293927774|-260.0258293927774|-260.0258293927774|-260.0258293927774|-260.0258293927774|-260.0258293927774|-260.0258293927774|-260.0258293927774|-260.0258293927774|-260.0258293927774|-260.0258293927774|-260.0258293927774|-260.0258293927774|-260.0258293927774|-260.0258293927774|-260.0258293927774|-260.0258293927774|-260.0258293927774|-260.02583259781136|-260.02583259781136|-260.02583259781136|-260.02583259781136|-260.02583259781136|-260.02583259781136|-260.02583259781136|-260.02583259781136|-260.02583259781136|-260.02583259781136|-260.02583259781136|-260.02583259781136|-260.02583259781136|-260.02583259781136|-260.02583259781136|-260.02583259781136|-260.02583259781136|-260.02583259781136|-260.02583259781136|-260.02583259781136|-260.02583259781136|-260.02583259781136|-260.02583259781136|-260.02583259781136|-260.02583259781136|-260.02583259781136|-260.02583259781136|-260.02583259781136|-260.02583259781136|-260.02583259781136|-260.02583259781136|-260.02583259781136|-260.02583259781136|-260.02583259781136|-260.02583259781136|-260.02583259781136|-260.02583259781136|-260.02583259781136|-260.02583259781136|-260.02583259781136|-260.02583259781136|-260.02583259781136|-260.02583259781136|-260.02583259781136|-260.02583259781136|-260.02583259781136|-260.02583259781136|-260.02583259781136|-260.02583259781136|-260.02583259781136|-260.02583259781136|-260.02583259781136|-260.0260069160416|-260.0260069160416|-260.0260069160416|-260.0260069160416|-260.0260069160416|-260.0260069160416|-260.0260069160416|-260.0260069160416|-260.0260069160416|-260.0260069160416|-260.0260069160416|-260.0260069160416|-260.0260069160416|-260.02602900880873|-260.02602900880873|-260.02602900880873|-260.02602900880873|-260.02602900880873|-260.02602900880873|-260.02602900880873|-260.02602900880873|-260.02602900880873|-260.02602900880873|-260.02602900880873|-260.02602900880873|-260.02602900880873|-260.02602900880873|-260.02602900880873|-260.02602900880873|-260.02602900880873|-260.02602900880873|-260.02602900880873|-260.02602900880873|-260.02602900880873|-260.02602900880873|-260.02602900880873|-260.02602900880873|-260.02602900880873|-260.02602900880873|-260.02602900880873|-260.02602900880873|-260.02602900880873|-260.02602900880873
